01_KRISSTOPS,011_KRISSTOPS_AUD_F_v01.mov,30,11,1,AUD_F
,014_KRISSTOPS_RIB_F_v01.mov,30,14,10,RIB_F
,018_KRISSTOPS_SCB_v01.mov,30,18,17,SCB
02_LETS_GO_MAVS_SUPER8,021_LETS_GO_MAVS_SUPER8_AUD_F_v01.mov,30,21,1,AUD_F
,024_LETS_GO_MAVS_SUPER8_RIB_F_v01.mov,30,24,10,RIB_F
,028_LETS_GO_MAVS_SUPER8_SCB_v01.mov,30,28,17,SCB
03_DEFENSE_SUPER8,031_DEFENSE_SUPER8_AUD_F_v01.mov,30,31,1,AUD_F
,034_DEFENSE_SUPER8_RIB_F_v01.mov,30,34,10,RIB_F
,038_DEFENSE_SUPER8_SCB_v01.mov,30,38,17,SCB
04_1800_MAXI_K_3POINTER,041_1800_MAXI_K_3POINTER_AUD_F_v01.mov,30,41,1,AUD_F
,044_1800_MAXI_K_3POINTER_RIB_F_v01.mov,30,44,10,RIB_F
,048_1800_MAXI_K_3POINTER_SCB_v01.mov,30,48,17,SCB
05_ONFIRE,051_OnFire_AUD_F_v01.mov,30,51,1,AUD_F
,054_OnFire_RIB_F_v01.mov,30,54,10,RIB_F
,058_OnFire_SCB_v01.mov,30,58,17,SCB
00_TIPOFFHYPE,000_TipoffHype_AUDIO_v01.mov,34,0,24,AUDIO
,008_TipoffHype_SCB_v01.mov,34,8,17,SCB
01_TIPOFFHYPE,010_TipoffHype_AUDIO_v01.mov,34,10,24,AUDIO
,018_TipoffHype_SCB_v01.mov,34,18,17,SCB
02_DOMINATEHYPE,020_DominateHype_AUDIO_v01.mov,34,20,24,AUDIO
,028_DominateHype_SCB_v01.mov,34,28,17,SCB
03_IGOTITHYPE,030_IGotItHype_AUDIO_v01.mov,34,30,24,AUDIO
,038_IGotItHype_SCB_v01.mov,34,38,17,SCB
06_CantStopTheFeeling,060_CantStopTheFeeling_AUDIO_v01.mov,34,60,24,AUDIO
,068_CantStopTheFeeling_SCB_v01.mov,34,68,17,SCB
07_DelPool,070_DelPool_AUDIO_v01.mov,34,70,24,AUDIO
,078_DelPool_SCB_v01.mov,34,78,17,SCB
08_EuroStepBrothers,080_EuroStepBrothers_AUDIO_v01.mov,34,80,24,AUDIO
,088_EuroStepBrothers_SCB_v01.mov,34,88,17,SCB
09_Footloose,090_Footloose_AUDIO_v01.mov,34,90,24,AUDIO
,098_Footloose_SCB_v01.mov,34,98,17,SCB
10_GameNightFever,100_GameNightFever_AUDIO_v01.mov,34,100,24,AUDIO
,108_GameNightFever_SCB_v01.mov,34,108,17,SCB
11_JuanWick,110_JuanWick_AUDIO_v01.mov,34,110,24,AUDIO
,118_JuanWick_SCB_v01.mov,34,118,17,SCB
12_Mavalorian,120_Mavalorian_AUDIO_v01.mov,34,120,24,AUDIO
,128_Mavalorian_SCB_v01.mov,34,128,17,SCB
13_THJCreed,130_THJCreed_AUDIO_v01.mov,34,130,24,AUDIO
,138_THJCreed_SCB_v01.mov,34,138,17,SCB
14_TopGunMaverick,140_TopGunMaverick_AUDIO_v01.mov,34,140,24,AUDIO
,148_TopGunMaverick_SCB_v01.mov,34,148,17,SCB
15_Twins,150_Twins_AUDIO_v01.mov,34,150,24,AUDIO
,158_Twins_SCB_v01.mov,34,158,17,SCB
16_WildCrazyGuys,160_WildCrazyGuys_AUDIO_v01.mov,34,160,24,AUDIO
,168_WildCrazyGuys_SCB_v01.mov,34,168,17,SCB
17_HotTimeout,171_HotTimeout_AUD_F_v01.mov,34,171,1,AUD_F
,174_HotTimeout_RIB_F_v01.mov,34,174,10,RIB_F
00_StormIntro,000_DALStormIntro_AUDIO_v01.mov,36,0,24,AUDIO
,004_DALStormIntro_RIB_F_v01.mov,36,4,10,RIB_F
,008_DALStormIntro_SCB_v01.mov,36,8,17,SCB
