00_Primary_ScreenSaver,001_Primary_ScreenSaver_AUD_F_v00.mov,42,1,1,AUD_F
,004_Primary_ScreenSaver_RIB_F_v01.mov,42,4,10,RIB_F
,008_Primary_ScreenSaver_SCB_v00.mov,42,8,17,SCB
01_Skyline_ScreenSaver,011_Skyline_ScreenSaver_AUD_F_v00.mov,42,11,1,AUD_F
,014_Skyline_ScreenSaver_RIB_F_v01.mov,42,14,10,RIB_F
,018_Skyline_ScreenSaver_SCB_v00.mov,42,18,17,SCB
02_MHC_ScreenSaver,021_MHC_ScreenSaver_AUD_F_v00.mov,42,21,1,AUD_F
,024_MHC_ScreenSaver_RIB_F_v01.mov,42,24,10,RIB_F
,028_MHC_ScreenSaver_SCB_v00.mov,42,28,17,SCB
00_LookFeel_Open,000_LookFeel_Open_AUDIO_v00.mov,44,0,24,AUDIO
,001_LookFeel_Open_AUD_F_v01.mov,44,1,1,AUD_F
,004_LookFeel_Open_RIB_F_v01.mov,44,4,10,RIB_F
,008_LookFeel_Open_SCB_v00.mov,44,8,17,SCB
01_4thQtr_Pumper,010_4thQtr_Pumper_AUDIO_v00.mov,44,10,24,AUDIO
,011_4thQtr_Pumper_AUD_F_v00.mov,44,11,1,AUD_F
,014_4thQtr_Pumper_RIB_F_v01.mov,44,14,10,RIB_F
,018_4thQtr_Pumper_SCB_v00.mov,44,18,17,SCB
02_MHC_Open,020_MHC_Open_AUDIO_v00.mov,44,20,24,AUDIO
,021_MHC_Open_AUD_F_v01.mov,44,21,1,AUD_F
,024_MHC_Open_RIB_F_v01.mov,44,24,10,RIB_F
,028_MHC_Open_SCB_v00.mov,44,28,17,SCB
03_NicknamePumper,030_NicknamePumper_AUDIO_v00.mov,44,30,24,AUDIO
,031_NicknamePumper_AUD_F_v00.mov,44,31,1,AUD_F
,034_NicknamePumper_RIB_F_v00.mov,44,34,10,RIB_F
,038_NicknamePumper_SCB_v00.mov,44,38,17,SCB
04_PineapplePumper,040_PineapplePumper_AUDIO_v00.mov,44,40,24,AUDIO
,048_PineapplePumper_SCB_v00.mov,44,48,17,SCB
00_Barton5,008_Barton5_SCB_v00.mov,46,8,17,SCB
01_Bol10,018_Bol10_SCB_v00.mov,46,18,17,SCB
02_Cancar31,028_Cancar31_SCB_v00.mov,46,28,17,SCB
03_Cook34,038_Cook34_SCB_v00.mov,46,38,17,SCB
04_Craig3,048_Craig3_SCB_v00.mov,46,48,17,SCB
05_Dozier,058_Dozier35_SCB_v00.mov,46,58,17,SCB
06_Grant9,068_Grant9_SCB_v00.mov,46,68,17,SCB
07_Harris14,078_Harris14_SCB_v00.mov,46,78,17,SCB
08_Jokic15,088_Jokic15_SCB_v00.mov,46,88,17,SCB
09_MaloneHC,098_MaloneHC_SCB_v00.mov,46,98,17,SCB
10_Millsap4,108_Millsap4_SCB_v00.mov,46,108,17,SCB
11_Morris11,118_Morris11_SCB_v00.mov,46,118,17,SCB
12_Murray27,128_Murray27_SCB_v00.mov,46,128,17,SCB
13_Plumlee7,138_Plumlee7_SCB_v00.mov,46,138,17,SCB
14_Porter1,148_Porter1_SCB_v00.mov,46,148,17,SCB
