00_MakeNoise,001_MakeNoise_AUD_F_v01.mov,150,1,1,AUD_F
,004_MakeNoise_RIB_F_v01.mov,150,4,10,RIB_F
,008_MakeNoise_SCB_v01.mov,150,8,17,SCB
01_MakeNoise-Still,011_MakeNoise_Still_AUD_F_v01.mov,150,11,1,AUD_F
,014_MakeNoise_Still_RIB_F_v01.mov,150,14,10,RIB_F
,018_MakeNoise_Still_SCB_v01.mov,150,18,17,SCB
02_LetsGo,020_LetsGo_AUDIO_v01.mov,150,20,24,AUDIO
,021_LetsGo_AUD_F_v01.mov,150,21,1,AUD_F
,024_LetsGo_RIB_F_v01.mov,150,24,10,RIB_F
,028_LetsGo_SCB_v01.mov,150,28,17,SCB
03_LetsGo-Still,031_LetsGo_Still_AUD_F_v01.mov,150,31,1,AUD_F
,034_LetsGo_Still_RIB_F_v01.mov,150,34,10,RIB_F
,038_LetsGo_Still_SCB_v01.mov,150,38,17,SCB
04_Defense,040_Defense_AUDIO_v01.mov,150,40,24,AUDIO
,041_Defense_AUD_F_v01.mov,150,41,1,AUD_F
,044_Defense_RIB_F_v01.mov,150,44,10,RIB_F
,048_Defense_SCB_v01.mov,150,48,17,SCB
05_Defense-Still,051_Defense-Still_AUD_F_v01.mov,150,51,1,AUD_F
,054_Defense-Still_RIB_F_v01.mov,150,54,10,RIB_F
,058_Defense-Still_SCB_v01.mov,150,58,17,SCB
00_Open01,000_Open01_AUDIO_v01.mov,154,0,24,AUDIO
,001_Open01_AUD_F_v02.mov,154,1,1,AUD_F
,004_Open01_RIB_F_v01.mov,154,4,10,RIB_F
,008_Open01_SCB_v01.mov,154,8,17,SCB
01_Open02,010_Open02_AUDIO_v01.mov,154,10,24,AUDIO
,011_Open02_AUD_F_v01.mov,154,11,1,AUD_F
,014_Open02_RIB_F_v01.mov,154,14,10,RIB_F
,018_Open02_SCB_v01.mov,154,18,17,SCB
00_Screensaver,001_Screensaver_AUD_F_v01.mov,155,1,1,AUD_F
,004_Screensaver_RIB_F_v01.mov,155,4,10,RIB_F
,008_Screensaver_SCB_v01.mov,155,8,17,SCB
01_Screensaver-Still,011_Screensaver_Still_AUD_F_v01.mov,155,11,1,AUD_F
,014_Screensaver_Still_RIB_F_v01.mov,155,14,10,RIB_F
,018_Screensaver_Still_SCB_v01.mov,155,18,17,SCB
02_76ersWin,021_76ersWin_AUD_F_v01.mov,155,21,1,AUD_F
,024_76ersWin_RIB_F_v01.mov,155,24,10,RIB_F
,028_76ersWin_SCB_v01.mov,155,28,17,SCB
03_76ersWin-Still,031_76ersWin_Still_AUD_F_v01.mov,155,31,1,AUD_F
,034_76ersWin_Still_RIB_F_v01.mov,155,34,10,RIB_F
,038_76ersWin_Still_SCB_v01.mov,155,38,17,SCB
00_EMBIID,001_EMBIID_AUD_F_v01.mov,156,1,1,AUD_F
,004_EMBIID_RIB_F_v01.mov,156,4,10,RIB_F
,008_EMBIID_SCB_v01.mov,156,8,17,SCB
01_SIMMONS,011_SIMMONS_AUD_F_v01.mov,156,11,1,AUD_F
,014_SIMMONS_RIB_F_v01.mov,156,14,10,RIB_F
,018_SIMMONS_SCB_v01.mov,156,18,17,SCB
02_HARRIS,021_HARRIS_AUD_F_v01.mov,156,21,1,AUD_F
,024_HARRIS_RIB_F_v01.mov,156,24,10,RIB_F
,028_HARRIS_SCB_v01.mov,156,28,17,SCB
03_RICHARDSON,031_RICHARDSON_AUD_F_v01.mov,156,31,1,AUD_F
,034_RICHARDSON_RIB_F_v01.mov,156,34,10,RIB_F
,038_RICHARDSON_SCB_v01.mov,156,38,17,SCB
04_HORFORD,041_HORFORD_AUD_F_v01.mov,156,41,1,AUD_F
,044_HORFORD_RIB_F_v01.mov,156,44,10,RIB_F
,048_HORFORD_SCB_v01.mov,156,48,17,SCB
05_MILTON,051_MILTON_AUD_F_v01.mov,156,51,1,AUD_F
,054_MILTON_RIB_F_v01.mov,156,54,10,RIB_F
,058_MILTON_SCB_v01.mov,156,58,17,SCB
06_KORKMAZ,061_KORKMAZ_AUD_F_v01.mov,156,61,1,AUD_F
,064_KORKMAZ_RIB_F_v01.mov,156,64,10,RIB_F
,068_KORKMAZ_SCB_v01.mov,156,68,17,SCB
07_THYBULLE,071_THYBULLE_AUD_F_v01.mov,156,71,1,AUD_F
,074_THYBULLE_RIB_F_v01.mov,156,74,10,RIB_F
,078_THYBULLE_SCB_v01.mov,156,78,17,SCB
08_ROBINSON,081_ROBINSON_AUD_F_v01.mov,156,81,1,AUD_F
,084_ROBINSON_RIB_F_v01.mov,156,84,10,RIB_F
,088_ROBINSON_SCB_V01.mov,156,88,17,SCB
09_SCOTT,091_SCOTT_AUD_F_v01.mov,156,91,1,AUD_F
,094_SCOTT_RIB_F_v01.mov,156,94,10,RIB_F
,098_SCOTT_SCB_v01.mov,156,98,17,SCB
10_BURKS,101_BURKS_AUD_F_v01.mov,156,101,1,AUD_F
,104_BURKS_RIB_F_v01.mov,156,104,10,RIB_F
,108_BURKS_SCB_v01.mov,156,108,17,SCB
11_OQUINN,111_OQUINN_AUD_F_v01.mov,156,111,1,AUD_F
,114_OQUINN_RIB_F_v01.mov,156,114,10,RIB_F
,118_OQUINN_SCB_v01.mov,156,118,17,SCB
12_NETO,121_NETO_AUD_F_v01.mov,156,121,1,AUD_F
,124_NETO_RIB_F_v01.mov,156,124,10,RIB_F
,128_NETO_SCB_v01.mov,156,128,17,SCB
13_SHAYOK,131_SHAYOK_AUD_F_v01.mov,156,131,1,AUD_F
,134_SHAYOK_RIB_F_v01.mov,156,134,10,RIB_F
,138_SHAYOK_SCB_v01.mov,156,138,17,SCB
00_EMBIID_STILL,001_EMBIID_STILL_AUD_F_v01.mov,157,1,1,AUD_F
,004_EMBIID_STILL_RIB_F_v01.mov,157,4,10,RIB_F
,008_EMBIID_STILL_SCB_v01.mov,157,8,17,SCB
01_SIMMONS_STILL,011_SIMMONS_STILL_AUD_F_v01.mov,157,11,1,AUD_F
,014_SIMMONS_STILL_RIB_F_v01.mov,157,14,10,RIB_F
,018_SIMMONS_STILL_SCB_v01.mov,157,18,17,SCB
02_HARRIS_STILL,021_HARRIS_STILL_AUD_F_v01.mov,157,21,1,AUD_F
,024_HARRIS_STILL_RIB_F_v01.mov,157,24,10,RIB_F
,028_HARRIS_STILL_SCB_v01.mov,157,28,17,SCB
03_RICHARDSON_STILL,031_RICHARDSON_STILL_AUD_F_v01.mov,157,31,1,AUD_F
,034_RICHARDSON_STILL_RIB_F_v01.mov,157,34,10,RIB_F
,038_RICHARDSON_STILL_SCB_v01.mov,157,38,17,SCB
04_HORFORD_STILL,041_HORFORD_STILL_AUD_F_v01.mov,157,41,1,AUD_F
,044_HORFORD_STILL_RIB_F_v01.mov,157,44,10,RIB_F
,048_HORFORD_STILL_SCB_v01.mov,157,48,17,SCB
05_MILTON_STILL,051_MILTON_STILL_AUD_F_v01.mov,157,51,1,AUD_F
,054_MILTON_STILL_RIB_F_v01.mov,157,54,10,RIB_F
,058_MILTON_STILL_SCB_v01.mov,157,58,17,SCB
06_KORKMAZ_STILL,061_KORKMAZ_STILL_AUD_F_v01.mov,157,61,1,AUD_F
,064_KORKMAZ_STILL_RIB_F_v01.mov,157,64,10,RIB_F
,068_KORKMAZ_STILL_SCB_v01.mov,157,68,17,SCB
07_THYBULLE_STILL,071_THYBULLE_STILL_AUD_F_v01.mov,157,71,1,AUD_F
,074_THYBULLE_STILL_RIB_F_v01.mov,157,74,10,RIB_F
,078_THYBULLE_STILL_SCB_v01.mov,157,78,17,SCB
08_ROBINSON_STILL,081_ROBINSON_STILL_AUD_F_v01.mov,157,81,1,AUD_F
,084_ROBINSON_STILL_RIB_F_v01.mov,157,84,10,RIB_F
,088_ROBINSON_STILL_SCB_v01.mov,157,88,17,SCB
09_SCOTT_STILL,091_SCOTT_STILL_AUD_F_v01.mov,157,91,1,AUD_F
,094_SCOTT_STILL_RIB_F_v01.mov,157,94,10,RIB_F
,098_SCOTT_STILL_SCB_v01.mov,157,98,17,SCB
10_BURKS_STILL,101_BURKS_STILL_AUD_F_v01.mov,157,101,1,AUD_F
,104_BURKS_STILL_RIB_F_v01.mov,157,104,10,RIB_F
,108_BURKS_STILL_SCB_v01.mov,157,108,17,SCB
11_OQUINN_STILL,111_OQUINN_STILL_AUD_F_v01.mov,157,111,1,AUD_F
,114_OQUINN_STILL_RIB_F_v01.mov,157,114,10,RIB_F
,118_OQUINN_STILL_SCB_v01.mov,157,118,17,SCB
12_NETO_STILL,121_NETO_STILL_AUD_F_v01.mov,157,121,1,AUD_F
,124_NETO_STILL_RIB_F_v01.mov,157,124,10,RIB_F
,128_NETO_STILL_SCB_v01.mov,157,128,17,SCB
13_SHAYOK_STILL,131_SHAYOK_STILL_AUD_F_v01.mov,157,131,1,AUD_F
,134_SHAYOK_STILL_RIB_F_v01.mov,157,134,10,RIB_F
,138_SHAYOK_STILL_SCB_v01.mov,157,138,17,SCB
