00_Sacramento,004_Sacramento_RIB_N_v01.mov,180,4,11,RIB_N
,005_Sacramento_RIB_S_v01.mov,180,5,12,RIB_S
,008_Sacramento_SCB_v01.mov,180,8,17,SCB
01_LetsGoKings,014_LetsGoKings_RIB_N_v01.mov,180,14,11,RIB_N
,015_LetsGoKings_RIB_S_v01.mov,180,15,12,RIB_S
,018_LetsGoKings_SCB_v01.mov,180,18,17,SCB
02_Defense,024_Defense_RIB_N_v01.mov,180,24,11,RIB_N
,025_Defense_RIB_S_v01.mov,180,25,12,RIB_S
,028_Defense_SCB_v01.mov,180,28,17,SCB
03_MoreCowbell,034_MoreCowbell_RIB_N_v01.mov,180,34,11,RIB_N
,035_MoreCowbell_RIB_S_v01.mov,180,35,12,RIB_S
,038_MoreCowbell_SCB_v01.mov,180,38,17,SCB
04_TowerBridgeNoiseMeter,048_TowerBridgeNoiseMeter_SCB_v01.mov,180,48,17,SCB
05_NoiseMeter,058_NoiseMeter_SCB_v01.mov,180,58,17,SCB
06_FreshourTipOffPumpUp,060_FreshourTipoffPumpUp_AUDIO_v01.mov,180,60,24,AUDIO
,068_FreshourTipoffPumpUp_SCB_v01.mov,180,68,17,SCB
07_Freshour4thQuarterPumpUp,070_Freshour4thQtrPumpUp_AUDIO_v01.mov,180,70,24,AUDIO
,078_Freshour4thQtrPumpUp_SCB_v01.mov,180,78,17,SCB
00_EricBellingerAnthem,000_EricBellingerAnthem_AUDIO_v01.mov,181,0,24,AUDIO
,008_EricBellingerAnthem_SCB_v01.mov,181,8,17,SCB
01_JaNetMillerAnthem,010_JaNetMillerAnthem_AUDIO_v01.mov,181,10,24,AUDIO
,018_JaNetMillerAnthem_SCB_v01.mov,181,18,17,SCB
02_ErnestineBalisiAnthem,020_ErnestineBalisiAnthem_AUDIO_v01.mov,181,20,24,AUDIO
,028_ErnestineBalisiAnthem_SCB_v01.mov,181,28,17,SCB
03_IsabellaParagasAnthem,030_IsabellaParagasAnthem_AUDIO_v01.mov,181,30,24,AUDIO
,038_IsabellaParagasAnthem_SCB_v01.mov,181,38,17,SCB
00_KingsBranding,001_KingsBranding_AUD_N_v00.mov,182,1,2,AUD_N
,002_KingsBranding_AUD_S_v00.mov,182,2,3,AUD_S
,003_KingsBranding_AUD_C_v00.mov,182,3,4,AUD_C
,004_KingsBranding_RIB_N_v02.mov,182,4,11,RIB_N
,005_KingsBranding_RIB_S_v02.mov,182,5,12,RIB_S
,006_KingsBranding_RIB_C_v01.mov,182,6,13,RIB_C
,008_KingsBranding_SCB_v00.mov,182,8,17,SCB
01_SocialJusticeHowMany,011_SocialJusticeHowMany_AUD_N_v00.mov,182,11,2,AUD_N
,012_SocialJusticeHowMany_AUD_S_v00.mov,182,12,3,AUD_S
,018_SocialJusticeHowMany_SCB_v00.mov,182,18,17,SCB
02_SocialJusticeAntiracist,021_SocialJusticeAntiracist_AUD_N_v00.mov,182,21,2,AUD_N
,022_SocialJusticeAntiracist_AUD_S_v00.mov,182,22,3,AUD_S
,028_SocialJusticeAntiracist_SCB_v00.mov,182,28,17,SCB
03_SocialJusticeBLM,031_SocialJusticeBLM_AUD_N_v00.mov,182,31,2,AUD_N
,032_SocialJusticeBLM_AUD_S_v00.mov,182,32,3,AUD_S
,038_SocialJusticeBLM_SCB_v00.mov,182,38,17,SCB
04_SocialJusticeEquality,041_SocialJusticeEquality_AUD_N_v00.mov,182,41,2,AUD_N
,042_SocialJusticeEquality_AUD_S_v00.mov,182,42,3,AUD_S
,048_SocialJusticeEquality_SCB_v00.mov,182,48,17,SCB
05_SocialJusticePeace,051_SocialJusticePeace_AUD_N_v00.mov,182,51,2,AUD_N
,052_SocialJusticePeace_AUD_S_v00.mov,182,52,3,AUD_S
,058_SocialJusticePeace_SCB_v00.mov,182,58,17,SCB
06_SocialJusticePower,061_SocialJusticePower_AUD_N_v00.mov,182,61,2,AUD_N
,062_SocialJusticePower_AUD_S_v00.mov,182,62,3,AUD_S
,068_SocialJusticePower_SCB_v00.mov,182,68,17,SCB
07_SocialJusticeSayHerName,071_SocialJusticeSayHerName_AUD_N_v00.mov,182,71,2,AUD_N
,072_SocialJusticeSayHerName_AUD_S_v00.mov,182,72,3,AUD_S
,078_SocialJusticeSayHerName_SCB_v00.mov,182,78,17,SCB
08_SocialJusticeRespect,081_SocialJusticeRespect_AUD_N_v00.mov,182,81,2,AUD_N
,082_SocialJusticeRespect_AUD_S_v00.mov,182,82,3,AUD_S
,088_SocialJusticeRespect_SCB_v00.mov,182,88,17,SCB
09_SocialJusticeEducation,091_SocialJusticeEducation_AUD_N_v00.mov,182,91,2,AUD_N
,092_SocialJusticeEducation_AUD_S_v00.mov,182,92,3,AUD_S
,098_SocialJusticeEducation_SCB_v00.mov,182,98,17,SCB
10_SocialJusticeEconomics,101_SocialJusticeEconomics_AUD_N_v00.mov,182,101,2,AUD_N
,102_SocialJusticeEconomics_AUD_S_v00.mov,182,102,3,AUD_S
,108_SocialJusticeEconomics_SCB_v00.mov,182,108,17,SCB
11_SocialJusticeFreedom,111_SocialJusticeFreedom_AUD_N_v00.mov,182,111,2,AUD_N
,112_SocialJusticeFreedom_AUD_S_v00.mov,182,112,3,AUD_S
,118_SocialJusticeFreedom_SCB_v00.mov,182,118,17,SCB
12_SocialJusticeSayTheirNames,121_SocialJusticeSayTheirNames_AUD_N_v00.mov,182,121,2,AUD_N
,122_SocialJusticeSayTheirNames_AUD_S_v00.mov,182,122,3,AUD_S
,128_SocialJusticeSayTheirNames_SCB_v00.mov,182,128,17,SCB
13_SocialJusticeSloboda,131_ SocialJusticeSloboda _AUD_N_v00.mov,182,131,2,AUD_N
,132_SocialJusticeSloboda_AUD_S_v00.mov,182,132,3,AUD_S
,138_SocialJusticeSloboda_SCB_v00.mov,182,138,17,SCB
00_GameIntro,000_Game Intro_AUDIO_v01.mov,184,0,24,AUDIO
,008_Game Intro_SCB_v01.mov,184,8,17,SCB
01_BLM_VivekSpeech,010_BLM_VivekSpeech_AUDIO_v01.mov,184,10,24,AUDIO
,018_BLM_VivekSpeech_SCB_v01.mov,184,18,17,SCB
02_BLM_BobbySpeech,020_BLM_BobbySpeech_AUDIO_v01.mov,184,20,24,AUDIO
,028_BLM_BobbySpeech_SCB_v01.mov,184,28,17,SCB
03_BLM_Businesses,030_BLM_Businesses_AUDIO_v01.mov,184,30,24,AUDIO
,038_BLM_Businesses_SCB_v01.mov,184,38,17,SCB
04_BLM_HBSpeech,040_BLM_HBSpeech_AUDIO_v01.mov,184,40,24,AUDIO
,048_BLM_HBSpeech_SCB_v01.mov,184,48,17,SCB
05_BLM_PSA,050_BLM_PSA_AUDIO_v01.mov,184,50,24,AUDIO
,058_BLM_PSA_SCB_v01.mov,184,58,17,SCB
06_BLM_CriminalJustice,060_BLM_CriminalJustice_AUDIO_v01.mov,184,60,24,AUDIO
,068_BLM_CriminalJustice_SCB_v01.mov,184,68,17,SCB
07_BLM_KingsQueens,070_BLM_KingsQueens_AUDIO_v01.mov,184,70,24,AUDIO
,078_BLM_KingsQueens_SCB_v01.mov,184,78,17,SCB
08_BLM_BuildBlack,080_BLM_BuildBlack_AUDIO_v01.mov,184,80,24,AUDIO
,088_BLM_BuildBlack_SCB_v01.mov,184,88,17,SCB
09_BLM_RicoHines,090_BLM_RicoHines_AUDIO_v01.mov,184,90,24,AUDIO
,098_BLM_RicoHines_SCB_v01.mov,184,98,17,SCB
10_HL_Top10Crossovers,100_HL_Top10Crossovers_AUDIO_v01.mov,184,100,24,AUDIO
,108_HL_Top10Crossovers_SCB_v01.mov,184,108,17,SCB
11_HL_Top10Giles,110_HL_Top10Giles_AUDIO_v01.mov,184,110,24,AUDIO
,118_HL_Top10Giles_SCB_v01.mov,184,118,17,SCB
12_HL_Top10Hield,120_HL_Top10Hield_AUDIO_v01.mov,184,120,24,AUDIO
,128_HL_Top10Hield_SCB_v01.mov,184,128,17,SCB
13_HL_HieldMixtape,130_HL_HieldMixtape_AUDIO_v01.mov,184,130,24,AUDIO
,138_HL_HieldMixtape_SCB_v01.mov,184,138,17,SCB
14_HL_LockoutPSA,140_HL_LockoutPSA_AUDIO_v01.mov,184,140,24,AUDIO
,148_HL_LockoutPSA_SCB_v01.mov,184,148,17,SCB
15_HL_DontDoIt,150_HL_DontDoIt_AUDIO_v01.mov,184,150,24,AUDIO
,158_HL_DontDoIt_SCB_v01.mov,184,158,17,SCB
16_HL_Top5InGame,160_HL_Top5InGame_AUDIO_v01.mov,184,160,24,AUDIO
,168_HL_Top5InGame_SCB_v01.mov,184,168,17,SCB
17_HL_Top10Fox,170_HL_Top10Fox_AUDIO_v01.mov,184,170,24,AUDIO
,178_HL_Top10Fox_SCB_v01.mov,184,178,17,SCB
18_HL_Top10Bogi,180_HL_Top10Bogi_AUDIO_v01.mov,184,180,24,AUDIO
,188_HL_Top10Bogi_SCB_v01.mov,184,188,17,SCB
19_HL_Top10Holmes,190_HL_Top10Holmes_AUDIO_v01.mov,184,190,24,AUDIO
,198_HL_Top10Holmes_SCB_v01.mov,184,198,17,SCB
20_SpokenWord,200_SpokenWord_AUDIO_v01.mov,184,200,24,AUDIO
,208_SpokenWord_SCB_v01.mov,184,208,17,SCB
21_BLM_ProtestRecap,210_BLM_ProtestRecap_AUDIO_v01.mov,184,210,24,AUDIO
,218_BLM_ProtestRecap_SCB_v01.mov,184,218,17,SCB
00_PlayerIntro_Bagley,008_PlayerIntro_Bagley_SCB_v01.mov,186,8,17,SCB
01_PlayerIntro_Barnes,018_PlayerIntro_Barnes_SCB_v01.mov,186,18,17,SCB
02_PlayerIntro_Bazemore,028_PlayerIntro_Bazemore_SCB_v01.mov,186,28,17,SCB
03_PlayerIntro_Bjelica,038_PlayerIntro_Bjelica_SCB_v01.mov,186,38,17,SCB
04_PlayerIntro_Bogdanovic,048_PlayerIntro_Bogdanovic_SCB_v01.mov,186,48,17,SCB
05_PlayerIntro_Fox,058_PlayerIntro_Fox_SCB_v01.mov,186,58,17,SCB
06_PlayerIntro_Giles,068_PlayerIntro_Giles_SCB_v01.mov,186,68,17,SCB
07_PlayerIntro_Hield,078_PlayerIntro_Hield_SCB_v01.mov,186,78,17,SCB
08_PlayerIntro_Holmes,088_PlayerIntro_Holmes_SCB_v01.mov,186,88,17,SCB
09_PlayerIntro_Joseph,098_PlayerIntro_Joseph_SCB_v01.mov,186,98,17,SCB
10_PlayerIntro_Len,108_PlayerIntro_Len_SCB_v01.mov,186,108,17,SCB
