BROOKLYN NETS Media Delivery,,SYNC COMPLETE,NO ERRORS,,FUSE PROGRAMMER,,,PROGRAMMING IN PROGRESS,,,HUD,,,,RETURN TO INDEX,,,,,,,,,,,,,,,,,,,,,,,,
CATEGORY,LOOK IDENTIFIER #,File Name,File Version,Notes,Version,Bank,Slot ,Mapping #,"Mapping 
Code",File Length,Play Mode,Error Flag,Midi Button,Notes to Kerstin,General/Show Call Notes,Upversioned Date,Folder,Look,File Path,Error Flag,Format,Codec_ID,Duration,Bit Rate,Width,Height,Aspect Ratio,Frame Rate Mode,Frame Rate,Stream Size,"Audio For,at",Audio Format/Settings,Audio Codec ID,Audio Duration,Audio Channels,Audio Channel Layout,Audio Sampling Rate,Audio Bit Depth,
,,,,,,,,,,,,,,,,,,,,,,,,,,,,,,,,,,,,,,,
010_BKN_PCC,00_3Pointer3D,004_3Pointer3D_RIB_F_v01.mov,1,,1,010,004,010,RIB_F,12s,,-,,,,,010_BKN_PCC,00_3Pointer3D,\010_BKN_PCC\00_3Pointer3D\004_3Pointer3D_RIB_F_v01.mov,-,nclc,nclc,12012,67975215,9504,144,66.000,CFR,29.970,102095494,-,-,-,-,-,-,-,-,010_BKN_PCC
,01_3PointerSubway,014_3PointerSubway_RIB_F_v01.mov,1,,1,010,014,010,RIB_F,13s,,-,,,,,010_BKN_PCC,01_3PointerSubway,\010_BKN_PCC\01_3PointerSubway\014_3PointerSubway_RIB_F_v01.mov,-,nclc,nclc,13013,74202705,9504,144,66.000,CFR,29.970,120731421,-,-,-,-,-,-,-,-,
,02_LetsGoNets3D,024_LetsGoNets3D_RIB_F_v01.mov,1,,1,010,024,010,RIB_F,15s,,-,,,Music from MC,,010_BKN_PCC,02_LetsGoNets3D,\010_BKN_PCC\02_LetsGoNets3D\024_LetsGoNets3D_RIB_F_v01.mov,-,nclc,nclc,15015,19066047,9504,144,66.000,CFR,29.970,35817414,-,-,-,-,-,-,-,-,
,,028_LetsGoNets3D_SCB_v01.mov,1,,1,010,028,017,SCB,10.2s,,-,,,,,010_BKN_PCC,02_LetsGoNets3D,\010_BKN_PCC\02_LetsGoNets3D\028_LetsGoNets3D_SCB_v01.mov,-,nclc,nclc,10211,142558513,1920,1080,1.778,CFR,29.970,181970436,-,-,-,-,-,-,-,-,
,03_BrooklynChant3D,034_BrooklynChant3D_RIB_F_v01.mov,1,,1,010,034,010,RIB_F,15s,,-,,,After a big play - bumper into a hot timeout. Big moment. Goes with Audio from MC,,010_BKN_PCC,03_BrooklynChant3D,\010_BKN_PCC\03_BrooklynChant3D\034_BrooklynChant3D_RIB_F_v01.mov,-,nclc,nclc,15015,40287827,9504,144,66.000,CFR,29.970,75648093,-,-,-,-,-,-,-,-,
,,038_BrooklynChant3D_SCB_v01.mov,1,,1,010,038,017,SCB,10s,,-,,,,,010_BKN_PCC,03_BrooklynChant3D,\010_BKN_PCC\03_BrooklynChant3D\038_BrooklynChant3D_SCB_v01.mov,-,nclc,nclc,10010,344884684,1920,1080,1.778,CFR,29.970,431563636,-,-,-,-,-,-,-,-,
,04_BrooklynChantSpeakers,044_BrooklynChantSpeakers_RIB_F_v01.mov,1,,1,010,044,010,RIB_F,14s,,-,,,,,010_BKN_PCC,04_BrooklynChantSpeakers,\010_BKN_PCC\04_BrooklynChantSpeakers\044_BrooklynChantSpeakers_RIB_F_v01.mov,-,nclc,nclc,14014,119289765,9504,144,66.000,CFR,29.970,208998108,-,-,-,-,-,-,-,-,
,,048_BrooklynChantSpeakers_SCB_v02.mov,2,,2,010,048,017,SCB,14s,,-,,,,,010_BKN_PCC,04_BrooklynChantSpeakers,\010_BKN_PCC\04_BrooklynChantSpeakers\048_BrooklynChantSpeakers_SCB_v02.mov,-,nclc,nclc,14014,314826381,1920,1080,1.778,CFR,29.970,551529722,-,-,-,-,-,-,-,-,
,05_DefenseSubway,054_DefenseSubway_RIB_F_v01.mov,1,,1,010,054,010,RIB_F,12s,,-,,,,,010_BKN_PCC,05_DefenseSubway,\010_BKN_PCC\05_DefenseSubway\054_DefenseSubway_RIB_F_v01.mov,-,nclc,nclc,12012,64844538,9504,144,66.000,CFR,29.970,97394795,-,-,-,-,-,-,-,-,
,,058_DefenseSubway_SCB_v01.mov,1,,1,010,058,017,SCB,12s,,-,,,,,010_BKN_PCC,05_DefenseSubway,\010_BKN_PCC\05_DefenseSubway\058_DefenseSubway_SCB_v01.mov,-,nclc,nclc,12012,325672572,1920,1080,1.778,CFR,29.970,489025564,-,-,-,-,-,-,-,-,
,06_Defense3D,064_Defense_3D_RIB_F_v01.mov,1,,1,010,064,010,RIB_F,15s,,-,,,,,010_BKN_PCC,06_Defense3D,\010_BKN_PCC\06_Defense3D\064_Defense_3D_RIB_F_v01.mov,-,nclc,nclc,15015,202275742,9504,144,66.000,CFR,29.970,379679449,-,-,-,-,-,-,-,-,
,,068_Defense_3D_SCB_v01.mov,1,,1,010,068,017,SCB,,,-F,,,,,010_BKN_PCC,06_Defense3D,\010_BKN_PCC\06_Defense3D\068_Defense_3D_SCB_v01.mov,-F,No File,No File,No File,No File,No File,No File,No File,No File,No File,No File,No File,No File,No File,No File,No File,No File,No File,No File,
,07_BrooklynBallBlack,071_BrooklynBall_Black_AUD_F_v01.mov,1,,1,010,071,001,AUD_F,10s,,-,,,,,010_BKN_PCC,07_BrooklynBallBlack,\010_BKN_PCC\07_BrooklynBallBlack\071_BrooklynBall_Black_AUD_F_v01.mov,-,nclc,nclc,10010,826695910,10160,1600,6.350,CFR,29.970,1034433428,-,-,-,-,-,-,-,-,
,,074_BrooklynBall_Black_RIB_F_v01.mov,1,,1,010,074,010,RIB_F,10s,,-,,,,,010_BKN_PCC,07_BrooklynBallBlack,\010_BKN_PCC\07_BrooklynBallBlack\074_BrooklynBall_Black_RIB_F_v01.mov,-,nclc,nclc,10010,106074595,9504,144,66.000,CFR,29.970,132755104,-,-,-,-,-,-,-,-,
,,078_BrooklynBall_Black_SCB_v01.mov,1,,1,010,078,017,SCB,10s,,-,,,,,010_BKN_PCC,07_BrooklynBallBlack,\010_BKN_PCC\07_BrooklynBallBlack\078_BrooklynBall_Black_SCB_v01.mov,-,nclc,nclc,10010,87295556,1920,1080,1.778,CFR,29.970,109257812,-,-,-,-,-,-,-,-,
,08_MakeSomeNoise,081_MakeSomeNoise_AUD_F_v01.mov,1,,1,010,081,001,AUD_F,10s,,-,,,,,010_BKN_PCC,08_MakeSomeNoise,\010_BKN_PCC\08_MakeSomeNoise\081_MakeSomeNoise_AUD_F_v01.mov,-,nclc,nclc,10010,1093922582,10160,1600,6.350,CFR,29.970,1368801169,-,-,-,-,-,-,-,-,
,,084_MakeSomeNoise_RIB_F_v01.mov,1,,1,010,084,010,RIB_F,10s,,-,,,,,010_BKN_PCC,08_MakeSomeNoise,\010_BKN_PCC\08_MakeSomeNoise\084_MakeSomeNoise_RIB_F_v01.mov,-,nclc,nclc,10010,135545874,9504,144,66.000,CFR,29.970,169631113,-,-,-,-,-,-,-,-,
,,088_MakeSomeNoise_SCB_v01.mov,1,,1,010,088,017,SCB,10s,,-,,,,,010_BKN_PCC,08_MakeSomeNoise,\010_BKN_PCC\08_MakeSomeNoise\088_MakeSomeNoise_SCB_v01.mov,-,nclc,nclc,10010,243463920,1920,1080,1.778,CFR,29.970,304664084,-,-,-,-,-,-,-,-,
011_BKN_FERA,00_Fans-Clap,001_FansClap_AUD_F_v01.mov,1,,1,011,001,001,AUD_F,,,-F,,,,,011_BKN_FERA,00_Fans-Clap,\011_BKN_FERA\00_Fans-Clap\001_FansClap_AUD_F_v01.mov,-F,No File,No File,No File,No File,No File,No File,No File,No File,No File,No File,No File,No File,No File,No File,No File,No File,No File,No File,011_BKN_FERA
012_BKN_Image_1,00_NetsLogosWhite,001_NetsLogosWhite_AUD_F_v01.mov,1,,1,012,001,001,AUD_F,30s,,-,,,Use the black ones ,,012_BKN_Image_1,00_NetsLogosWhite,\012_BKN_Image_1\00_NetsLogosWhite\001_NetsLogosWhite_AUD_F_v01.mov,-,nclc,nclc,30030,955048015,10160,1600,6.350,CFR,29.970,3585058874,-,-,-,-,-,-,-,-,012_BKN_Image_1
,,004_NetsLogosWhite_RIB_F_v01.mov,1,,1,012,004,010,RIB_F,30s,,-,,,,,012_BKN_Image_1,00_NetsLogosWhite,\012_BKN_Image_1\00_NetsLogosWhite\004_NetsLogosWhite_RIB_F_v01.mov,-,nclc,nclc,30030,87026494,9504,144,66.000,CFR,29.970,326719827,-,-,-,-,-,-,-,-,
,,008_NetsLogosWhite_SCB_v01.mov,1,,1,012,008,017,SCB,15s,,-,,,,,012_BKN_Image_1,00_NetsLogosWhite,\012_BKN_Image_1\00_NetsLogosWhite\008_NetsLogosWhite_SCB_v01.mov,-,nclc,nclc,15015,215329148,1920,1080,1.778,CFR,29.970,404179110,-,-,-,-,-,-,-,-,
,01_NetsLogosBlack,011_NetsLogosBlack_AUD_F_v01.mov,1,,1,012,011,001,AUD_F,30s,,-,,,,,012_BKN_Image_1,01_NetsLogosBlack,\012_BKN_Image_1\01_NetsLogosBlack\011_NetsLogosBlack_AUD_F_v01.mov,-,nclc,nclc,30030,941156485,10160,1600,6.350,CFR,29.970,3532913504,-,-,-,-,-,-,-,-,
,,014_NetsLogosBlack_RIB_F_v01.mov,1,,1,012,014,010,RIB_F,30s,,-,,,,,012_BKN_Image_1,01_NetsLogosBlack,\012_BKN_Image_1\01_NetsLogosBlack\014_NetsLogosBlack_RIB_F_v01.mov,-,nclc,nclc,30030,85093734,9504,144,66.000,CFR,29.970,319464736,-,-,-,-,-,-,-,-,
,,018_NetsLogosBlack_SCB_v01.mov,1,,1,012,018,017,SCB,15s,,-,,,,,012_BKN_Image_1,01_NetsLogosBlack,\012_BKN_Image_1\01_NetsLogosBlack\018_NetsLogosBlack_SCB_v01.mov,-,nclc,nclc,15015,137086978,1920,1080,1.778,CFR,29.970,257328192,-,-,-,-,-,-,-,-,
,02_NetsvsMagicWhite,021_NetsvsMagicWhite_AUD_F_v01.mov,1,,1,012,021,001,AUD_F,30s,,-,,,,,012_BKN_Image_1,02_NetsvsMagicWhite,\012_BKN_Image_1\02_NetsvsMagicWhite\021_NetsvsMagicWhite_AUD_F_v01.mov,-,nclc,nclc,30030,1135106637,10160,1600,6.350,CFR,29.970,4260954591,-,-,-,-,-,-,-,-,
,,024_NetsvsMagicWhite_RIB_F_v01.mov,1,,1,012,024,010,RIB_F,30s,,-,,,,,012_BKN_Image_1,02_NetsvsMagicWhite,\012_BKN_Image_1\02_NetsvsMagicWhite\024_NetsvsMagicWhite_RIB_F_v01.mov,-,nclc,nclc,30030,74882650,9504,144,66.000,CFR,29.970,281134819,-,-,-,-,-,-,-,-,
,,028_NetsvsMagicWhite_SCB_v01.mov,1,,1,012,028,017,SCB,30s,,-,,,,,012_BKN_Image_1,02_NetsvsMagicWhite,\012_BKN_Image_1\02_NetsvsMagicWhite\028_NetsvsMagicWhite_SCB_v01.mov,-,nclc,nclc,30030,143364723,1920,1080,1.778,CFR,29.970,538199662,-,-,-,-,-,-,-,-,
,03_NetsvsMagicBlack,031_NetsvsMagicBlack_AUD_F_v01.mov,1,,1,012,031,001,AUD_F,30s,,-,,,,,012_BKN_Image_1,03_NetsvsMagicBlack,\012_BKN_Image_1\03_NetsvsMagicBlack\031_NetsvsMagicBlack_AUD_F_v01.mov,-,nclc,nclc,30030,968076127,10160,1600,6.350,CFR,29.970,3633963187,-,-,-,-,-,-,-,-,
,,034_NetsvsMagicBlack_RIB_F_v01.mov,1,,1,012,034,010,RIB_F,30s,,-,,,,,012_BKN_Image_1,03_NetsvsMagicBlack,\012_BKN_Image_1\03_NetsvsMagicBlack\034_NetsvsMagicBlack_RIB_F_v01.mov,-,nclc,nclc,30030,73204563,9504,144,66.000,CFR,29.970,274835693,-,-,-,-,-,-,-,-,
,,038_NetsvsMagicBlack_SCB_v01.mov,1,,1,012,038,017,SCB,30s,,-,,,,,012_BKN_Image_1,03_NetsvsMagicBlack,\012_BKN_Image_1\03_NetsvsMagicBlack\038_NetsvsMagicBlack_SCB_v01.mov,-,nclc,nclc,30030,131856303,1920,1080,1.778,CFR,29.970,494999867,-,-,-,-,-,-,-,-,
,04_NetsWinWhite,041_NetsWinWhite_AUD_F_v01.mov,1,,1,012,041,001,AUD_F,15s,,-,,,,,012_BKN_Image_1,04_NetsWinWhite,\012_BKN_Image_1\04_NetsWinWhite\041_NetsWinWhite_AUD_F_v01.mov,-,nclc,nclc,15015,892904770,10160,1600,6.350,CFR,29.970,1675905100,-,-,-,-,-,-,-,-,
,,044_NetsWinWhite_RIB_F_v01.mov,1,,1,012,044,010,RIB_F,15s,,-,,,,,012_BKN_Image_1,04_NetsWinWhite,\012_BKN_Image_1\04_NetsWinWhite\044_NetsWinWhite_RIB_F_v01.mov,-,nclc,nclc,15015,98653359,9504,144,66.000,CFR,29.970,185192991,-,-,-,-,-,-,-,-,
,,048_NetsWinWhite_SCB_v01.mov,1,,1,012,048,017,SCB,15s,,-,,,,,012_BKN_Image_1,04_NetsWinWhite,\012_BKN_Image_1\04_NetsWinWhite\048_NetsWinWhite_SCB_v01.mov,-,nclc,nclc,15015,210354559,1920,1080,1.778,CFR,29.970,394842394,-,-,-,-,-,-,-,-,
,05_NetsWinBlack,051_NetsWinBlack_AUD_F_v01.mov,1,,1,012,051,001,AUD_F,15s,,-,,,,,012_BKN_Image_1,05_NetsWinBlack,\012_BKN_Image_1\05_NetsWinBlack\051_NetsWinBlack_AUD_F_v01.mov,-,nclc,nclc,15015,756876247,10160,1600,6.350,CFR,29.970,1420596314,-,-,-,-,-,-,-,-,
,,054_NetsWinBlack_RIB_F_v01.mov,1,,1,012,054,010,RIB_F,15s,,-,,,,,012_BKN_Image_1,05_NetsWinBlack,\012_BKN_Image_1\05_NetsWinBlack\054_NetsWinBlack_RIB_F_v01.mov,-,nclc,nclc,15015,93086945,9504,144,66.000,CFR,29.970,174745521,-,-,-,-,-,-,-,-,
,,058_NetsWinBlack_SCB_v01.mov,1,,1,012,058,017,SCB,15s,,-,,,,,012_BKN_Image_1,05_NetsWinBlack,\012_BKN_Image_1\05_NetsWinBlack\058_NetsWinBlack_SCB_v01.mov,-,nclc,nclc,15015,152661720,1920,1080,1.778,CFR,29.970,286560043,-,-,-,-,-,-,-,-,
,06_NetsLogosStaticWhite,061_NetsLogosStaticWhite_AUD_F_v01.mov,1,,1,012,061,001,AUD_F,0.03s,,-,,,,,012_BKN_Image_1,06_NetsLogosStaticWhite,\012_BKN_Image_1\06_NetsLogosStaticWhite\061_NetsLogosStaticWhite_AUD_F_v01.mov,-,nclc,nclc,34,95728256,2540,400,6.350,CFR,29.970,418191,-,-,-,-,-,-,-,-,
,,064_NetsLogosStaticWhite_RIB_F_v01.mov,1,,1,012,064,010,RIB_F,0.03s,,-,,,,,012_BKN_Image_1,06_NetsLogosStaticWhite,\012_BKN_Image_1\06_NetsLogosStaticWhite\064_NetsLogosStaticWhite_RIB_F_v01.mov,-,nclc,nclc,34,94791034,9504,144,66.000,CFR,29.970,411600,-,-,-,-,-,-,-,-,
,,068_NetsLogosStaticWhite_SCB_v01.mov,1,,1,012,068,017,SCB,0.03s,,-,,,,,012_BKN_Image_1,06_NetsLogosStaticWhite,\012_BKN_Image_1\06_NetsLogosStaticWhite\068_NetsLogosStaticWhite_SCB_v01.mov,-,nclc,nclc,34,213235351,1920,1080,1.778,CFR,29.970,908296,-,-,-,-,-,-,-,-,
,07_NetsLogosStaticBlack,071_NetsLogosStaticBlack_AUD_F_v01.mov,1,,1,012,071,001,AUD_F,0.03s,,-,,,,,012_BKN_Image_1,07_NetsLogosStaticBlack,\012_BKN_Image_1\07_NetsLogosStaticBlack\071_NetsLogosStaticBlack_AUD_F_v01.mov,-,nclc,nclc,34,94411494,2540,400,6.350,CFR,29.970,412699,-,-,-,-,-,-,-,-,
,,074_NetsLogosStaticBlack_RIB_F_v01.mov,1,,1,012,074,010,RIB_F,0.03s,,-,,,,,012_BKN_Image_1,07_NetsLogosStaticBlack,\012_BKN_Image_1\07_NetsLogosStaticBlack\074_NetsLogosStaticBlack_RIB_F_v01.mov,-,nclc,nclc,34,91697651,9504,144,66.000,CFR,29.970,398698,-,-,-,-,-,-,-,-,
,,078_NetsLogosStaticBlack_SCB_v01.mov,1,,1,012,078,017,SCB,0.03s,,-,,,,,012_BKN_Image_1,07_NetsLogosStaticBlack,\012_BKN_Image_1\07_NetsLogosStaticBlack\078_NetsLogosStaticBlack_SCB_v01.mov,-,nclc,nclc,34,138167934,1920,1080,1.778,CFR,29.970,595202,-,-,-,-,-,-,-,-,
,08_NetsvsBlazersWhite,081_NetsvsBlazersWhite_AUD_F_v01.mov,1,,1,012,081,001,AUD_F,30s,,-,,,,,012_BKN_Image_1,08_NetsvsBlazersWhite,\012_BKN_Image_1\08_NetsvsBlazersWhite\081_NetsvsBlazersWhite_AUD_F_v01.mov,-,nclc,nclc,30030,1173257114,10160,1600,6.350,CFR,29.970,4404162080,-,-,-,-,-,-,-,-,
,,084_NetsvsBlazersWhite_RIB_F_v01.mov,1,,1,012,084,010,RIB_F,30s,,-,,,,,012_BKN_Image_1,08_NetsvsBlazersWhite,\012_BKN_Image_1\08_NetsvsBlazersWhite\084_NetsvsBlazersWhite_RIB_F_v01.mov,-,nclc,nclc,30030,71869948,9504,144,66.000,CFR,29.970,269825882,-,-,-,-,-,-,-,-,
,,088_NetsvsBlazersWhite_SCB_v01.mov,1,,1,012,088,017,SCB,30s,,-,,,,,012_BKN_Image_1,08_NetsvsBlazersWhite,\012_BKN_Image_1\08_NetsvsBlazersWhite\088_NetsvsBlazersWhite_SCB_v01.mov,-,nclc,nclc,30030,153887480,1920,1080,1.778,CFR,29.970,577699484,-,-,-,-,-,-,-,-,
,09_NetsvsBlazersBlack,091_NetsvsBlazersBlack_AUD_F_v01.mov,1,,1,012,091,001,AUD_F,30s,,-,,,,,012_BKN_Image_1,09_NetsvsBlazersBlack,\012_BKN_Image_1\09_NetsvsBlazersBlack\091_NetsvsBlazersBlack_AUD_F_v01.mov,-,nclc,nclc,30030,1010133988,10160,1600,6.350,CFR,29.970,3791838044,-,-,-,-,-,-,-,-,
,,094_NetsvsBlazersBlack_RIB_F_v01.mov,1,,1,012,094,010,RIB_F,30s,,-,,,,,012_BKN_Image_1,09_NetsvsBlazersBlack,\012_BKN_Image_1\09_NetsvsBlazersBlack\094_NetsvsBlazersBlack_RIB_F_v01.mov,-,nclc,nclc,30030,70402807,9504,144,66.000,CFR,29.970,264318595,-,-,-,-,-,-,-,-,
,,098_NetsvsBlazersBlack_SCB_v01.mov,1,,1,012,098,017,SCB,30s,,-,,,,,012_BKN_Image_1,09_NetsvsBlazersBlack,\012_BKN_Image_1\09_NetsvsBlazersBlack\098_NetsvsBlazersBlack_SCB_v01.mov,-,nclc,nclc,30030,141093035,1920,1080,1.778,CFR,29.970,529672307,-,-,-,-,-,-,-,-,
,10_NetsvsJazzWhite,101_NetsvsJazzWhite_AUD_F_v01.mov,1,,1,012,101,001,AUD_F,30s,,-,,,,,012_BKN_Image_1,10_NetsvsJazzWhite,\012_BKN_Image_1\10_NetsvsJazzWhite\101_NetsvsJazzWhite_AUD_F_v01.mov,-,nclc,nclc,30030,1137010361,10160,1600,6.350,CFR,29.970,4268100699,-,-,-,-,-,-,-,-,
,,104_NetsvsJazzWhite_RIB_F_v01.mov,1,,1,012,104,010,RIB_F,30s,,-,,,,,012_BKN_Image_1,10_NetsvsJazzWhite,\012_BKN_Image_1\10_NetsvsJazzWhite\104_NetsvsJazzWhite_RIB_F_v01.mov,-,nclc,nclc,30030,73976999,9504,144,66.000,CFR,29.970,277735223,-,-,-,-,-,-,-,-,
,,108_NetsvsJazzWhite_SCB_v01.mov,1,,1,012,108,017,SCB,30s,,-,,,,,012_BKN_Image_1,10_NetsvsJazzWhite,\012_BKN_Image_1\10_NetsvsJazzWhite\108_NetsvsJazzWhite_SCB_v01.mov,-,nclc,nclc,30030,144000312,1920,1080,1.778,CFR,29.970,540585513,-,-,-,-,-,-,-,-,
,11_NetsvsJazzBlack,111_NetsvsJazzBlack_AUD_F_v01.mov,1,,1,012,111,001,AUD_F,30s,,-,,,,,012_BKN_Image_1,11_NetsvsJazzBlack,\012_BKN_Image_1\11_NetsvsJazzBlack\111_NetsvsJazzBlack_AUD_F_v01.mov,-,nclc,nclc,30030,975566199,10160,1600,6.350,CFR,29.970,3662079078,-,-,-,-,-,-,-,-,
,,114_NetsvsJazzBlack_RIB_F_v01.mov,1,,1,012,114,010,RIB_F,30s,,-,,,,,012_BKN_Image_1,11_NetsvsJazzBlack,\012_BKN_Image_1\11_NetsvsJazzBlack\114_NetsvsJazzBlack_RIB_F_v01.mov,-,nclc,nclc,30030,72321295,9504,144,66.000,CFR,29.970,271520129,-,-,-,-,-,-,-,-,
,,118_NetsvsJazzBlack_SCB_v01.mov,1,,1,012,118,017,SCB,30s,,-,,,,,012_BKN_Image_1,11_NetsvsJazzBlack,\012_BKN_Image_1\11_NetsvsJazzBlack\118_NetsvsJazzBlack_SCB_v01.mov,-,nclc,nclc,30030,131586920,1920,1080,1.778,CFR,29.970,493988696,-,-,-,-,-,-,-,-,
,12_NetsvsKingsWhite,121_NetsvsKingsWhite_AUD_F_v01.mov,1,,1,012,121,001,AUD_F,30s,,-,,,,,012_BKN_Image_1,12_NetsvsKingsWhite,\012_BKN_Image_1\12_NetsvsKingsWhite\121_NetsvsKingsWhite_AUD_F_v01.mov,-,nclc,nclc,30030,1165798245,10160,1600,6.350,CFR,29.970,4376163332,-,-,-,-,-,-,-,-,
,,124_NetsvsKingsWhite_RIB_F_v01.mov,1,,1,012,124,010,RIB_F,30s,,-,,,,,012_BKN_Image_1,12_NetsvsKingsWhite,\012_BKN_Image_1\12_NetsvsKingsWhite\124_NetsvsKingsWhite_RIB_F_v01.mov,-,nclc,nclc,30030,71716212,9504,144,66.000,CFR,29.970,269248789,-,-,-,-,-,-,-,-,
,,128_NetsvsKingsWhite_SCB_v01.mov,1,,1,012,128,017,SCB,30s,,-,,,,,012_BKN_Image_1,12_NetsvsKingsWhite,\012_BKN_Image_1\12_NetsvsKingsWhite\128_NetsvsKingsWhite_SCB_v01.mov,-,nclc,nclc,30030,157615837,1920,1080,1.778,CFR,29.970,591694832,-,-,-,-,-,-,-,-,
,13_NetsvsKingsBlack,131_NetsvsKingsBlack_AUD_F_v01.mov,1,,1,012,131,001,AUD_F,30s,,-,,,,,012_BKN_Image_1,13_NetsvsKingsBlack,\012_BKN_Image_1\13_NetsvsKingsBlack\131_NetsvsKingsBlack_AUD_F_v01.mov,-,nclc,nclc,30030,1004982650,10160,1600,6.350,CFR,29.970,3772501187,-,-,-,-,-,-,-,-,
,,134_NetsvsKingsBlack_RIB_F_v01.mov,1,,1,012,134,010,RIB_F,30s,,-,,,,,012_BKN_Image_1,13_NetsvsKingsBlack,\012_BKN_Image_1\13_NetsvsKingsBlack\134_NetsvsKingsBlack_RIB_F_v01.mov,-,nclc,nclc,30030,69798968,9504,144,66.000,CFR,29.970,262051929,-,-,-,-,-,-,-,-,
,,138_NetsvsKingsBlack_SCB_v01.mov,1,,1,012,138,017,SCB,30s,,-,,,,,012_BKN_Image_1,13_NetsvsKingsBlack,\012_BKN_Image_1\13_NetsvsKingsBlack\138_NetsvsKingsBlack_SCB_v01.mov,-,nclc,nclc,30030,145208624,1920,1080,1.778,CFR,29.970,545121212,-,-,-,-,-,-,-,-,
,14_NetsvsPelicansWhite,141_NetsvsPelicansWhite_AUD_F_v01.mov,1,,1,012,141,001,AUD_F,30s,,-,,,,,012_BKN_Image_1,14_NetsvsPelicansWhite,\012_BKN_Image_1\14_NetsvsPelicansWhite\141_NetsvsPelicansWhite_AUD_F_v01.mov,-,nclc,nclc,30030,1137094205,10160,1600,6.350,CFR,29.970,4268415428,-,-,-,-,-,-,-,-,
,,144_NetsvsPelicansWhite_RIB_F_v01.mov,1,,1,012,144,010,RIB_F,30s,,-,,,,,012_BKN_Image_1,14_NetsvsPelicansWhite,\012_BKN_Image_1\14_NetsvsPelicansWhite\144_NetsvsPelicansWhite_RIB_F_v01.mov,-,nclc,nclc,30030,71835068,9504,144,66.000,CFR,29.970,269694943,-,-,-,-,-,-,-,-,
,,148_NetsvsPelicansWhite_SCB_v01.mov,1,,1,012,148,017,SCB,30s,,-,,,,,012_BKN_Image_1,14_NetsvsPelicansWhite,\012_BKN_Image_1\14_NetsvsPelicansWhite\148_NetsvsPelicansWhite_SCB_v01.mov,-,nclc,nclc,30030,139004617,1920,1080,1.778,CFR,29.970,521832893,-,-,-,-,-,-,-,-,
,15_NetsvsPelicansBlack,151_NetsvsPelicansBlack_AUD_F_v01.mov,1,,,012,151,001,AUD_F,30s,,-,,,,,012_BKN_Image_1,15_NetsvsPelicansBlack,\012_BKN_Image_1\15_NetsvsPelicansBlack\151_NetsvsPelicansBlack_AUD_F_v01.mov,-,nclc,nclc,30030,981477300,10160,1600,6.350,CFR,29.970,3684267888,-,-,-,-,-,-,-,-,
,,154_NetsvsPelicansBlack_RIB_F_v01.mov,1,,,012,154,010,RIB_F,30s,,-,,,,,012_BKN_Image_1,15_NetsvsPelicansBlack,\012_BKN_Image_1\15_NetsvsPelicansBlack\154_NetsvsPelicansBlack_RIB_F_v01.mov,-,nclc,nclc,30030,70290841,9504,144,66.000,CFR,29.970,263898294,-,-,-,-,-,-,-,-,
,,158_NetsvsPelicansBlack_SCB_v01.mov,1,,,012,158,017,SCB,30s,,-,,,,,012_BKN_Image_1,15_NetsvsPelicansBlack,\012_BKN_Image_1\15_NetsvsPelicansBlack\158_NetsvsPelicansBlack_SCB_v01.mov,-,nclc,nclc,30030,123232803,1920,1080,1.778,CFR,29.970,462629373,-,-,-,-,-,-,-,-,
,16_NetsvsWizardsWhite,161_NetsvsWizardsWhite_AUD_F_v01.mov,1,,1,012,161,001,AUD_F,30s,,-,,,,,012_BKN_Image_1,16_NetsvsWizardsWhite,\012_BKN_Image_1\16_NetsvsWizardsWhite\161_NetsvsWizardsWhite_AUD_F_v01.mov,-,nclc,nclc,30030,1183556146,10160,1600,6.350,CFR,29.970,4442822118,-,-,-,-,-,-,-,-,
,,164_NetsvsWizardsWhite_RIB_F_v01.mov,1,,1,012,164,010,RIB_F,30s,,-,,,,,012_BKN_Image_1,16_NetsvsWizardsWhite,\012_BKN_Image_1\16_NetsvsWizardsWhite\164_NetsvsWizardsWhite_RIB_F_v01.mov,-,nclc,nclc,30030,70244932,9504,144,66.000,CFR,29.970,263725968,-,-,-,-,-,-,-,-,
,,168_NetsvsWizardsWhite_SCB_v01.mov,1,,1,012,168,017,SCB,30s,,-,,,,,012_BKN_Image_1,16_NetsvsWizardsWhite,\012_BKN_Image_1\16_NetsvsWizardsWhite\168_NetsvsWizardsWhite_SCB_v01.mov,-,nclc,nclc,30030,153448850,1920,1080,1.778,CFR,29.970,576052995,-,-,-,-,-,-,-,-,
,17_NetsvsWizardsBlack,171_NetsvsWizardsBlack_AUD_F_v01.mov,1,,1,012,171,001,AUD_F,30s,,-,,,,,012_BKN_Image_1,17_NetsvsWizardsBlack,\012_BKN_Image_1\17_NetsvsWizardsBlack\171_NetsvsWizardsBlack_AUD_F_v01.mov,-,nclc,nclc,30030,1031453693,10160,1600,6.350,CFR,29.970,3871866969,-,-,-,-,-,-,-,-,
,,174_NetsvsWizardsBlack_RIB_F_v01.mov,1,,1,012,174,010,RIB_F,30s,,-,,,,,012_BKN_Image_1,17_NetsvsWizardsBlack,\012_BKN_Image_1\17_NetsvsWizardsBlack\174_NetsvsWizardsBlack_RIB_F_v01.mov,-,nclc,nclc,30030,68805514,9504,144,66.000,CFR,29.970,258322752,-,-,-,-,-,-,-,-,
,,178_NetsvsWizardsBlack_SCB_v01.mov,1,,1,012,178,017,SCB,30s,,-,,,,,012_BKN_Image_1,17_NetsvsWizardsBlack,\012_BKN_Image_1\17_NetsvsWizardsBlack\178_NetsvsWizardsBlack_SCB_v01.mov,-,nclc,nclc,30030,141570507,1920,1080,1.778,CFR,29.970,531464619,-,-,-,-,-,-,-,-,
013_BKN_Image_2,00_AnthemFlag,001_AnthemFlags_AUD_F_v01.mov,1,,1,013,001,001,AUD_F,30s,,-,,,,,013_BKN_Image_2,00_AnthemFlag,\013_BKN_Image_2\00_AnthemFlag\001_AnthemFlags_AUD_F_v01.mov,-,nclc,nclc,30030,770502090,10160,1600,6.350,CFR,29.970,2892318871,-,-,-,-,-,-,-,-,013_BKN_Image_2
,,004_AnthemFlags_RIB_F_v01.mov,1,,1,013,004,010,RIB_F,13s,,-,,,,,013_BKN_Image_2,00_AnthemFlag,\013_BKN_Image_2\00_AnthemFlag\004_AnthemFlags_RIB_F_v01.mov,-,nclc,nclc,13013,136448910,9504,144,66.000,CFR,29.970,221982732,-,-,-,-,-,-,-,-,
,,008_AnthemFlags_SCB_v01.mov,1,,1,013,008,017,SCB,10s,,-,,,,,013_BKN_Image_2,00_AnthemFlag,\013_BKN_Image_2\00_AnthemFlag\008_AnthemFlags_SCB_v01.mov,-,nclc,nclc,10010,279300868,1920,1080,1.778,CFR,29.970,349504685,-,-,-,-,-,-,-,-,
,01_GameStartsNowBlack,011_GameStartsNow_Black_AUD_F_v01.mov,1,,,013,011,001,AUD_F,15s,,-,,,,,013_BKN_Image_2,01_GameStartsNowBlack,\013_BKN_Image_2\01_GameStartsNowBlack\011_GameStartsNow_Black_AUD_F_v01.mov,-,nclc,nclc,15015,560452770,10160,1600,6.350,CFR,29.970,1051933655,-,-,-,-,-,-,-,-,
,,014_GameStartsNow_Black_RIB_F_v01.mov,1,,,013,014,010,RIB_F,12s,,-,,,,,013_BKN_Image_2,01_GameStartsNowBlack,\013_BKN_Image_2\01_GameStartsNowBlack\014_GameStartsNow_Black_RIB_F_v01.mov,-,nclc,nclc,12012,96158106,9504,144,66.000,CFR,29.970,144412164,-,-,-,-,-,-,-,-,
,,018_GameStartsNow_Black_SCB_v01.mov,1,,,013,018,017,SCB,15s,,-,,,,,013_BKN_Image_2,01_GameStartsNowBlack,\013_BKN_Image_2\01_GameStartsNowBlack\018_GameStartsNow_Black_SCB_v01.mov,-,nclc,nclc,15015,119159994,1920,1080,1.778,CFR,29.970,223681450,-,-,-,-,-,-,-,-,
,02_GameStartsNowWhite,021_GameStartsNow_White_AUD_F_v01.mov,1,,,013,021,001,AUD_F,15s,,-,,,,,013_BKN_Image_2,02_GameStartsNowWhite,\013_BKN_Image_2\02_GameStartsNowWhite\021_GameStartsNow_White_AUD_F_v01.mov,-,nclc,nclc,15015,563812305,10160,1600,6.350,CFR,29.970,1058239075,-,-,-,-,-,-,-,-,
,,024_GameStartsNow_White_RIB_F_v01.mov,1,,,013,024,010,RIB_F,12s,,-,,,,,013_BKN_Image_2,02_GameStartsNowWhite,\013_BKN_Image_2\02_GameStartsNowWhite\024_GameStartsNow_White_RIB_F_v01.mov,-,nclc,nclc,12012,100040236,9504,144,66.000,CFR,29.970,150241175,-,-,-,-,-,-,-,-,
,,028_GameStartsNow_White_SCB_v01.mov,1,,,013,028,017,SCB,15s,,-,,,,,013_BKN_Image_2,02_GameStartsNowWhite,\013_BKN_Image_2\02_GameStartsNowWhite\028_GameStartsNow_White_SCB_v01.mov,-,nclc,nclc,15015,119633714,1920,1080,1.778,CFR,29.970,224570549,-,-,-,-,-,-,-,-,
,03_2ndHalfStartsNowBlack,031_2ndHalfStartsNow_Black_AUD_F_v01.mov,1,,,013,031,001,AUD_F,15s,,-,,,,,013_BKN_Image_2,03_2ndHalfStartsNowBlack,\013_BKN_Image_2\03_2ndHalfStartsNowBlack\031_2ndHalfStartsNow_Black_AUD_F_v01.mov,-,nclc,nclc,15015,556964273,10160,1600,6.350,CFR,29.970,1045386173,-,-,-,-,-,-,-,-,
,,034_2ndHalfStartsNow_Black_RIB_F_v01.mov,1,,,013,034,010,RIB_F,12s,,-,,,,,013_BKN_Image_2,03_2ndHalfStartsNowBlack,\013_BKN_Image_2\03_2ndHalfStartsNowBlack\034_2ndHalfStartsNow_Black_RIB_F_v01.mov,-,nclc,nclc,12012,95875764,9504,144,66.000,CFR,29.970,143988227,-,-,-,-,-,-,-,-,
,,038_2ndHalfStartsNow_Black_SCB_v01.mov,1,,,013,038,017,SCB,15s,,-,,,,,013_BKN_Image_2,03_2ndHalfStartsNowBlack,\013_BKN_Image_2\03_2ndHalfStartsNowBlack\038_2ndHalfStartsNow_Black_SCB_v01.mov,-,nclc,nclc,15015,118251872,1920,1080,1.778,CFR,29.970,221977003,-,-,-,-,-,-,-,-,
,04_2ndHalfStartsNowWhite,041_2ndHalfStartsNow_White_AUD_F_v01.mov,1,,,013,041,001,AUD_F,15s,,-,,,,,013_BKN_Image_2,04_2ndHalfStartsNowWhite,\013_BKN_Image_2\04_2ndHalfStartsNowWhite\041_2ndHalfStartsNow_White_AUD_F_v01.mov,-,nclc,nclc,15015,560763333,10160,1600,6.350,CFR,29.970,1052516529,-,-,-,-,-,-,-,-,
,,044_2ndHalfStartsNow_White_RIB_F_v01.mov,1,,,013,044,010,RIB_F,12s,,-,,,,,013_BKN_Image_2,04_2ndHalfStartsNowWhite,\013_BKN_Image_2\04_2ndHalfStartsNowWhite\044_2ndHalfStartsNow_White_RIB_F_v01.mov,-,nclc,nclc,12012,99786195,9504,144,66.000,CFR,29.970,149859731,-,-,-,-,-,-,-,-,
,,048_2ndHalfStartsNow_White_SCB_v01.mov,1,,,013,048,017,SCB,15s,,-,,,,,013_BKN_Image_2,04_2ndHalfStartsNowWhite,\013_BKN_Image_2\04_2ndHalfStartsNowWhite\048_2ndHalfStartsNow_White_SCB_v01.mov,-,nclc,nclc,15015,118748379,1920,1080,1.778,CFR,29.970,222908885,-,-,-,-,-,-,-,-,
,05_BrooklynStrong,051_BrooklynStrong_AUD_F_v03.mov,3,,,013,051,001,AUD_F,0.03s,,-,,,,7/22/2020 18:35:46,013_BKN_Image_2,05_BrooklynStrong,\013_BKN_Image_2\05_BrooklynStrong\051_BrooklynStrong_AUD_F_v03.mov,-,nclc,nclc,34,1031942624,10160,1600,6.350,CFR,29.970,4320307,-,-,-,-,-,-,-,-,
,,054_BrooklynStrong_RIB_F_v02.mov,2,,,013,054,010,RIB_F,0.03s,,-,,,,7/22/2020 13:33:15,013_BKN_Image_2,05_BrooklynStrong,\013_BKN_Image_2\05_BrooklynStrong\054_BrooklynStrong_RIB_F_v02.mov,-,nclc,nclc,34,41164874,9504,144,66.000,CFR,29.970,187934,-,-,-,-,-,-,-,-,
,,058_BrooklynStrong_SCB_v02.mov,2,,,013,058,017,SCB,0.03s,,-,,,,7/22/2020 13:33:16,013_BKN_Image_2,05_BrooklynStrong,\013_BKN_Image_2\05_BrooklynStrong\058_BrooklynStrong_SCB_v02.mov,-,nclc,nclc,34,31557691,600,350,1.714,CFR,29.970,163806,-,-,-,-,-,-,-,-,
,,,,,,,,,,,,-,,,,,013_BKN_Image_2,05_BrooklynStrong,Skip,-,-,-,-,-,-,-,-,-,-,-,-,-,-,-,-,-,-,-,
014_BKN_Video,00_HotTimeout01,000_HotTimeout01_AUDIO_v05.mov,5,,5,014,000,024,AUDIO,36s,,-,,,,,014_BKN_Video,00_HotTimeout01,\014_BKN_Video\00_HotTimeout01\000_HotTimeout01_AUDIO_v05.mov,-,nclc,nclc,36036,79601,16,16,1.000,CFR,29.970,8082275,PCM,Little / Signed,sowt,36036,2,L R,48000,16,014_BKN_Video
,,008_HotTimeout01_SCB_v05.mov,5,,5,014,008,017,SCB,36s,,-,,,,,014_BKN_Video,00_HotTimeout01,\014_BKN_Video\00_HotTimeout01\008_HotTimeout01_SCB_v05.mov,-,nclc,nclc,36036,325408058,1920,1080,1.778,CFR,29.970,1472963181,PCM,Little / Signed,sowt,36036,2,L R,44100,16,
,01_HotTimeout02,010_HotTimeout02_AUDIO_v06.mov,6,,6,014,010,024,AUDIO,37.2s,,-,,,,,014_BKN_Video,01_HotTimeout02,\014_BKN_Video\01_HotTimeout02\010_HotTimeout02_AUDIO_v06.mov,-,nclc,nclc,37238,79000,16,16,1.000,CFR,29.970,7644675,PCM,Little / Signed,sowt,37238,2,L R,48000,16,
,,018_HotTimeout02_SCB_v06.mov,6,,6,014,018,017,SCB,37.2s,,-,,,,,014_BKN_Video,01_HotTimeout02,\014_BKN_Video\01_HotTimeout02\018_HotTimeout02_SCB_v06.mov,-,nclc,nclc,37238,379052075,1920,1080,1.778,CFR,29.970,1771052562,PCM,Little / Signed,sowt,37238,2,L R,44100,16,
,02_RunStop,020_RunStop_AUDIO_v05.mov,5,,4,014,020,024,AUDIO,39.63s,,-,,,Also works for Hot Timout ,7/22/2020 13:33:48,014_BKN_Video,02_RunStop,\014_BKN_Video\02_RunStop\020_RunStop_AUDIO_v05.mov,-,nclc,nclc,39673,74961,16,16,1.000,CFR,29.970,8526773,PCM,Little / Signed,sowt,39673,2,L R,48000,16,
,,028_RunStop_SCB_v05.mov,5,,4,014,028,017,SCB,39.63s,,-,,,,7/22/2020 13:33:48,014_BKN_Video,02_RunStop,\014_BKN_Video\02_RunStop\028_RunStop_SCB_v05.mov,-,nclc,nclc,39673,403302212,1920,1080,1.778,CFR,29.970,2007557520,PCM,Little / Signed,sowt,39673,2,L R,44100,16,
,03_BeautifulBrooklyn,030_BeautifulBrooklyn_AUDIO_v04.mov,4,,4,014,030,024,AUDIO,48s,,-,,,Blowoff video - Logos black or matchup with ,,014_BKN_Video,03_BeautifulBrooklyn,\014_BKN_Video\03_BeautifulBrooklyn\030_BeautifulBrooklyn_AUDIO_v04.mov,-,nclc,nclc,48048,72478,16,16,1.000,CFR,29.970,11539226,PCM,Little / Signed,sowt,48048,2,L R,48000,16,
,,038_BeautifulBrooklyn_SCB_v04.mov,4,,4,014,038,017,SCB,48s,,-,,,,,014_BKN_Video,03_BeautifulBrooklyn,\014_BKN_Video\03_BeautifulBrooklyn\038_BeautifulBrooklyn_SCB_v04.mov,-,nclc,nclc,48048,304931968,1920,1080,1.778,CFR,29.970,1841777603,PCM,Little / Signed,sowt,48048,2,L R,44100,16,
,04_4thQJaRule,040_4thQJaRule_AUDIO_v02.mov,2,,2,014,040,024,AUDIO,15.83s,,-,,,Out of a timeout into play - ends with chant,,014_BKN_Video,04_4thQJaRule,\014_BKN_Video\04_4thQJaRule\040_4thQJaRule_AUDIO_v02.mov,-,nclc,nclc,15850,94481,16,16,1.000,CFR,29.970,3271892,PCM,Little / Signed,sowt,15850,2,L R,48000,16,
,,048_4thQJaRule_SCB_v01.mov,1,,1,014,048,017,SCB,15.83s,,-,,,Only use one of these per game. ,,014_BKN_Video,04_4thQJaRule,\014_BKN_Video\04_4thQJaRule\048_4thQJaRule_SCB_v01.mov,-,nclc,nclc,15850,316109529,1920,1080,1.778,CFR,29.970,626290572,-,-,-,-,-,-,-,-,
,05_4thQCommon,050_4thQCommon_AUDIO_v02.mov,2,,2,014,050,024,AUDIO,8.33s,,-,,,,,014_BKN_Video,05_4thQCommon,\014_BKN_Video\05_4thQCommon\050_4thQCommon_AUDIO_v02.mov,-,nclc,nclc,8342,92767,16,16,1.000,CFR,29.970,1730857,PCM,Little / Signed,sowt,8342,2,L R,48000,16,
,,058_4thQCommon_SCB_v01.mov,1,,1,014,058,017,SCB,8.33s,,-,,,,,014_BKN_Video,05_4thQCommon,\014_BKN_Video\05_4thQCommon\058_4thQCommon_SCB_v01.mov,-,nclc,nclc,8342,361060428,1920,1080,1.778,CFR,29.970,376506492,-,-,-,-,-,-,-,-,
,06_4thQASAPFerg,060_4thQASAPFerg_AUDIO_v02.mov,2,,2,014,060,024,AUDIO,11.5s,,-,,,,,014_BKN_Video,06_4thQASAPFerg,\014_BKN_Video\06_4thQASAPFerg\060_4thQASAPFerg_AUDIO_v02.mov,-,nclc,nclc,11512,95987,16,16,1.000,CFR,29.970,2384697,PCM,Little / Signed,sowt,11512,2,L R,48000,16,
,,068_4thQASAPFerg_SCB_v01.mov,1,,1,014,068,017,SCB,11.5s,,-,,,,,014_BKN_Video,06_4thQASAPFerg,\014_BKN_Video\06_4thQASAPFerg\068_4thQASAPFerg_SCB_v01.mov,-,nclc,nclc,11512,313482747,1920,1080,1.778,CFR,29.970,451110233,-,-,-,-,-,-,-,-,
,07_Tipoff,070_Tipoff_AUDIO_v02.mov,2,,,014,070,024,AUDIO,28.43s,,-,,,,7/22/2020 13:36:18,014_BKN_Video,07_Tipoff,\014_BKN_Video\07_Tipoff\070_Tipoff_AUDIO_v02.mov,-,nclc,nclc,28462,77967,16,16,1.000,CFR,29.970,5819141,PCM,Little / Signed,sowt,28462,2,L R,48000,16,
,,078_Tipoff_SCB_v02.mov,2,,,014,078,017,SCB,,,-F,,,,7/22/2020 13:36:20,014_BKN_Video,08_BLM,\014_BKN_Video\08_BLM\078_Tipoff_SCB_v02.mov,-F,No File,No File,No File,No File,No File,No File,No File,No File,No File,No File,No File,No File,No File,No File,No File,No File,No File,No File,
,08_BLM,080_BLM_AUDIO_v01.mov,1,,,014,080,024,AUDIO,50.03s,,-,,,,7/22/2020 13:36:21,014_BKN_Video,08_BLM,\014_BKN_Video\08_BLM\080_BLM_AUDIO_v01.mov,-,nclc,nclc,50084,55794,16,16,1.000,CFR,29.970,10588179,PCM,Little / Signed,sowt,50084,2,L R,48000,16,
,,088_BLM_SCB_v01.mov,1,,,014,088,017,SCB,50.03s,,-,,,,7/22/2020 13:36:22,014_BKN_Video,08_BLM,\014_BKN_Video\08_BLM\088_BLM_SCB_v01.mov,-,nclc,nclc,50084,278356426,1920,1080,1.778,CFR,29.970,1752868992,PCM,Little / Signed,sowt,50084,2,L R,48000,16,
015_BKN_Misc,,,,,,,,,,,,-,,,,,015_BKN_Misc,00_Allen_White,Skip,-,-,-,-,-,-,-,-,-,-,-,-,-,-,-,-,-,-,-,015_BKN_Misc
016_BKN_Intros_1,00_Allen_White,001_Allen_White_AUD_F_v01.mov,1,,1,016,001,001,AUD_F,15s,,-,,,For intros and big plays ,,016_BKN_Intros_1,00_Allen_White,\016_BKN_Intros_1\00_Allen_White\001_Allen_White_AUD_F_v01.mov,-,nclc,nclc,15015,2116199639,10160,1600,6.350,CFR,29.970,3971879009,-,-,-,-,-,-,-,-,016_BKN_Intros_1
,,004_Allen_White_RIB_F_v01.mov,1,,1,016,004,010,RIB_F,15s,,-,,,,,016_BKN_Intros_1,00_Allen_White,\016_BKN_Intros_1\00_Allen_White\004_Allen_White_RIB_F_v01.mov,-,nclc,nclc,15015,77673218,9504,144,66.000,CFR,29.970,145815904,-,-,-,-,-,-,-,-,
,,008_Allen_White_SCB_v01.mov,1,,1,016,008,017,SCB,15s,,-,,,,,016_BKN_Intros_1,00_Allen_White,\016_BKN_Intros_1\00_Allen_White\008_Allen_White_SCB_v01.mov,-,nclc,nclc,15015,183456231,1920,1080,1.778,CFR,29.970,344357599,-,-,-,-,-,-,-,-,
,01_LeVert_White,011_LeVert_White_AUD_F_v01.mov,1,,1,016,011,001,AUD_F,15s,,-,,,,,016_BKN_Intros_1,01_LeVert_White,\016_BKN_Intros_1\01_LeVert_White\011_LeVert_White_AUD_F_v01.mov,-,nclc,nclc,15015,2126839820,10160,1600,6.350,CFR,29.970,3991849321,-,-,-,-,-,-,-,-,
,,014_LeVert_White_RIB_F_v01.mov,1,,1,016,014,010,RIB_F,15s,,-,,,,,016_BKN_Intros_1,01_LeVert_White,\016_BKN_Intros_1\01_LeVert_White\014_LeVert_White_RIB_F_v01.mov,-,nclc,nclc,15015,77994303,9504,144,66.000,CFR,29.970,146418543,-,-,-,-,-,-,-,-,
,,018_LeVert_White_SCB_v01.mov,1,,1,016,018,017,SCB,15s,,-,,,,,016_BKN_Intros_1,01_LeVert_White,\016_BKN_Intros_1\01_LeVert_White\018_LeVert_White_SCB_v01.mov,-,nclc,nclc,15015,184582128,1920,1080,1.778,CFR,29.970,346470772,-,-,-,-,-,-,-,-,
,02_Harris_White,021_Harris_White_AUD_F_v01.mov,1,,1,016,021,001,AUD_F,15s,,-,,,,,016_BKN_Intros_1,02_Harris_White,\016_BKN_Intros_1\02_Harris_White\021_Harris_White_AUD_F_v01.mov,-,nclc,nclc,15015,2065953066,10160,1600,6.350,CFR,29.970,3877572367,-,-,-,-,-,-,-,-,
,,024_Harris_White_RIB_F_v01.mov,1,,1,016,024,010,RIB_F,15s,,-,,,,,016_BKN_Intros_1,02_Harris_White,\016_BKN_Intros_1\02_Harris_White\024_Harris_White_RIB_F_v01.mov,-,nclc,nclc,15015,76859315,9504,144,66.000,CFR,29.970,144288295,-,-,-,-,-,-,-,-,
,,028_Harris_White_SCB_v01.mov,1,,1,016,028,017,SCB,15s,,-,,,,,016_BKN_Intros_1,02_Harris_White,\016_BKN_Intros_1\02_Harris_White\028_Harris_White_SCB_v01.mov,-,nclc,nclc,15015,174989530,1920,1080,1.778,CFR,29.970,328466628,-,-,-,-,-,-,-,-,
017_BKN_Intros_2,00_Allen_Black,001_Allen_Black_AUD_F_v01.mov,1,,1,017,001,001,AUD_F,15s,,-,,,,,017_BKN_Intros_2,00_Allen_Black,\017_BKN_Intros_2\00_Allen_Black\001_Allen_Black_AUD_F_v01.mov,-,nclc,nclc,15015,1293584200,10160,1600,6.350,CFR,29.970,2427931114,-,-,-,-,-,-,-,-,017_BKN_Intros_2
,,004_Allen_Black_RIB_F_v01.mov,1,,1,017,004,010,RIB_F,15s,,-,,,,,017_BKN_Intros_2,00_Allen_Black,\017_BKN_Intros_2\00_Allen_Black\004_Allen_Black_RIB_F_v01.mov,-,nclc,nclc,15015,76843417,9504,144,66.000,CFR,29.970,144258471,-,-,-,-,-,-,-,-,
,,008_Allen_Black_SCB_v01.mov,1,,1,017,008,017,SCB,15s,,-,,,,,017_BKN_Intros_2,00_Allen_Black,\017_BKN_Intros_2\00_Allen_Black\008_Allen_Black_SCB_v01.mov,-,nclc,nclc,15015,183335881,1920,1080,1.778,CFR,29.970,344131717,-,-,-,-,-,-,-,-,
,01_LeVert_Black,011_LeVert_Black_AUD_F_v01.mov,1,,1,017,011,001,AUD_F,15s,,-,,,,,017_BKN_Intros_2,01_LeVert_Black,\017_BKN_Intros_2\01_LeVert_Black\011_LeVert_Black_AUD_F_v01.mov,-,nclc,nclc,15015,1212764301,10160,1600,6.350,CFR,29.970,2276242115,-,-,-,-,-,-,-,-,
,,014_LeVert_Black_RIB_F_v01.mov,1,,1,017,014,010,RIB_F,15s,,-,,,,,017_BKN_Intros_2,01_LeVert_Black,\017_BKN_Intros_2\01_LeVert_Black\014_LeVert_Black_RIB_F_v01.mov,-,nclc,nclc,15015,75650112,9504,144,66.000,CFR,29.970,142018786,-,-,-,-,-,-,-,-,
,,018_LeVert_Black_SCB_v01.mov,1,,1,017,018,017,SCB,15s,,-,,,,,017_BKN_Intros_2,01_LeVert_Black,\017_BKN_Intros_2\01_LeVert_Black\018_LeVert_Black_SCB_v01.mov,-,nclc,nclc,15015,184724113,1920,1080,1.778,CFR,29.970,346737260,-,-,-,-,-,-,-,-,
,02_Harris_Black,021_Harris_Black_AUD_F_v01.mov,1,,1,017,021,001,AUD_F,15s,,-,,,,7/21/2020 9:02:22,017_BKN_Intros_2,02_Harris_Black,\017_BKN_Intros_2\02_Harris_Black\021_Harris_Black_AUD_F_v01.mov,-,nclc,nclc,15015,1225891395,10160,1600,6.350,CFR,29.970,2300880036,-,-,-,-,-,-,-,-,
,,024_Harris_Black_RIB_F_v01.mov,1,,1,017,024,010,RIB_F,15s,,-,,,,,017_BKN_Intros_2,02_Harris_Black,\017_BKN_Intros_2\02_Harris_Black\024_Harris_Black_RIB_F_v01.mov,-,nclc,nclc,15015,76160042,9504,144,66.000,CFR,29.970,142975843,-,-,-,-,-,-,-,-,
,,028_Harris_Black_SCB_v01.mov,1,,1,017,028,017,SCB,15s,,-,,,,,017_BKN_Intros_2,02_Harris_Black,\017_BKN_Intros_2\02_Harris_Black\028_Harris_Black_SCB_v01.mov,-,nclc,nclc,15015,174655980,1920,1080,1.778,CFR,29.970,327840597,-,-,-,-,-,-,-,-,
,03_Anderson_Black,031_Anderson_Black_AUD_F_v01.mov,1,,,017,031,001,AUD_F,15s,,-,,,,7/22/2020 13:54:25,017_BKN_Intros_2,03_Anderson_Black,\017_BKN_Intros_2\03_Anderson_Black\031_Anderson_Black_AUD_F_v01.mov,-,nclc,nclc,15015,1084663218,10160,1600,6.350,CFR,29.970,2035812137,-,-,-,-,-,-,-,-,
,,034_Anderson_Black_RIB_F_v01.mov,1,,,017,034,010,RIB_F,15s,,-,,,,,017_BKN_Intros_2,03_Anderson_Black,\017_BKN_Intros_2\03_Anderson_Black\034_Anderson_Black_RIB_F_v01.mov,-,nclc,nclc,15015,128962361,9504,144,66.000,CFR,29.970,242084622,-,-,-,-,-,-,-,-,
,,038_Anderson_Black_SCB_v01.mov,1,,,017,038,017,SCB,15s,,-,,,,,017_BKN_Intros_2,03_Anderson_Black,\017_BKN_Intros_2\03_Anderson_Black\038_Anderson_Black_SCB_v01.mov,-,nclc,nclc,15015,170643109,1920,1080,1.778,CFR,29.970,320314258,-,-,-,-,-,-,-,-,
,04_Chiozza_Black,041_Chiozza_Black_AUD_F_v01.mov,1,,,017,041,001,AUD_F,15s,,-,,,,,017_BKN_Intros_2,04_Chiozza_Black,\017_BKN_Intros_2\04_Chiozza_Black\041_Chiozza_Black_AUD_F_v01.mov,-,nclc,nclc,15015,1060714798,10160,1600,6.350,CFR,29.970,1990863902,-,-,-,-,-,-,-,-,
,,044_Chiozza_Black_RIB_F_v01.mov,1,,,017,044,010,RIB_F,15s,,-,,,,,017_BKN_Intros_2,04_Chiozza_Black,\017_BKN_Intros_2\04_Chiozza_Black\044_Chiozza_Black_RIB_F_v01.mov,-,nclc,nclc,15015,120471599,9504,144,66.000,CFR,29.970,226147208,-,-,-,-,-,-,-,-,
,,048_Chiozza_Black_SCB_v01.mov,1,,,017,048,017,SCB,15s,,-,,,,,017_BKN_Intros_2,04_Chiozza_Black,\017_BKN_Intros_2\04_Chiozza_Black\048_Chiozza_Black_SCB_v01.mov,-,nclc,nclc,15015,170250375,1920,1080,1.778,CFR,29.970,319575846,-,-,-,-,-,-,-,-,
,05_Crawford_Black,051_Crawford_Black_AUD_F_v01.mov,1,,,017,051,001,AUD_F,15s,,-,,,,,017_BKN_Intros_2,05_Crawford_Black,\017_BKN_Intros_2\05_Crawford_Black\051_Crawford_Black_AUD_F_v01.mov,-,nclc,nclc,15015,1033594661,10160,1600,6.350,CFR,29.970,1939962742,-,-,-,-,-,-,-,-,
,,054_Crawford_Black_RIB_F_v01.mov,1,,,017,054,010,RIB_F,15s,,-,,,,,017_BKN_Intros_2,05_Crawford_Black,\017_BKN_Intros_2\05_Crawford_Black\054_Crawford_Black_RIB_F_v01.mov,-,nclc,nclc,15015,121118237,9504,144,66.000,CFR,29.970,227360868,-,-,-,-,-,-,-,-,
,,058_Crawford_Black_SCB_v01.mov,1,,,017,058,017,SCB,15s,,-,,,,,017_BKN_Intros_2,05_Crawford_Black,\017_BKN_Intros_2\05_Crawford_Black\058_Crawford_Black_SCB_v01.mov,-,nclc,nclc,15015,177340475,1920,1080,1.778,CFR,29.970,332883090,-,-,-,-,-,-,-,-,
,06_Hall_Black,061_Hall_Black_AUD_F_v01.mov,1,,,017,061,001,AUD_F,15s,,-,,,,,017_BKN_Intros_2,06_Hall_Black,\017_BKN_Intros_2\06_Hall_Black\061_Hall_Black_AUD_F_v01.mov,-,nclc,nclc,15015,991086132,10160,1600,6.350,CFR,29.970,1860179468,-,-,-,-,-,-,-,-,
,,064_Hall_Black_RIB_F_v01.mov,1,,,017,064,010,RIB_F,15s,,-,,,,,017_BKN_Intros_2,06_Hall_Black,\017_BKN_Intros_2\06_Hall_Black\064_Hall_Black_RIB_F_v01.mov,-,nclc,nclc,15015,123143911,9504,144,66.000,CFR,29.970,231162811,-,-,-,-,-,-,-,-,
,,068_Hall_Black_SCB_v01.mov,1,,,017,068,017,SCB,15s,,-,,,,,017_BKN_Intros_2,06_Hall_Black,\017_BKN_Intros_2\06_Hall_Black\068_Hall_Black_SCB_v01.mov,-,nclc,nclc,15015,165357670,1920,1080,1.778,CFR,29.970,310392844,-,-,-,-,-,-,-,-,
,07_Johnson_Black,071_Johnson_Black_AUD_F_v01.mov,1,,,017,071,001,AUD_F,15s,,-,,,,,017_BKN_Intros_2,07_Johnson_Black,\017_BKN_Intros_2\07_Johnson_Black\071_Johnson_Black_AUD_F_v01.mov,-,nclc,nclc,15015,972807340,10160,1600,6.350,CFR,29.970,1825872427,-,-,-,-,-,-,-,-,
,,074_Johnson_Black_RIB_F_v01.mov,1,,,017,074,010,RIB_F,15s,,-,,,,,017_BKN_Intros_2,07_Johnson_Black,\017_BKN_Intros_2\07_Johnson_Black\074_Johnson_Black_RIB_F_v01.mov,-,nclc,nclc,15015,119996726,9504,144,66.000,CFR,29.970,225255931,-,-,-,-,-,-,-,-,
,,078_Johnson_Black_SCB_v01.mov,1,,,017,078,017,SCB,15s,,-,,,,,017_BKN_Intros_2,07_Johnson_Black,\017_BKN_Intros_2\07_Johnson_Black\078_Johnson_Black_SCB_v01.mov,-,nclc,nclc,15015,152926665,1920,1080,1.778,CFR,29.970,287061375,-,-,-,-,-,-,-,-,
,08_Kurucs_Black,081_Kurucs_Black_AUD_F_v01.mov,1,,,017,081,001,AUD_F,15s,,-,,,,,017_BKN_Intros_2,08_Kurucs_Black,\017_BKN_Intros_2\08_Kurucs_Black\081_Kurucs_Black_AUD_F_v01.mov,-,nclc,nclc,15015,1042980575,10160,1600,6.350,CFR,29.970,1957578946,-,-,-,-,-,-,-,-,
,,084_Kurucs_Black_RIB_F_v01.mov,1,,,017,084,010,RIB_F,15s,,-,,,,,017_BKN_Intros_2,08_Kurucs_Black,\017_BKN_Intros_2\08_Kurucs_Black\084_Kurucs_Black_RIB_F_v01.mov,-,nclc,nclc,15015,127932288,9504,144,66.000,CFR,29.970,240150004,-,-,-,-,-,-,-,-,
,,088_Kurucs_Black_SCB_v01.mov,1,,,017,088,017,SCB,15s,,-,,,,,017_BKN_Intros_2,08_Kurucs_Black,\017_BKN_Intros_2\08_Kurucs_Black\088_Kurucs_Black_SCB_v01.mov,-,nclc,nclc,15015,156431123,1920,1080,1.778,CFR,29.970,293638811,-,-,-,-,-,-,-,-,
,09_Luwawu-Cabarrot_Black,091_Luwawu-Cabarrot_Black_AUD_F_v01.mov,1,,,017,091,001,AUD_F,15s,,-,,,,,017_BKN_Intros_2,09_Luwawu-Cabarrot_Black,\017_BKN_Intros_2\09_Luwawu-Cabarrot_Black\091_Luwawu-Cabarrot_Black_AUD_F_v01.mov,-,nclc,nclc,15015,1036698131,10160,1600,6.350,CFR,29.970,1945787574,-,-,-,-,-,-,-,-,
,,094_Luwawu-Cabarrot_Black_RIB_F_v01.mov,1,,,017,094,010,RIB_F,15s,,-,,,,,017_BKN_Intros_2,09_Luwawu-Cabarrot_Black,\017_BKN_Intros_2\09_Luwawu-Cabarrot_Black\094_Luwawu-Cabarrot_Black_RIB_F_v01.mov,-,nclc,nclc,15015,123863122,9504,144,66.000,CFR,29.970,232512682,-,-,-,-,-,-,-,-,
,,098_Luwawu-Cabarrot_Black_SCB_v01.mov,1,,,017,098,017,SCB,15s,,-,,,,,017_BKN_Intros_2,09_Luwawu-Cabarrot_Black,\017_BKN_Intros_2\09_Luwawu-Cabarrot_Black\098_Luwawu-Cabarrot_Black_SCB_v01.mov,-,nclc,nclc,15015,153520057,1920,1080,1.778,CFR,29.970,288175100,-,-,-,-,-,-,-,-,
,10_Martin_Black,101_Martin_Black_AUD_F_v01.mov,1,,,017,101,001,AUD_F,15s,,-,,,,,017_BKN_Intros_2,10_Martin_Black,\017_BKN_Intros_2\10_Martin_Black\101_Martin_Black_AUD_F_v01.mov,-,nclc,nclc,15015,1064492515,10160,1600,6.350,CFR,29.970,1997954211,-,-,-,-,-,-,-,-,
,,104_Martin_Black_RIB_F_v01.mov,1,,,017,104,010,RIB_F,15s,,-,,,,,017_BKN_Intros_2,10_Martin_Black,\017_BKN_Intros_2\10_Martin_Black\104_Martin_Black_RIB_F_v01.mov,-,nclc,nclc,15015,125529242,9504,144,66.000,CFR,29.970,235641079,-,-,-,-,-,-,-,-,
,,108_Martin_Black_SCB_v01.mov,1,,,017,108,017,SCB,15s,,-,,,,,017_BKN_Intros_2,10_Martin_Black,\017_BKN_Intros_2\10_Martin_Black\108_Martin_Black_SCB_v01.mov,-,nclc,nclc,15015,186246433,1920,1080,1.778,CFR,29.970,349599776,-,-,-,-,-,-,-,-,
,11_Musa_Black,111_Musa_Black_AUD_F_v01.mov,1,,,017,111,001,AUD_F,15s,,-,,,,,017_BKN_Intros_2,11_Musa_Black,\017_BKN_Intros_2\11_Musa_Black\111_Musa_Black_AUD_F_v01.mov,-,nclc,nclc,15015,1010809510,10160,1600,6.350,CFR,29.970,1897197821,-,-,-,-,-,-,-,-,
,,114_Musa_Black_RIB_F_v01.mov,1,,,017,114,010,RIB_F,15s,,-,,,,,017_BKN_Intros_2,11_Musa_Black,\017_BKN_Intros_2\11_Musa_Black\114_Musa_Black_RIB_F_v01.mov,-,nclc,nclc,15015,123488056,9504,144,66.000,CFR,29.970,231808726,-,-,-,-,-,-,-,-,
,,118_Musa_Black_SCB_v01.mov,1,,,017,118,017,SCB,15s,,-,,,,,017_BKN_Intros_2,11_Musa_Black,\017_BKN_Intros_2\11_Musa_Black\118_Musa_Black_SCB_v01.mov,-,nclc,nclc,15015,156914889,1920,1080,1.778,CFR,29.970,294546780,-,-,-,-,-,-,-,-,
,12_Temple_Black,121_Temple_Black_AUD_F_v01.mov,1,,,017,121,001,AUD_F,15s,,-,,,,,017_BKN_Intros_2,12_Temple_Black,\017_BKN_Intros_2\12_Temple_Black\121_Temple_Black_AUD_F_v01.mov,-,nclc,nclc,15015,1060972655,10160,1600,6.350,CFR,29.970,1991347868,-,-,-,-,-,-,-,-,
,,124_Temple_Black_RIB_F_v01.mov,1,,,017,124,010,RIB_F,15s,,-,,,,,017_BKN_Intros_2,12_Temple_Black,\017_BKN_Intros_2\12_Temple_Black\124_Temple_Black_RIB_F_v01.mov,-,nclc,nclc,15015,122786160,9504,144,66.000,CFR,29.970,230491354,-,-,-,-,-,-,-,-,
,,128_Temple_Black_SCB_v01.mov,1,,,017,128,017,SCB,15s,,-,,,,,017_BKN_Intros_2,12_Temple_Black,\017_BKN_Intros_2\12_Temple_Black\128_Temple_Black_SCB_v01.mov,-,nclc,nclc,15015,182883579,1920,1080,1.778,CFR,29.970,343286814,-,-,-,-,-,-,-,-,
,13_Thomas_Black,131_Thomas_Black_AUD_F_v01.mov,1,,,017,131,001,AUD_F,15s,,-,,,,,017_BKN_Intros_2,13_Thomas_Black,\017_BKN_Intros_2\13_Thomas_Black\131_Thomas_Black_AUD_F_v01.mov,-,nclc,nclc,15015,1107924672,10160,1600,6.350,CFR,29.970,2079471023,-,-,-,-,-,-,-,-,
,,134_Thomas_Black_RIB_F_v01.mov,1,,,017,134,010,RIB_F,15s,,-,,,,,017_BKN_Intros_2,13_Thomas_Black,\017_BKN_Intros_2\13_Thomas_Black\134_Thomas_Black_RIB_F_v01.mov,-,nclc,nclc,15015,127683079,9504,144,66.000,CFR,29.970,239682264,-,-,-,-,-,-,-,-,
,,138_Thomas_Black_SCB_v01.mov,1,,,017,138,017,SCB,15s,,-,,,,,017_BKN_Intros_2,13_Thomas_Black,\017_BKN_Intros_2\13_Thomas_Black\138_Thomas_Black_SCB_v01.mov,-,nclc,nclc,15015,180391260,1920,1080,1.778,CFR,29.970,338609039,-,-,-,-,-,-,-,-,
018_BKN_Intros_3,,,,,,,,,,,,-,,,,,018_BKN_Intros_3,13_Thomas_Black,Skip,-,-,-,-,-,-,-,-,-,-,-,-,-,-,-,-,-,-,-,018_BKN_Intros_3
019_BKN_CRN_ROTATE,00_NetsLogosStaticBlack,007_NetsLogosStaticBlack_CRN_v01.mov,1,,,019,007,014,CRN,0.03s,,-,,,,7/22/2020 14:19:33,019_BKN_CRN_ROTATE,00_NetsLogosStaticBlack,\019_BKN_CRN_ROTATE\00_NetsLogosStaticBlack\007_NetsLogosStaticBlack_CRN_v01.mov,-,nclc,nclc,34,36474449,3328,208,16.000,CFR,29.970,168395,-,-,-,-,-,-,-,-,019_BKN_CRN_ROTATE
,,,,,,,,,,,,-,,,,,019_BKN_CRN_ROTATE,00_NetsLogosStaticBlack,Skip,-,-,-,-,-,-,-,-,-,-,-,-,-,-,-,-,-,-,-,
,,,,,,,,,,,,-,,,,,019_BKN_CRN_ROTATE,00_NetsLogosStaticBlack,Skip,-,-,-,-,-,-,-,-,-,-,-,-,-,-,-,-,-,-,-,
,,,,,,,,,,,,-,,,,,019_BKN_CRN_ROTATE,00_NetsLogosStaticBlack,Skip,-,-,-,-,-,-,-,-,-,-,-,-,-,-,-,-,-,-,-,
,,,,,,,,,,,,-,,,,,019_BKN_CRN_ROTATE,00_NetsLogosStaticBlack,Skip,-,-,-,-,-,-,-,-,-,-,-,-,-,-,-,-,-,-,-,
,,,,,,,,,,,,-,,,,,019_BKN_CRN_ROTATE,00_NetsLogosStaticBlack,Skip,-,-,-,-,-,-,-,-,-,-,-,-,-,-,-,-,-,-,-,
,,,,,,,,,,,,-,,,,,019_BKN_CRN_ROTATE,00_NetsLogosStaticBlack,Skip,-,-,-,-,-,-,-,-,-,-,-,-,-,-,-,-,-,-,-,
,,,,,,,,,,,,-,,,,,019_BKN_CRN_ROTATE,00_NetsLogosStaticBlack,Skip,-,-,-,-,-,-,-,-,-,-,-,-,-,-,-,-,-,-,-,
,,,,,,,,,,,,-,,,,,019_BKN_CRN_ROTATE,00_NetsLogosStaticBlack,Skip,-,-,-,-,-,-,-,-,-,-,-,-,-,-,-,-,-,-,-,
,,,,,,,,,,,,-,,,,,019_BKN_CRN_ROTATE,00_NetsLogosStaticBlack,Skip,-,-,-,-,-,-,-,-,-,-,-,-,-,-,-,-,-,-,-,
,,,,,,,,,,,,-,,,,,019_BKN_CRN_ROTATE,00_NetsLogosStaticBlack,Skip,-,-,-,-,-,-,-,-,-,-,-,-,-,-,-,-,-,-,-,
,,,,,,,,,,,,-,,,,,019_BKN_CRN_ROTATE,00_NetsLogosStaticBlack,Skip,-,-,-,-,-,-,-,-,-,-,-,-,-,-,-,-,-,-,-,
,,,,,,,,,,,,-,,,,,019_BKN_CRN_ROTATE,00_NetsLogosStaticBlack,Skip,-,-,-,-,-,-,-,-,-,-,-,-,-,-,-,-,-,-,-,
,,,,,,,,,,,,-,,,,,019_BKN_CRN_ROTATE,00_NetsLogosStaticBlack,Skip,-,-,-,-,-,-,-,-,-,-,-,-,-,-,-,-,-,-,-,
,,,,,,,,,,,,-,,,,,019_BKN_CRN_ROTATE,00_NetsLogosStaticBlack,Skip,-,-,-,-,-,-,-,-,-,-,-,-,-,-,-,-,-,-,-,
,,,,,,,,,,,,-,,,,,019_BKN_CRN_ROTATE,00_NetsLogosStaticBlack,Skip,-,-,-,-,-,-,-,-,-,-,-,-,-,-,-,-,-,-,-,
,,,,,,,,,,,,-,,,,,019_BKN_CRN_ROTATE,00_NetsLogosStaticBlack,Skip,-,-,-,-,-,-,-,-,-,-,-,-,-,-,-,-,-,-,-,
,,,,,,,,,,,,-,,,,,019_BKN_CRN_ROTATE,00_NetsLogosStaticBlack,Skip,-,-,-,-,-,-,-,-,-,-,-,-,-,-,-,-,-,-,-,
,,,,,,,,,,,,-,,,,,019_BKN_CRN_ROTATE,00_NetsLogosStaticBlack,Skip,-,-,-,-,-,-,-,-,-,-,-,-,-,-,-,-,-,-,-,
,,,,,,,,,,,,-,,,,,019_BKN_CRN_ROTATE,00_NetsLogosStaticBlack,Skip,-,-,-,-,-,-,-,-,-,-,-,-,-,-,-,-,-,-,-,
,,,,,,,,,,,,-,,,,,019_BKN_CRN_ROTATE,00_NetsLogosStaticBlack,Skip,-,-,-,-,-,-,-,-,-,-,-,-,-,-,-,-,-,-,-,
,,,,,,,,,,,,-,,,,,019_BKN_CRN_ROTATE,00_NetsLogosStaticBlack,Skip,-,-,-,-,-,-,-,-,-,-,-,-,-,-,-,-,-,-,-,
,,,,,,,,,,,,-,,,,,019_BKN_CRN_ROTATE,00_NetsLogosStaticBlack,Skip,-,-,-,-,-,-,-,-,-,-,-,-,-,-,-,-,-,-,-,
,,,,,,,,,,,,-,,,,,019_BKN_CRN_ROTATE,00_NetsLogosStaticBlack,Skip,-,-,-,-,-,-,-,-,-,-,-,-,-,-,-,-,-,-,-,
,,,,,,,,,,,,-,,,,,019_BKN_CRN_ROTATE,00_NetsLogosStaticBlack,Skip,-,-,-,-,-,-,-,-,-,-,-,-,-,-,-,-,-,-,-,
,,,,,,,,,,,,-,,,,,019_BKN_CRN_ROTATE,00_NetsLogosStaticBlack,Skip,-,-,-,-,-,-,-,-,-,-,-,-,-,-,-,-,-,-,-,
,,,,,,,,,,,,-,,,,,019_BKN_CRN_ROTATE,00_NetsLogosStaticBlack,Skip,-,-,-,-,-,-,-,-,-,-,-,-,-,-,-,-,-,-,-,
,,,,,,,,,,,,-,,,,,019_BKN_CRN_ROTATE,00_NetsLogosStaticBlack,Skip,-,-,-,-,-,-,-,-,-,-,-,-,-,-,-,-,-,-,-,
,,,,,,,,,,,,-,,,,,019_BKN_CRN_ROTATE,00_NetsLogosStaticBlack,Skip,-,-,-,-,-,-,-,-,-,-,-,-,-,-,-,-,-,-,-,
,,,,,,,,,,,,-,,,,,019_BKN_CRN_ROTATE,00_NetsLogosStaticBlack,Skip,-,-,-,-,-,-,-,-,-,-,-,-,-,-,-,-,-,-,-,
,,,,,,,,,,,,-,,,,,019_BKN_CRN_ROTATE,00_NetsLogosStaticBlack,Skip,-,-,-,-,-,-,-,-,-,-,-,-,-,-,-,-,-,-,-,
,,,,,,,,,,,,-,,,,,019_BKN_CRN_ROTATE,00_NetsLogosStaticBlack,Skip,-,-,-,-,-,-,-,-,-,-,-,-,-,-,-,-,-,-,-,
,,,,,,,,,,,,-,,,,,019_BKN_CRN_ROTATE,00_NetsLogosStaticBlack,Skip,-,-,-,-,-,-,-,-,-,-,-,-,-,-,-,-,-,-,-,
,,,,,,,,,,,,-,,,,,019_BKN_CRN_ROTATE,00_NetsLogosStaticBlack,Skip,-,-,-,-,-,-,-,-,-,-,-,-,-,-,-,-,-,-,-,
,,,,,,,,,,,,-,,,,,019_BKN_CRN_ROTATE,00_NetsLogosStaticBlack,Skip,-,-,-,-,-,-,-,-,-,-,-,-,-,-,-,-,-,-,-,
,,,,,,,,,,,,-,,,,,019_BKN_CRN_ROTATE,00_NetsLogosStaticBlack,Skip,-,-,-,-,-,-,-,-,-,-,-,-,-,-,-,-,-,-,-,
,,,,,,,,,,,,-,,,,,019_BKN_CRN_ROTATE,00_NetsLogosStaticBlack,Skip,-,-,-,-,-,-,-,-,-,-,-,-,-,-,-,-,-,-,-,
,,,,,,,,,,,,-,,,,,019_BKN_CRN_ROTATE,00_NetsLogosStaticBlack,Skip,-,-,-,-,-,-,-,-,-,-,-,-,-,-,-,-,-,-,-,
,,,,,,,,,,,,-,,,,,019_BKN_CRN_ROTATE,00_NetsLogosStaticBlack,Skip,-,-,-,-,-,-,-,-,-,-,-,-,-,-,-,-,-,-,-,
,,,,,,,,,,,,-,,,,,019_BKN_CRN_ROTATE,00_NetsLogosStaticBlack,Skip,-,-,-,-,-,-,-,-,-,-,-,-,-,-,-,-,-,-,-,
,,,,,,,,,,,,-,,,,,019_BKN_CRN_ROTATE,00_NetsLogosStaticBlack,Skip,-,-,-,-,-,-,-,-,-,-,-,-,-,-,-,-,-,-,-,
,,,,,,,,,,,,-,,,,,019_BKN_CRN_ROTATE,00_NetsLogosStaticBlack,Skip,-,-,-,-,-,-,-,-,-,-,-,-,-,-,-,-,-,-,-,
,,,,,,,,,,,,-,,,,,019_BKN_CRN_ROTATE,00_NetsLogosStaticBlack,Skip,-,-,-,-,-,-,-,-,-,-,-,-,-,-,-,-,-,-,-,
,,,,,,,,,,,,-,,,,,019_BKN_CRN_ROTATE,00_NetsLogosStaticBlack,Skip,-,-,-,-,-,-,-,-,-,-,-,-,-,-,-,-,-,-,-,
,,,,,,,,,,,,-,,,,,019_BKN_CRN_ROTATE,00_NetsLogosStaticBlack,Skip,-,-,-,-,-,-,-,-,-,-,-,-,-,-,-,-,-,-,-,
,,,,,,,,,,,,-,,,,,019_BKN_CRN_ROTATE,00_NetsLogosStaticBlack,Skip,-,-,-,-,-,-,-,-,-,-,-,-,-,-,-,-,-,-,-,
,,,,,,,,,,,,-,,,,,019_BKN_CRN_ROTATE,00_NetsLogosStaticBlack,Skip,-,-,-,-,-,-,-,-,-,-,-,-,-,-,-,-,-,-,-,
,,,,,,,,,,,,-,,,,,019_BKN_CRN_ROTATE,00_NetsLogosStaticBlack,Skip,-,-,-,-,-,-,-,-,-,-,-,-,-,-,-,-,-,-,-,
,,,,,,,,,,,,-,,,,,019_BKN_CRN_ROTATE,00_NetsLogosStaticBlack,Skip,-,-,-,-,-,-,-,-,-,-,-,-,-,-,-,-,-,-,-,
,,,,,,,,,,,,-,,,,,019_BKN_CRN_ROTATE,00_NetsLogosStaticBlack,Skip,-,-,-,-,-,-,-,-,-,-,-,-,-,-,-,-,-,-,-,
,,,,,,,,,,,,-,,,,,019_BKN_CRN_ROTATE,00_NetsLogosStaticBlack,Skip,-,-,-,-,-,-,-,-,-,-,-,-,-,-,-,-,-,-,-,
,,,,,,,,,,,,-,,,,,019_BKN_CRN_ROTATE,00_NetsLogosStaticBlack,Skip,-,-,-,-,-,-,-,-,-,-,-,-,-,-,-,-,-,-,-,
,,,,,,,,,,,,-,,,,,019_BKN_CRN_ROTATE,00_NetsLogosStaticBlack,Skip,-,-,-,-,-,-,-,-,-,-,-,-,-,-,-,-,-,-,-,
,,,,,,,,,,,,-,,,,,019_BKN_CRN_ROTATE,00_NetsLogosStaticBlack,Skip,-,-,-,-,-,-,-,-,-,-,-,-,-,-,-,-,-,-,-,
,,,,,,,,,,,,-,,,,,019_BKN_CRN_ROTATE,00_NetsLogosStaticBlack,Skip,-,-,-,-,-,-,-,-,-,-,-,-,-,-,-,-,-,-,-,
,,,,,,,,,,,,-,,,,,019_BKN_CRN_ROTATE,00_NetsLogosStaticBlack,Skip,-,-,-,-,-,-,-,-,-,-,-,-,-,-,-,-,-,-,-,
,,,,,,,,,,,,-,,,,,019_BKN_CRN_ROTATE,00_NetsLogosStaticBlack,Skip,-,-,-,-,-,-,-,-,-,-,-,-,-,-,-,-,-,-,-,
,,,,,,,,,,,,-,,,,,019_BKN_CRN_ROTATE,00_NetsLogosStaticBlack,Skip,-,-,-,-,-,-,-,-,-,-,-,-,-,-,-,-,-,-,-,
,,,,,,,,,,,,-,,,,,019_BKN_CRN_ROTATE,00_NetsLogosStaticBlack,Skip,-,-,-,-,-,-,-,-,-,-,-,-,-,-,-,-,-,-,-,
,,,,,,,,,,,,-,,,,,019_BKN_CRN_ROTATE,00_NetsLogosStaticBlack,Skip,-,-,-,-,-,-,-,-,-,-,-,-,-,-,-,-,-,-,-,
,,,,,,,,,,,,-,,,,,019_BKN_CRN_ROTATE,00_NetsLogosStaticBlack,Skip,-,-,-,-,-,-,-,-,-,-,-,-,-,-,-,-,-,-,-,
,,,,,,,,,,,,-,,,,,019_BKN_CRN_ROTATE,00_NetsLogosStaticBlack,Skip,-,-,-,-,-,-,-,-,-,-,-,-,-,-,-,-,-,-,-,
,,,,,,,,,,,,-,,,,,019_BKN_CRN_ROTATE,00_NetsLogosStaticBlack,Skip,-,-,-,-,-,-,-,-,-,-,-,-,-,-,-,-,-,-,-,
,,,,,,,,,,,,-,,,,,019_BKN_CRN_ROTATE,00_NetsLogosStaticBlack,Skip,-,-,-,-,-,-,-,-,-,-,-,-,-,-,-,-,-,-,-,
,,,,,,,,,,,,-,,,,,019_BKN_CRN_ROTATE,00_NetsLogosStaticBlack,Skip,-,-,-,-,-,-,-,-,-,-,-,-,-,-,-,-,-,-,-,
,,,,,,,,,,,,-,,,,,019_BKN_CRN_ROTATE,00_NetsLogosStaticBlack,Skip,-,-,-,-,-,-,-,-,-,-,-,-,-,-,-,-,-,-,-,
,,,,,,,,,,,,-,,,,,019_BKN_CRN_ROTATE,00_NetsLogosStaticBlack,Skip,-,-,-,-,-,-,-,-,-,-,-,-,-,-,-,-,-,-,-,
,,,,,,,,,,,,-,,,,,019_BKN_CRN_ROTATE,00_NetsLogosStaticBlack,Skip,-,-,-,-,-,-,-,-,-,-,-,-,-,-,-,-,-,-,-,
,,,,,,,,,,,,-,,,,,019_BKN_CRN_ROTATE,00_NetsLogosStaticBlack,Skip,-,-,-,-,-,-,-,-,-,-,-,-,-,-,-,-,-,-,-,
,,,,,,,,,,,,-,,,,,019_BKN_CRN_ROTATE,00_NetsLogosStaticBlack,Skip,-,-,-,-,-,-,-,-,-,-,-,-,-,-,-,-,-,-,-,
,,,,,,,,,,,,-,,,,,019_BKN_CRN_ROTATE,00_NetsLogosStaticBlack,Skip,-,-,-,-,-,-,-,-,-,-,-,-,-,-,-,-,-,-,-,
,,,,,,,,,,,,-,,,,,019_BKN_CRN_ROTATE,00_NetsLogosStaticBlack,Skip,-,-,-,-,-,-,-,-,-,-,-,-,-,-,-,-,-,-,-,
,,,,,,,,,,,,-,,,,,019_BKN_CRN_ROTATE,00_NetsLogosStaticBlack,Skip,-,-,-,-,-,-,-,-,-,-,-,-,-,-,-,-,-,-,-,
,,,,,,,,,,,,-,,,,,019_BKN_CRN_ROTATE,00_NetsLogosStaticBlack,Skip,-,-,-,-,-,-,-,-,-,-,-,-,-,-,-,-,-,-,-,
,,,,,,,,,,,,-,,,,,019_BKN_CRN_ROTATE,00_NetsLogosStaticBlack,Skip,-,-,-,-,-,-,-,-,-,-,-,-,-,-,-,-,-,-,-,
,,,,,,,,,,,,-,,,,,019_BKN_CRN_ROTATE,00_NetsLogosStaticBlack,Skip,-,-,-,-,-,-,-,-,-,-,-,-,-,-,-,-,-,-,-,
,,,,,,,,,,,,-,,,,,019_BKN_CRN_ROTATE,00_NetsLogosStaticBlack,Skip,-,-,-,-,-,-,-,-,-,-,-,-,-,-,-,-,-,-,-,
,,,,,,,,,,,,-,,,,,019_BKN_CRN_ROTATE,00_NetsLogosStaticBlack,Skip,-,-,-,-,-,-,-,-,-,-,-,-,-,-,-,-,-,-,-,
,,,,,,,,,,,,-,,,,,019_BKN_CRN_ROTATE,00_NetsLogosStaticBlack,Skip,-,-,-,-,-,-,-,-,-,-,-,-,-,-,-,-,-,-,-,
,,,,,,,,,,,,-,,,,,019_BKN_CRN_ROTATE,00_NetsLogosStaticBlack,Skip,-,-,-,-,-,-,-,-,-,-,-,-,-,-,-,-,-,-,-,
,,,,,,,,,,,,-,,,,,019_BKN_CRN_ROTATE,00_NetsLogosStaticBlack,Skip,-,-,-,-,-,-,-,-,-,-,-,-,-,-,-,-,-,-,-,
,,,,,,,,,,,,-,,,,,019_BKN_CRN_ROTATE,00_NetsLogosStaticBlack,Skip,-,-,-,-,-,-,-,-,-,-,-,-,-,-,-,-,-,-,-,
,,,,,,,,,,,,-,,,,,019_BKN_CRN_ROTATE,00_NetsLogosStaticBlack,Skip,-,-,-,-,-,-,-,-,-,-,-,-,-,-,-,-,-,-,-,
,,,,,,,,,,,,-,,,,,019_BKN_CRN_ROTATE,00_NetsLogosStaticBlack,Skip,-,-,-,-,-,-,-,-,-,-,-,-,-,-,-,-,-,-,-,
,,,,,,,,,,,,-,,,,,019_BKN_CRN_ROTATE,00_NetsLogosStaticBlack,Skip,-,-,-,-,-,-,-,-,-,-,-,-,-,-,-,-,-,-,-,
,,,,,,,,,,,,-,,,,,019_BKN_CRN_ROTATE,00_NetsLogosStaticBlack,Skip,-,-,-,-,-,-,-,-,-,-,-,-,-,-,-,-,-,-,-,
,,,,,,,,,,,,-,,,,,019_BKN_CRN_ROTATE,00_NetsLogosStaticBlack,Skip,-,-,-,-,-,-,-,-,-,-,-,-,-,-,-,-,-,-,-,
,,,,,,,,,,,,-,,,,,019_BKN_CRN_ROTATE,00_NetsLogosStaticBlack,Skip,-,-,-,-,-,-,-,-,-,-,-,-,-,-,-,-,-,-,-,
,,,,,,,,,,,,-,,,,,019_BKN_CRN_ROTATE,00_NetsLogosStaticBlack,Skip,-,-,-,-,-,-,-,-,-,-,-,-,-,-,-,-,-,-,-,
,,,,,,,,,,,,-,,,,,019_BKN_CRN_ROTATE,00_NetsLogosStaticBlack,Skip,-,-,-,-,-,-,-,-,-,-,-,-,-,-,-,-,-,-,-,