9,,SYNC COMPLETE,CONTENT ERRORS,,FUSE PROGRAMMER,,,PROGRAMMING IN PROGRESS,,,HUD,CFD,,,RETURN TO INDEX,,,,,,,,,,,,,,,,,,,,,,,
CATEGORY,LOOK IDENTIFIER #,File Name,File Version,Notes,Version,Bank,Slot ,Mapping #,"Mapping 
Code",File Length,Play Mode,Error Flag,Midi Button,Notes to Kerstin,General/Show Call Notes,Upversioned Date,Folder,Look,File Path,Error Flag,Format,Codec_ID,Duration,Bit Rate,Width,Height,Aspect Ratio,Frame Rate Mode,Frame Rate,Stream Size,"Audio For,at",Audio Format/Settings,Audio Codec ID,Audio Duration,Audio Channels,Audio Channel Layout,Audio Sampling Rate,Audio Bit Depth
,,,,,,,,,,,,,,,,,,,,,,,,,,,,,,,,,,,,,,
060_IND_PCC,00_HereWeGoPacersCHANT,000_HereWeGoPacersCHANT_AUDIO_v02.mov,2,,1,060,000,024,AUDIO,6.53s,,-,45,,Coming out of a time out. Nothing super specific ,7/22/2020 14:21:08,060_IND_PCC,00_HereWeGoPacersCHANT,\060_IND_PCC\00_HereWeGoPacersCHANT\000_HereWeGoPacersCHANT_AUDIO_v02.mov,-,nclc,nclc,6540,77676,16,16,1.000,CFR,29.970,3612597,PCM,Little / Signed,sowt,6540,2,L R,48000,16
,,001_HereWeGoPacersCHANT_AUD_F_v01.mov,1,,1,060,001,001,AUD_F,6.53s,,-,45,,,,060_IND_PCC,00_HereWeGoPacersCHANT,\060_IND_PCC\00_HereWeGoPacersCHANT\001_HereWeGoPacersCHANT_AUD_F_v01.mov,-,nclc,nclc,6540,1217696366,10160,1600,6.350,CFR,29.970,998707114,PCM,Little / Signed,sowt,6540,2,L R,44100,16
,,004_HereWeGoPacersCHANT_RIB_F_v01.mov,1,,1,060,004,010,RIB_F,6.53s,,-,45,,,,060_IND_PCC,00_HereWeGoPacersCHANT,\060_IND_PCC\00_HereWeGoPacersCHANT\004_HereWeGoPacersCHANT_RIB_F_v01.mov,-,nclc,nclc,6540,97149147,9504,144,66.000,CFR,29.970,82659996,PCM,Little / Signed,sowt,6540,2,L R,44100,16
,01_LetsGoPacersCHANT,010_LetsGoPacersCHANT_AUDIO_v03.mov,3,,2,060,010,024,AUDIO,6.53s,,-,46,,,7/22/2020 14:21:31,060_IND_PCC,01_LetsGoPacersCHANT,\060_IND_PCC\01_LetsGoPacersCHANT\010_LetsGoPacersCHANT_AUDIO_v03.mov,-,nclc,nclc,6540,79041,16,16,1.000,CFR,29.970,1356583,PCM,Little / Signed,sowt,6540,2,L R,48000,16
,,011_LetsGoPacersCHANT_AUD_F_v03.mov,3,,2,060,011,001,AUD_F,6.53s,,-,46,,,7/18/2020,060_IND_PCC,01_LetsGoPacersCHANT,\060_IND_PCC\01_LetsGoPacersCHANT\011_LetsGoPacersCHANT_AUD_F_v03.mov,-,nclc,nclc,6540,1147276422,10160,1600,6.350,CFR,29.970,939066108,PCM,Little / Signed,sowt,6540,2,L R,44100,16
,,014_LetsGoPacersCHANT_RIB_F_v02.mov,2,,2,060,014,010,RIB_F,6.53s,,-,46,,,,060_IND_PCC,01_LetsGoPacersCHANT,\060_IND_PCC\01_LetsGoPacersCHANT\014_LetsGoPacersCHANT_RIB_F_v02.mov,-,nclc,nclc,6540,110136516,9504,144,66.000,CFR,29.970,91220668,PCM,Little / Signed,sowt,6540,2,L R,44100,16
,02_Indy_AnnaCHANT,020_Indy_AnnaCHANT_AUDIO_v05.mov,5,,1,060,020,024,AUDIO,6.5s,,-,47,,Have updates,,060_IND_PCC,02_Indy_AnnaCHANT,\060_IND_PCC\02_Indy_AnnaCHANT\020_Indy_AnnaCHANT_AUDIO_v05.mov,-,nclc,nclc,6507,51014,16,16,1.000,CFR,29.970,1292767,PCM,Little / Signed,sowt,6507,2,L R,48000,16
,,021_Indy_AnnaCHANT_AUD_F_v05.mov,5,,2,060,021,001,AUD_F,6.53s,,-,47,,,,060_IND_PCC,02_Indy_AnnaCHANT,\060_IND_PCC\02_Indy_AnnaCHANT\021_Indy_AnnaCHANT_AUD_F_v05.mov,-,nclc,nclc,6540,787927891,10160,1600,6.350,CFR,29.970,645376964,PCM,Little / Signed,sowt,6540,2,L R,48000,16
,,024_Indy_AnnaCHANT_RIB_F_v05.mov,5,,2,060,024,010,RIB_F,6.53s,,-,47,,,,060_IND_PCC,02_Indy_AnnaCHANT,\060_IND_PCC\02_Indy_AnnaCHANT\024_Indy_AnnaCHANT_RIB_F_v05.mov,-,nclc,nclc,6540,73502965,9504,144,66.000,CFR,29.970,60089453,-,-,-,-,-,-,-,-
,03_DefenseCHANT,030_DefenseCHANT_AUDIO_v02.mov,2,,2,060,030,024,AUDIO,7.73s,,-,48,,Use when they are on Defense ,,060_IND_PCC,03_DefenseCHANT,\060_IND_PCC\03_DefenseCHANT\030_DefenseCHANT_AUDIO_v02.mov,-,nclc,nclc,7742,83293,16,16,1.000,CFR,29.970,1569066,PCM,Little / Signed,sowt,7742,2,L R,48000,16
,,031_DefenseCHANT_AUD_F_v02.mov,2,,2,060,031,001,AUD_F,7.73s,,-,48,,,,060_IND_PCC,03_DefenseCHANT,\060_IND_PCC\03_DefenseCHANT\031_DefenseCHANT_AUD_F_v02.mov,-,nclc,nclc,7742,1178253280,10160,1600,6.350,CFR,29.970,1141607614,PCM,Little / Signed,sowt,7742,2,L R,48000,16
,,034_DefenseCHANT_RIB_F_v02.mov,2,,2,060,034,010,RIB_F,7.73s,,-,48,,,,060_IND_PCC,03_DefenseCHANT,\060_IND_PCC\03_DefenseCHANT\034_DefenseCHANT_RIB_F_v02.mov,-,nclc,nclc,7742,121660564,9504,144,66.000,CFR,29.970,119212040,PCM,Little / Signed,sowt,7742,2,L R,48000,16
,04_TwoMinutesPROMPT,040_TwoMinutesPROMPT_AUDIO_v06.mov,6,,6,060,040,024,AUDIO,4s,,-,,,V6 is on FTP. At end of every quarter. Use this instead of the PA ,,060_IND_PCC,04_TwoMinutesPROMPT,\060_IND_PCC\04_TwoMinutesPROMPT\040_TwoMinutesPROMPT_AUDIO_v06.mov,-,nclc,nclc,4004,51093,16,16,1.000,CFR,29.970,796037,PCM,Little / Signed,sowt,4005,2,L R,48000,16
,,041_TwoMinutesPROMPT_AUD_F_v06.mov,6,,6,060,041,001,AUD_F,4s,,-,,,,,060_IND_PCC,04_TwoMinutesPROMPT,\060_IND_PCC\04_TwoMinutesPROMPT\041_TwoMinutesPROMPT_AUD_F_v06.mov,-,nclc,nclc,4004,812529543,10160,1600,6.350,CFR,29.970,407442344,PCM,Little / Signed,sowt,4005,2,L R,48000,16
,,044_TwoMinutesPROMPT_RIB_F_v06.mov,6,,6,060,044,010,RIB_F,4s,,-,,,,,060_IND_PCC,04_TwoMinutesPROMPT,\060_IND_PCC\04_TwoMinutesPROMPT\044_TwoMinutesPROMPT_RIB_F_v06.mov,-,nclc,nclc,4004,76132218,9504,144,66.000,CFR,29.970,38105569,-,-,-,-,-,-,-,-
,05_FanRallyGeneric1,050_FanRallyGeneric1_AUDIO_v01.mov,1,,,060,050,024,AUDIO,20s,,-,,,,7/22/2020 14:28:00,060_IND_PCC,05_FanRallyGeneric1,\060_IND_PCC\05_FanRallyGeneric1\050_FanRallyGeneric1_AUDIO_v01.mov,-,nclc,nclc,20020,53691,16,16,1.000,CFR,29.970,3981920,PCM,Little / Signed,sowt,20021,2,L R,48000,16
,,051_FanRallyGeneric1_AUD_F_v02.mov,2,,,060,051,001,AUD_F,20s,,-,,,,7/22/2020 20:07:21,060_IND_PCC,05_FanRallyGeneric1,\060_IND_PCC\05_FanRallyGeneric1\051_FanRallyGeneric1_AUD_F_v02.mov,-,nclc,nclc,20020,1401660781,10160,1600,6.350,CFR,29.970,3511509485,PCM,Little / Signed,sowt,20021,2,L R,48000,16
,,054_FanRallyGeneric1_RIB_F_v02.mov,2,,,060,054,010,RIB_F,20s,,-,,,,7/22/2020 20:07:21,060_IND_PCC,05_FanRallyGeneric1,\060_IND_PCC\05_FanRallyGeneric1\054_FanRallyGeneric1_RIB_F_v02.mov,-,nclc,nclc,20020,75782452,9504,144,66.000,CFR,29.970,193494800,PCM,Little / Signed,sowt,20021,2,L R,48000,16
,06_FanRallyGeneric2,060_FanRallyGeneric2_AUDIO_v01.mov,1,,,060,060,024,AUDIO,20s,,-,,,,7/22/2020 14:28:06,060_IND_PCC,06_FanRallyGeneric2,\060_IND_PCC\06_FanRallyGeneric2\060_FanRallyGeneric2_AUDIO_v01.mov,-,nclc,nclc,20020,53594,16,16,1.000,CFR,29.970,3981676,PCM,Little / Signed,sowt,20021,2,L R,48000,16
,,061_FanRallyGeneric2_AUD_v02.mov,2,,,060,061,,,20s,,-,,,,7/22/2020 20:07:20,060_IND_PCC,06_FanRallyGeneric2,\060_IND_PCC\06_FanRallyGeneric2\061_FanRallyGeneric2_AUD_v02.mov,-,nclc,nclc,20020,1406537592,10160,1600,6.350,CFR,29.970,3523713716,PCM,Little / Signed,sowt,20021,2,L R,48000,16
,,064_FanRallyGeneric2_RIB_F_v02.mov,2,,,060,064,010,RIB_F,20s,,-,,,,7/22/2020 20:07:19,060_IND_PCC,06_FanRallyGeneric2,\060_IND_PCC\06_FanRallyGeneric2\064_FanRallyGeneric2_RIB_F_v02.mov,-,nclc,nclc,20020,75813071,9504,144,66.000,CFR,29.970,193571425,PCM,Little / Signed,sowt,20021,2,L R,48000,16
,07_FanRally4thQuarter,070_FanRally4thQuarter_AUDIO_v01.mov,1,,,060,070,024,AUDIO,35.27s,,-,,,,,060_IND_PCC,07_FanRally4thQuarter,\060_IND_PCC\07_FanRally4thQuarter\070_FanRally4thQuarter_AUDIO_v01.mov,-,nclc,nclc,35302,53885,16,16,1.000,CFR,29.970,7021468,PCM,Little / Signed,sowt,35302,2,L R,48000,16
,,071_FanRally4thQuarter_AUD_F_v01.mov,1,,,060,071,001,AUD_F,35.27s,,-,,,,7/22/2020 14:28:10,060_IND_PCC,07_FanRally4thQuarter,\060_IND_PCC\07_FanRally4thQuarter\071_FanRally4thQuarter_AUD_F_v01.mov,-,nclc,nclc,35302,1670809933,10160,1600,6.350,CFR,29.970,7379652073,PCM,Little / Signed,sowt,35302,2,L R,48000,16
,,074_FanRally4thQuarter_RIB_F_v01.mov,1,,,060,074,010,RIB_F,35.27s,,-,,,,7/22/2020 14:28:11,060_IND_PCC,07_FanRally4thQuarter,\060_IND_PCC\07_FanRally4thQuarter\074_FanRally4thQuarter_RIB_F_v01.mov,-,nclc,nclc,35302,81475193,9504,144,66.000,CFR,29.970,366315561,PCM,Little / Signed,sowt,35302,2,L R,48000,16
061_IND_FERA,00_3PointREACT,001_3PointREACT_AUD_F_v01.mov,1,,,061,001,001,AUD_F,7.73s,,-,43,,,,061_IND_FERA,00_3PointREACT,\061_IND_FERA\00_3PointREACT\001_3PointREACT_AUD_F_v01.mov,-,nclc,nclc,7742,1183081458,10160,1600,6.350,CFR,29.970,1148472216,PCM,Little / Signed,sowt,7742,2,L R,44100,16
,,004_3PointREACT_RIB_F_v01.mov,1,,,061,004,010,RIB_F,7.73s,,-,43,,,,061_IND_FERA,00_3PointREACT,\061_IND_FERA\00_3PointREACT\004_3PointREACT_RIB_F_v01.mov,-,nclc,nclc,7742,119839143,9504,144,66.000,CFR,29.970,119633781,PCM,Little / Signed,sowt,7742,2,L R,44100,16
,01_SlamDunkREACT,011_SlamDunkREACT_AUD_F_v01.mov,1,,1,061,011,001,AUD_F,7.73s,,-,41,,,,061_IND_FERA,01_SlamDunkREACT,\061_IND_FERA\01_SlamDunkREACT\011_SlamDunkREACT_AUD_F_v01.mov,-,nclc,nclc,7742,1211035343,10160,1600,6.350,CFR,29.970,1173238094,PCM,Little / Signed,sowt,7742,2,L R,44100,16
,,014_SlamDunkREACT_RIB_F_v01.mov,1,,1,061,014,010,RIB_F,7.73s,,-,41,,,,061_IND_FERA,01_SlamDunkREACT,\061_IND_FERA\01_SlamDunkREACT\014_SlamDunkREACT_RIB_F_v01.mov,-,nclc,nclc,7742,105505674,9504,144,66.000,CFR,29.970,105599585,PCM,Little / Signed,sowt,7742,2,L R,44100,16
,02_BlockedShotREACT,021_BlockedShotREACT_AUD_F_v01.mov,1,,1,061,021,001,AUD_F,7.73s,,-,52,,,,061_IND_FERA,02_BlockedShotREACT,\061_IND_FERA\02_BlockedShotREACT\021_BlockedShotREACT_AUD_F_v01.mov,-,nclc,nclc,7742,1203841506,10160,1600,6.350,CFR,29.970,1168491720,PCM,Little / Signed,sowt,7742,2,L R,44100,16
,,024_BlockedShotREACT_RIB_F_v01.mov,1,,1,061,024,010,RIB_F,7.73s,,-,52,,,7/22/2020 11:45:20,061_IND_FERA,02_BlockedShotREACT,\061_IND_FERA\02_BlockedShotREACT\024_BlockedShotREACT_RIB_F_v01.mov,-,nclc,nclc,7742,113579270,9504,144,66.000,CFR,29.970,111301954,PCM,Little / Signed,sowt,7742,2,L R,44100,16
,03_FanReact_LEV1,030_FanReact_LEV1_AUDIO_v01.mov,1,,1,061,030,024,AUDIO,7.73s,,-,,,,7/22/2020 14:39:54,061_IND_FERA,03_FanReact_LEV1,\061_IND_FERA\03_FanReact_LEV1\030_FanReact_LEV1_AUDIO_v01.mov,-,nclc,nclc,7742,60303,16,16,1.000,CFR,29.970,4509081,PCM,Little / Signed,sowt,7742,2,L R,48000,16
,,031_FanReact_LEV1_AUD_F_v01.mov,1,,1,061,031,001,AUD_F,7.73s,,-,,,,7/22/2020 14:40:20,061_IND_FERA,03_FanReact_LEV1,\061_IND_FERA\03_FanReact_LEV1\031_FanReact_LEV1_AUD_F_v01.mov,-,nclc,nclc,7742,1140778613,10160,1600,6.350,CFR,29.970,1107876440,PCM,Little / Signed,sowt,7742,2,L R,44100,16
,,034_FanReact_LEV1_RIB_F_v01.mov,1,,1,061,034,010,RIB_F,7.73s,,-,,,,7/22/2020 14:40:22,061_IND_FERA,03_FanReact_LEV1,\061_IND_FERA\03_FanReact_LEV1\034_FanReact_LEV1_RIB_F_v01.mov,-,nclc,nclc,7742,113352530,9504,144,66.000,CFR,29.970,113695020,PCM,Little / Signed,sowt,7742,2,L R,44100,16
,04_FanReact_LEV2,040_FanReact_LEV2_AUDIO_v01.mov,1,,1,061,040,024,AUDIO,7.73s,,-,,,,7/22/2020 14:41:05,061_IND_FERA,04_FanReact_LEV2,\061_IND_FERA\04_FanReact_LEV2\040_FanReact_LEV2_AUDIO_v01.mov,-,nclc,nclc,7742,59959,16,16,1.000,CFR,29.970,4958464,PCM,Little / Signed,sowt,7742,2,L R,48000,16
,,041_FanReact_LEV2_AUD_F_v01.mov,1,,1,061,041,001,AUD_F,7.73s,,-,,,,7/22/2020 14:41:06,061_IND_FERA,04_FanReact_LEV2,\061_IND_FERA\04_FanReact_LEV2\041_FanReact_LEV2_AUD_F_v01.mov,-,nclc,nclc,7742,1316925654,10160,1600,6.350,CFR,29.970,1278693431,PCM,Little / Signed,sowt,7742,2,L R,44100,16
,,044_FanReact_LEV2_RIB_F_v01.mov,1,,1,061,044,010,RIB_F,7.73s,,-,,,,7/22/2020 14:41:06,061_IND_FERA,04_FanReact_LEV2,\061_IND_FERA\04_FanReact_LEV2\044_FanReact_LEV2_RIB_F_v01.mov,-,nclc,nclc,7742,119849451,9504,144,66.000,CFR,29.970,120352430,PCM,Little / Signed,sowt,7742,2,L R,44100,16
,05_FanReact_LEV3,050_FanReact_LEV3_AUDIO_v01.mov,1,,1,061,050,024,AUDIO,7.73s,,-,,,,7/22/2020 14:42:16,061_IND_FERA,05_FanReact_LEV3,\061_IND_FERA\05_FanReact_LEV3\050_FanReact_LEV3_AUDIO_v01.mov,-,nclc,nclc,7742,60368,16,16,1.000,CFR,29.970,1578104,PCM,Little / Signed,sowt,7742,2,L R,48000,16
,,051_FanReact_LEV3_AUD_F_v01.mov,1,,1,061,051,001,AUD_F,7.73s,,-,,,,7/22/2020 14:42:18,061_IND_FERA,05_FanReact_LEV3,\061_IND_FERA\05_FanReact_LEV3\051_FanReact_LEV3_AUD_F_v01.mov,-,nclc,nclc,7742,1334505519,10160,1600,6.350,CFR,29.970,1296068291,PCM,Little / Signed,sowt,7742,2,L R,44100,16
,,054_FanReact_LEV3_RIB_F_v01.mov,1,,1,061,054,010,RIB_F,7.73s,,-,,,,7/22/2020 14:42:17,061_IND_FERA,05_FanReact_LEV3,\061_IND_FERA\05_FanReact_LEV3\054_FanReact_LEV3_RIB_F_v01.mov,-,nclc,nclc,7742,126117026,9504,144,66.000,CFR,29.970,126781454,PCM,Little / Signed,sowt,7742,2,L R,44100,16
,06_FanReact_LEV4,060_FanReact_LEV4_AUDIO_v01.mov,1,,1,061,060,024,AUDIO,7.73s,,-,,,,7/22/2020 14:43:01,061_IND_FERA,06_FanReact_LEV4,\061_IND_FERA\06_FanReact_LEV4\060_FanReact_LEV4_AUDIO_v01.mov,-,nclc,nclc,7742,58143,16,16,1.000,CFR,29.970,13170835,PCM,Little / Signed,sowt,7742,2,L R,48000,16
,,061_FanReact_LEV4_AUD_F_v01.mov,1,,1,061,061,001,AUD_F,7.73s,,-,,,,7/22/2020 14:43:01,061_IND_FERA,06_FanReact_LEV4,\061_IND_FERA\06_FanReact_LEV4\061_FanReact_LEV4_AUD_F_v01.mov,-,nclc,nclc,7742,1079536424,10160,1600,6.350,CFR,29.970,1049720791,PCM,Little / Signed,sowt,7742,2,L R,44100,16
,,064_FanReact_LEV4_RIB_F_v01.mov,1,,1,061,064,010,RIB_F,7.73s,,-,,,,7/22/2020 14:43:02,061_IND_FERA,06_FanReact_LEV4,\061_IND_FERA\06_FanReact_LEV4\064_FanReact_LEV4_RIB_F_v01.mov,-,nclc,nclc,7742,113248707,9504,144,66.000,CFR,29.970,114698969,PCM,Little / Signed,sowt,7742,2,L R,44100,16
,07_FanReact_PACERSWIN,070_FanReact_PACERSWIN_AUDIO_v01.mov,1,,,061,070,024,AUDIO,7.73s,,-,,,,7/22/2020 14:43:48,061_IND_FERA,07_FanReact_PACERSWIN,\061_IND_FERA\07_FanReact_PACERSWIN\070_FanReact_PACERSWIN_AUDIO_v01.mov,-,nclc,nclc,7742,58711,16,16,1.000,CFR,29.970,17413443,PCM,Little / Signed,sowt,7742,2,L R,48000,16
,,071_FanReact_PACERSWIN_AUD_F_v01.mov,1,,,061,071,001,AUD_F,7.73s,,-,,,,7/22/2020 14:43:52,061_IND_FERA,07_FanReact_PACERSWIN,\061_IND_FERA\07_FanReact_PACERSWIN\071_FanReact_PACERSWIN_AUD_F_v01.mov,-,nclc,nclc,7742,1103924880,10160,1600,6.350,CFR,29.970,1073392994,PCM,Little / Signed,sowt,7742,2,L R,44100,16
,,074_FanReact_PACERSWIN_RIB_F_v01.mov,1,,,061,074,010,RIB_F,7.73s,,-,,,,7/22/2020 14:43:52,061_IND_FERA,07_FanReact_PACERSWIN,\061_IND_FERA\07_FanReact_PACERSWIN\074_FanReact_PACERSWIN_RIB_F_v01.mov,-,nclc,nclc,7742,110540020,9504,144,66.000,CFR,29.970,112151029,PCM,Little / Signed,sowt,7742,2,L R,44100,16
,11_AnthemPerformance1,110_AnthemPeformance1_AUDIO_v02.mov,2,,,061,110,024,AUDIO,1m35.57s,,-,,,,,061_IND_FERA,11_AnthemPerformance1,\061_IND_FERA\11_AnthemPerformance1\110_AnthemPeformance1_AUDIO_v02.mov,-,nclc,nclc,95663,65269,16,16,1.000,CFR,29.970,19161090,PCM,Little / Signed,sowt,95663,2,L R,48000,16
,,118_AnthemPerformance1_SCB_v02.mov,2,,,061,118,017,SCB,1m35.63s,,-,,,,,061_IND_FERA,11_AnthemPerformance1,\061_IND_FERA\11_AnthemPerformance1\118_AnthemPerformance1_SCB_v02.mov,-,nclc,nclc,95729,346451794,1920,1080,1.778,CFR,29.970,4162772022,PCM,Little / Signed,sowt,95729,2,L R,44100,16
,12_AnthemPerformance2,120_AnthemPerformance2_AUDIO_v02.mov,2,,,061,120,024,AUDIO,1m20.87s,,-,,,,,061_IND_FERA,12_AnthemPerformance2,\061_IND_FERA\12_AnthemPerformance2\120_AnthemPerformance2_AUDIO_v02.mov,-,nclc,nclc,80948,65044,16,16,1.000,CFR,29.970,16211628,PCM,Little / Signed,sowt,80948,2,L R,48000,16
,,128_AnthemPerformance2_SCB_v02.mov,2,,,061,128,017,SCB,1m20.93s,,-,,,,,061_IND_FERA,12_AnthemPerformance2,\061_IND_FERA\12_AnthemPerformance2\128_AnthemPerformance2_SCB_v02.mov,-,nclc,nclc,81015,285113880,1920,1080,1.778,CFR,29.970,2901735542,PCM,Little / Signed,sowt,81015,2,L R,44100,16
,13_AnthemPerformance3,130_AnthemPerformance3_AUDIO_v02.mov,2,,,061,130,024,AUDIO,1m32.87s,,-,,,,,061_IND_FERA,13_AnthemPerformance3,\061_IND_FERA\13_AnthemPerformance3\130_AnthemPerformance3_AUDIO_v02.mov,-,nclc,nclc,92960,65207,16,16,1.000,CFR,29.970,18619054,PCM,Little / Signed,sowt,92960,2,L R,48000,16
,,138_AnthemPerformance3_SCB_v02.mov,2,,,061,138,017,SCB,1m32.93s,,-,,,,,061_IND_FERA,13_AnthemPerformance3,\061_IND_FERA\13_AnthemPerformance3\138_AnthemPerformance3_SCB_v02.mov,-,nclc,nclc,93027,360773501,1920,1080,1.778,CFR,29.970,4211767390,PCM,Little / Signed,sowt,93027,2,L R,44100,16
,14_AnthemPerformance4,140_AnthemPerformance4_AUDIO_v02.mov,2,,,061,140,024,AUDIO,1m52.37s,,-,,,,,061_IND_FERA,14_AnthemPerformance4,\061_IND_FERA\14_AnthemPerformance4\140_AnthemPerformance4_AUDIO_v02.mov,-,nclc,nclc,112480,64995,16,16,1.000,CFR,29.970,22525412,PCM,Little / Signed,sowt,112480,2,L R,48000,16
,,148_AnthemPerformance4_SCB_v02.mov,2,,,061,148,017,SCB,1m52.43s,,-,,,,,061_IND_FERA,14_AnthemPerformance4,\061_IND_FERA\14_AnthemPerformance4\148_AnthemPerformance4_SCB_v02.mov,-,nclc,nclc,112546,328306818,1920,1080,1.778,CFR,29.970,4638749728,PCM,Little / Signed,sowt,112546,2,L R,44100,16
,15_AnthemPerformance5,150_AnthemPerformance5_AUDIO_v02.mov,2,,,061,150,024,AUDIO,1m40.37s,,-,,,,,061_IND_FERA,15_AnthemPerformance5,\061_IND_FERA\15_AnthemPerformance5\150_AnthemPerformance5_AUDIO_v02.mov,-,nclc,nclc,100468,65561,16,16,1.000,CFR,29.970,20127095,PCM,Little / Signed,sowt,100468,2,L R,48000,16
,,158_AnthemPerformance5_SCB_v02.mov,2,,,061,158,017,SCB,1m40.43s,,-,,,,,061_IND_FERA,15_AnthemPerformance5,\061_IND_FERA\15_AnthemPerformance5\158_AnthemPerformance5_SCB_v02.mov,-,nclc,nclc,100534,376671234,1920,1080,1.778,CFR,29.970,4751441491,PCM,Little / Signed,sowt,100534,2,L R,44100,16
062_IND_Image_1,00_PacersScreensaver1,001_PacersScreensaver1_AUD_F_v01.mov,1,,1,062,001,001,AUD_F,10s,,-,,,,,062_IND_Image_1,00_PacersScreensaver1,\062_IND_Image_1\00_PacersScreensaver1\001_PacersScreensaver1_AUD_F_v01.mov,-,nclc,nclc,10010,260190284,10160,1600,6.350,CFR,29.970,329601031,PCM,Little / Signed,sowt,10010,2,L R,44100,16
,,004_PacersScreensaver1_RIB_F_v01.mov,1,,1,062,004,010,RIB_F,10s,,-,,,,,062_IND_Image_1,00_PacersScreensaver1,\062_IND_Image_1\00_PacersScreensaver1\004_PacersScreensaver1_RIB_F_v01.mov,-,nclc,nclc,10010,46373983,9504,144,66.000,CFR,29.970,59827300,PCM,Little / Signed,sowt,10010,2,L R,44100,16
,,008_PacersScreensaver1_SCB_v01.mov,1,,1,062,008,017,SCB,10s,,-,,,,,062_IND_Image_1,00_PacersScreensaver1,\062_IND_Image_1\00_PacersScreensaver1\008_PacersScreensaver1_SCB_v01.mov,-,nclc,nclc,10010,31865549,1920,1080,1.778,CFR,29.970,41673606,PCM,Little / Signed,sowt,10010,2,L R,44100,16
,01_PacersScreensaver2,,,,,,,,,,,-,,,,,062_IND_Image_1,01_PacersScreensaver2,Skip,-,-,-,-,-,-,-,-,-,-,-,-,-,-,-,-,-,-,-
,02_PacersGameNight,021_PacersGameNight_AUD_F_v02.mov,2,,,062,021,001,AUD_F,7.73s,,-,,,,,062_IND_Image_1,02_PacersGameNight,\062_IND_Image_1\02_PacersGameNight\021_PacersGameNight_AUD_F_v02.mov,-,nclc,nclc,7742,240336109,10160,1600,6.350,CFR,29.970,235802021,PCM,Little / Signed,sowt,7742,2,L R,44100,16
,,024_PacersGameNight_RIB_F_v03.mov,3,,,062,024,010,RIB_F,7.73s,,-,,,,,062_IND_Image_1,02_PacersGameNight,\062_IND_Image_1\02_PacersGameNight\024_PacersGameNight_RIB_F_v03.mov,-,nclc,nclc,7742,50768130,9504,144,66.000,CFR,29.970,52824208,PCM,Little / Signed,sowt,7742,2,L R,44100,16
,,021_PacersGameNight_SCB_v01.mov,1,,,062,021,017,SCB,,,-F,,,,,062_IND_Image_1,02_PacersGameNight,\062_IND_Image_1\02_PacersGameNight\021_PacersGameNight_SCB_v01.mov,-F,No File,No File,No File,No File,No File,No File,No File,No File,No File,No File,No File,No File,No File,No File,No File,No File,No File,No File
,03_PHIvsIND,031_PHIvsIND_AUD_F_v01.mov,1,,,062,031,001,AUD_F,7.73s,,-,,,,,062_IND_Image_1,03_PHIvsIND,\062_IND_Image_1\03_PHIvsIND\031_PHIvsIND_AUD_F_v01.mov,-,nclc,nclc,7742,285771262,10160,1600,6.350,CFR,29.970,280046623,PCM,Little / Signed,sowt,7742,2,L R,44100,16
,,034_PHIvsIND_RIB_F_v01.mov,1,,,062,034,010,RIB_F,7.73s,,-,,,,,062_IND_Image_1,03_PHIvsIND,\062_IND_Image_1\03_PHIvsIND\034_PHIvsIND_RIB_F_v01.mov,-,nclc,nclc,7742,45145403,9504,144,66.000,CFR,29.970,47479454,PCM,Little / Signed,sowt,7742,2,L R,44100,16
,,038_PHIvsIND_SCB_v01.mov,1,,,062,038,017,SCB,7.73s,,-,,,,,062_IND_Image_1,03_PHIvsIND,\062_IND_Image_1\03_PHIvsIND\038_PHIvsIND_SCB_v01.mov,-,nclc,nclc,7742,28084531,1920,1080,1.778,CFR,29.970,30726170,PCM,Little / Signed,sowt,7742,2,L R,44100,16
,04_ORLvsIND,041_ORLvsIND_AUD_F_v01.mov,1,,,062,041,001,AUD_F,7.73s,,-,,,,7/22/2020 20:10:31,062_IND_Image_1,04_ORLvsIND,\062_IND_Image_1\04_ORLvsIND\041_ORLvsIND_AUD_F_v01.mov,-,nclc,nclc,7742,322649900,10160,1600,6.350,CFR,29.970,315737684,PCM,Little / Signed,sowt,7742,2,L R,44100,16
,,044_ORLvsIND_RIB_F_v01.mov,1,,,062,044,010,RIB_F,7.73s,,-,,,,7/22/2020 20:10:31,062_IND_Image_1,04_ORLvsIND,\062_IND_Image_1\04_ORLvsIND\044_ORLvsIND_RIB_F_v01.mov,-,nclc,nclc,7742,53436558,9504,144,66.000,CFR,29.970,55508286,PCM,Little / Signed,sowt,7742,2,L R,44100,16
,,048_ORLvsIND_SCB_v01.mov,1,,,062,048,017,SCB,7.73s,,-,,,,,062_IND_Image_1,04_ORLvsIND,\062_IND_Image_1\04_ORLvsIND\048_ORLvsIND_SCB_v01.mov,-,nclc,nclc,7742,29454772,1920,1080,1.778,CFR,29.970,32074328,PCM,Little / Signed,sowt,7742,2,L R,44100,16
,05_LALvsIND,051_LALvsIND_AUD_F_v01.mov,1,,,062,051,001,AUD_F,7.73s,,-,,,,,062_IND_Image_1,05_LALvsIND,\062_IND_Image_1\05_LALvsIND\051_LALvsIND_AUD_F_v01.mov,-,nclc,nclc,7742,343197888,10160,1600,6.350,CFR,29.970,335628150,PCM,Little / Signed,sowt,7742,2,L R,44100,16
,,054_LALvsIND_RIB_F_v01.mov,1,,,062,054,010,RIB_F,7.73s,,-,,,,,062_IND_Image_1,05_LALvsIND,\062_IND_Image_1\05_LALvsIND\054_LALvsIND_RIB_F_v01.mov,-,nclc,nclc,7742,56131023,9504,144,66.000,CFR,29.970,58123071,PCM,Little / Signed,sowt,7742,2,L R,44100,16
,,058_LALvsIND_SCB_v01.mov,1,,,062,058,017,SCB,7.73s,,-,,,,,062_IND_Image_1,05_LALvsIND,\062_IND_Image_1\05_LALvsIND\058_LALvsIND_SCB_v01.mov,-,nclc,nclc,7742,30451714,1920,1080,1.778,CFR,29.970,33046597,PCM,Little / Signed,sowt,7742,2,L R,44100,16
,06_MIAvsIND,061_MIAvsIND_AUD_F_v01.mov,1,,,062,061,001,AUD_F,7.73s,,-,,,,,062_IND_Image_1,06_MIAvsIND,\062_IND_Image_1\06_MIAvsIND\061_MIAvsIND_AUD_F_v01.mov,-,nclc,nclc,7742,324029593,10160,1600,6.350,CFR,29.970,317087773,PCM,Little / Signed,sowt,7742,2,L R,44100,16
,,064_MIAvsIND_RIB_F_v01.mov,1,,,062,064,010,RIB_F,7.73s,,-,,,,,062_IND_Image_1,06_MIAvsIND,\062_IND_Image_1\06_MIAvsIND\064_MIAvsIND_RIB_F_v01.mov,-,nclc,nclc,7742,49339792,9504,144,66.000,CFR,29.970,51559165,PCM,Little / Signed,sowt,7742,2,L R,44100,16
,,068_MIAvsIND_SCB_v01.mov,1,,,062,068,017,SCB,7.73s,,-,,,,,062_IND_Image_1,06_MIAvsIND,\062_IND_Image_1\06_MIAvsIND\068_MIAvsIND_SCB_v01.mov,-,nclc,nclc,7742,30125696,1920,1080,1.778,CFR,29.970,32738653,PCM,Little / Signed,sowt,7742,2,L R,44100,16
,07_PacersGameNightSTILL,074_PacersGameNightSTILL_RIB_F_v01.mov,1,,1,062,074,010,RIB_F,0.03s,,-,,,,7/22/2020 14:52:11,062_IND_Image_1,07_PacersGameNightSTILL,\062_IND_Image_1\07_PacersGameNightSTILL\074_PacersGameNightSTILL_RIB_F_v01.mov,-,nclc,nclc,34,50017293,9504,144,66.000,CFR,29.970,2544074,PCM,Little / Signed,sowt,34,2,L R,44100,16
,08_PHIvsIND_STILL,084_PHIvsIND_STILL_RIB_F_v01.mov,1,,,062,084,010,RIB_F,0.03s,,-,,,,7/22/2020 14:52:13,062_IND_Image_1,08_PHIvsIND_STILL,\062_IND_Image_1\08_PHIvsIND_STILL\084_PHIvsIND_STILL_RIB_F_v01.mov,-,nclc,nclc,34,40756323,9504,144,66.000,CFR,29.970,2617254,PCM,Little / Signed,sowt,34,2,L R,44100,16
,09_ORLvsIND_STILL,094_ORLvsIND_STILL_RIB_F_v01.mov,1,,,062,094,010,RIB_F,0.03s,,-,,,,7/22/2020 14:52:13,062_IND_Image_1,09_ORLvsIND_STILL,\062_IND_Image_1\09_ORLvsIND_STILL\094_ORLvsIND_STILL_RIB_F_v01.mov,-,nclc,nclc,34,49022528,9504,144,66.000,CFR,29.970,2651731,PCM,Little / Signed,sowt,34,2,L R,44100,16
,10_LALvsIND_STILL,104_LALvsIND_STILL_RIB_F_v01.mov,1,,,062,104,010,RIB_F,0.03s,,-,,,,7/22/2020 14:52:14,062_IND_Image_1,10_LALvsIND_STILL,\062_IND_Image_1\10_LALvsIND_STILL\104_LALvsIND_STILL_RIB_F_v01.mov,-,nclc,nclc,34,52039428,9504,144,66.000,CFR,29.970,2664314,PCM,Little / Signed,sowt,34,2,L R,44100,16
,11_MIAvsIND_STILL,114_MIAvsIND_STILL_RIB_F_v01.mov,1,,,062,114,010,RIB_F,0.03s,,-,,,,7/22/2020 14:52:15,062_IND_Image_1,11_MIAvsIND_STILL,\062_IND_Image_1\11_MIAvsIND_STILL\114_MIAvsIND_STILL_RIB_F_v01.mov,-,nclc,nclc,34,44311484,9504,144,66.000,CFR,29.970,2632082,PCM,Little / Signed,sowt,34,2,L R,44100,16
063_IND_Image_2,,,,,,,,,,,,-,,,,,063_IND_Image_2,11_MIAvsIND_STILL,Skip,-,-,-,-,-,-,-,-,-,-,-,-,-,-,-,-,-,-,-
064_IND_Video,00_TipOffVideo,000_TipOffVideo_AUDIO_v02.mov,2,,1,064,000,024,AUDIO,34.83s,,-,,,Pre-Tipoff. Plays into SevenNationArmy ,7/22/2020 14:56:03,064_IND_Video,00_TipOffVideo,\064_IND_Video\00_TipOffVideo\000_TipOffVideo_AUDIO_v02.mov,-,nclc,nclc,34869,88839,16,16,1.000,CFR,29.970,11678095,PCM,Little / Signed,sowt,34869,2,L R,48000,16
,,001_TipOffVideo_AUD_F_v02.mov,2,,1,064,001,001,AUD_F,40.83s,,-,,,,7/22/2020 14:56:18,064_IND_Video,00_TipOffVideo,\064_IND_Video\00_TipOffVideo\001_TipOffVideo_AUD_F_v02.mov,-,nclc,nclc,40875,1254898205,10160,1600,6.350,CFR,29.970,6423814819,PCM,Little / Signed,sowt,40875,2,L R,44100,16
,,004_TipOffVideo_RIB_F_v03.mov,3,,2,064,004,010,RIB_F,40.83s,,-,,,,7/22/2020 14:56:13,064_IND_Video,00_TipOffVideo,\064_IND_Video\00_TipOffVideo\004_TipOffVideo_RIB_F_v03.mov,-,nclc,nclc,40875,58877517,9504,144,66.000,CFR,29.970,311025477,PCM,Little / Signed,sowt,40875,2,L R,44100,16
,,008_TipOffVideo_SCB_v02.mov,2,,1,064,008,017,SCB,40.83s,,-,,,,7/22/2020 14:56:15,064_IND_Video,00_TipOffVideo,\064_IND_Video\00_TipOffVideo\008_TipOffVideo_SCB_v02.mov,-,nclc,nclc,40875,359153551,1920,1080,1.778,CFR,29.970,1846924592,PCM,Little / Signed,sowt,40875,2,L R,44100,16
,01_SevenNationArmyTipRally,010_SevenNationArmyTipRally_AUDIO_v02.mov,2,,1,064,010,024,AUDIO,2m47.03s,,-,,,Plays after the TipOff pkg. ,7/22/2020 14:59:14,064_IND_Video,01_SevenNationArmyTipRally,\064_IND_Video\01_SevenNationArmyTipRally\010_SevenNationArmyTipRally_AUDIO_v02.mov,-,nclc,nclc,167201,89829,16,16,1.000,CFR,29.970,34619731,PCM,Little / Signed,sowt,167201,2,L R,48000,16
,,011_SevenNationArmyTipRally_AUD_F_v01.mov,1,,1,064,011,001,AUD_F,23.17s,,-,,,,,064_IND_Video,01_SevenNationArmyTipRally,\064_IND_Video\01_SevenNationArmyTipRally\011_SevenNationArmyTipRally_AUD_F_v01.mov,-,nclc,nclc,23190,1063877881,10160,1600,6.350,CFR,29.970,3090454602,PCM,Little / Signed,sowt,23190,2,L R,44100,16
,,014_SevenNationArmyTipRally_RIB_F_v02.mov,2,,2,064,014,010,RIB_F,23.17s,,-,,,,,064_IND_Video,01_SevenNationArmyTipRally,\064_IND_Video\01_SevenNationArmyTipRally\014_SevenNationArmyTipRally_RIB_F_v02.mov,-,nclc,nclc,23190,97730076,9504,144,66.000,CFR,29.970,289842259,PCM,Little / Signed,sowt,23190,2,L R,44100,16
,,018_SevenNationArmyTipRally_SCB_v01.mov,1,,1,064,018,017,SCB,23.17s,,-,,,,,064_IND_Video,01_SevenNationArmyTipRally,\064_IND_Video\01_SevenNationArmyTipRally\018_SevenNationArmyTipRally_SCB_v01.mov,-,nclc,nclc,23190,199343761,1920,1080,1.778,CFR,29.970,581987008,PCM,Little / Signed,sowt,23190,2,L R,44100,16
,02_BitadzePackage,021_BitadzePackage_AUD_F_v01.mov,1,why no Bowen package? -JL,1,064,021,001,AUD_F,30s,,-,17,,"Highlight package, NOT intros. Use if they go on a run, etc",,064_IND_Video,02_BitadzePackage,\064_IND_Video\02_BitadzePackage\021_BitadzePackage_AUD_F_v01.mov,-,nclc,nclc,30030,1939840745,10160,1600,6.350,CFR,29.970,7287594952,PCM,Little / Signed,sowt,30030,2,L R,44100,16
,,024_BitadzePackage_RIB_F_v01.mov,1,,1,064,024,010,RIB_F,30s,,-,17,,30 Sec each. Useful for into a timeout. ,,064_IND_Video,02_BitadzePackage,\064_IND_Video\02_BitadzePackage\024_BitadzePackage_RIB_F_v01.mov,-,nclc,nclc,30030,89510727,9504,144,66.000,CFR,29.970,341895514,PCM,Little / Signed,sowt,30030,2,L R,44100,16
,,028_BitadzePackage_SCB_v01.mov,1,,1,064,028,017,SCB,30s,,-,17,,,,064_IND_Video,02_BitadzePackage,\064_IND_Video\02_BitadzePackage\028_BitadzePackage_SCB_v01.mov,-,nclc,nclc,30030,203497790,1920,1080,1.778,CFR,29.970,769724788,PCM,Little / Signed,sowt,30030,2,L R,44100,16
,03_BrogdonPackage,031_BrogdonPackage_AUD_F_v01.mov,1,,1,064,031,001,AUD_F,30s,,-,5,,,,064_IND_Video,03_BrogdonPackage,\064_IND_Video\03_BrogdonPackage\031_BrogdonPackage_AUD_F_v01.mov,-,nclc,nclc,30030,2076469282,10160,1600,6.350,CFR,29.970,7800456896,PCM,Little / Signed,sowt,30030,2,L R,44100,16
,,034_BrogdonPackage_RIB_F_v01.mov,1,,1,064,034,010,RIB_F,30s,,-,5,,,,064_IND_Video,03_BrogdonPackage,\064_IND_Video\03_BrogdonPackage\034_BrogdonPackage_RIB_F_v01.mov,-,nclc,nclc,30030,102251092,9504,144,66.000,CFR,29.970,389711747,PCM,Little / Signed,sowt,30030,2,L R,44100,16
,,038_BrogdonPackage_SCB_v01.mov,1,,1,064,038,017,SCB,30s,,-,5,,,,064_IND_Video,03_BrogdonPackage,\064_IND_Video\03_BrogdonPackage\038_BrogdonPackage_SCB_v01.mov,-,nclc,nclc,30030,225723589,1920,1080,1.778,CFR,29.970,853146959,PCM,Little / Signed,sowt,30030,2,L R,44100,16
,04_HolidayAaronPackage,041_HolidayAaronPackage_AUD_F_v01.mov,1,,1,064,041,001,AUD_F,30s,,-,2,,,,064_IND_Video,04_HolidayAaronPackage,\064_IND_Video\04_HolidayAaronPackage\041_HolidayAaronPackage_AUD_F_v01.mov,-,nclc,nclc,30030,2025977976,10160,1600,6.350,CFR,29.970,7610906571,PCM,Little / Signed,sowt,30030,2,L R,44100,16
,,044_HolidayAaronPackage_RIB_F_v01.mov,1,,1,064,044,010,RIB_F,30s,,-,2,,,,064_IND_Video,04_HolidayAaronPackage,\064_IND_Video\04_HolidayAaronPackage\044_HolidayAaronPackage_RIB_F_v01.mov,-,nclc,nclc,30030,92555968,9504,144,66.000,CFR,29.970,353309254,PCM,Little / Signed,sowt,30030,2,L R,44100,16
,,048_HolidayAaronPackage_SCB_v01.mov,1,,1,064,048,017,SCB,30s,,-,2,,,,064_IND_Video,04_HolidayAaronPackage,\064_IND_Video\04_HolidayAaronPackage\048_HolidayAaronPackage_SCB_v01.mov,-,nclc,nclc,30030,215767076,1920,1080,1.778,CFR,29.970,815763282,PCM,Little / Signed,sowt,30030,2,L R,44100,16
,05_HolidayJustinPackage,051_HolidayJustinPackage_AUD_F_v01.mov,1,,1,064,051,001,AUD_F,30s,,-,6,,,,064_IND_Video,05_HolidayJustinPackage,\064_IND_Video\05_HolidayJustinPackage\051_HolidayJustinPackage_AUD_F_v01.mov,-,nclc,nclc,30030,2090508957,10160,1600,6.350,CFR,29.970,7853162656,PCM,Little / Signed,sowt,30030,2,L R,44100,16
,,054_HolidayJustinPackage_RIB_F_v01.mov,1,,1,064,054,010,RIB_F,30s,,-,6,,,,064_IND_Video,05_HolidayJustinPackage,\064_IND_Video\05_HolidayJustinPackage\054_HolidayJustinPackage_RIB_F_v01.mov,-,nclc,nclc,30030,94200645,9504,144,66.000,CFR,29.970,359494251,PCM,Little / Signed,sowt,30030,2,L R,44100,16
,,058_HolidayJustinPackage_SCB_v01.mov,1,,1,064,058,017,SCB,30s,,-,6,,,,064_IND_Video,05_HolidayJustinPackage,\064_IND_Video\05_HolidayJustinPackage\058_HolidayJustinPackage_SCB_v01.mov,-,nclc,nclc,30030,211336051,1920,1080,1.778,CFR,29.970,799141580,PCM,Little / Signed,sowt,30030,2,L R,44100,16
,06_LeafPackage,061_LeafPackage_AUD_F_v01.mov,1,,1,064,061,001,AUD_F,30s,,-,13,,,,064_IND_Video,06_LeafPackage,\064_IND_Video\06_LeafPackage\061_LeafPackage_AUD_F_v01.mov,-,nclc,nclc,30030,2122923190,10160,1600,6.350,CFR,29.970,7974820231,PCM,Little / Signed,sowt,30030,2,L R,44100,16
,,064_LeafPackage_RIB_F_v01.mov,1,,1,064,064,010,RIB_F,30s,,-,13,,,,064_IND_Video,06_LeafPackage,\064_IND_Video\06_LeafPackage\064_LeafPackage_RIB_F_v01.mov,-,nclc,nclc,30030,87728637,9504,144,66.000,CFR,29.970,335196912,PCM,Little / Signed,sowt,30030,2,L R,44100,16
,,068_LeafPackage_SCB_v01.mov,1,,1,064,068,017,SCB,30s,,-,13,,,,064_IND_Video,06_LeafPackage,\064_IND_Video\06_LeafPackage\068_LeafPackage_SCB_v01.mov,-,nclc,nclc,30030,228134199,1920,1080,1.778,CFR,29.970,862194758,PCM,Little / Signed,sowt,30030,2,L R,44100,16
,07_McConnellPackage,071_McConnellPackage_AUD_F_v01.mov,1,,1,064,071,001,AUD_F,30s,,-,7,,,,064_IND_Video,07_McConnellPackage,\064_IND_Video\07_McConnellPackage\071_McConnellPackage_AUD_F_v01.mov,-,nclc,nclc,30030,2129591921,10160,1600,6.350,CFR,29.970,7999838964,PCM,Little / Signed,sowt,30030,2,L R,44100,16
,,074_McConnellPackage_RIB_F_v01.mov,1,,1,064,074,010,RIB_F,30s,,-,7,,,,064_IND_Video,07_McConnellPackage,\064_IND_Video\07_McConnellPackage\074_McConnellPackage_RIB_F_v01.mov,-,nclc,nclc,30030,95523151,9504,144,66.000,CFR,29.970,364435503,PCM,Little / Signed,sowt,30030,2,L R,44100,16
,,078_McConnellPackage_SCB_v01.mov,1,,1,064,078,017,SCB,30s,,-,7,,,,064_IND_Video,07_McConnellPackage,\064_IND_Video\07_McConnellPackage\078_McConnellPackage_SCB_v01.mov,-,nclc,nclc,30030,226389731,1920,1080,1.778,CFR,29.970,855626311,PCM,Little / Signed,sowt,30030,2,L R,44100,16
,08_McDermottPackage,081_McDermottPackage_AUD_F_v01.mov,1,,1,064,081,001,AUD_F,30s,,-,12,,,,064_IND_Video,08_McDermottPackage,\064_IND_Video\08_McDermottPackage\081_McDermottPackage_AUD_F_v01.mov,-,nclc,nclc,30030,2027741134,10160,1600,6.350,CFR,29.970,7617532056,PCM,Little / Signed,sowt,30030,2,L R,44100,16
,,084_McDermottPackage_RIB_F_v01.mov,1,,1,064,084,010,RIB_F,30s,,-,12,,,,064_IND_Video,08_McDermottPackage,\064_IND_Video\08_McDermottPackage\084_McDermottPackage_RIB_F_v01.mov,-,nclc,nclc,30030,94021670,9504,144,66.000,CFR,29.970,358815159,PCM,Little / Signed,sowt,30030,2,L R,44100,16
,,088_McDermottPackage_SCB_v01.mov,1,,1,064,088,017,SCB,30s,,-,12,,,,064_IND_Video,08_McDermottPackage,\064_IND_Video\08_McDermottPackage\088_McDermottPackage_SCB_v01.mov,-,nclc,nclc,30030,201395557,1920,1080,1.778,CFR,29.970,761820191,PCM,Little / Signed,sowt,30030,2,L R,44100,16
,09_SabonisPackage,091_SabonisPackage_AUD_F_v01.mov,1,,1,064,091,001,AUD_F,30s,,-,9,,,,064_IND_Video,09_SabonisPackage,\064_IND_Video\09_SabonisPackage\091_SabonisPackage_AUD_F_v01.mov,-,nclc,nclc,30030,1959319939,10160,1600,6.350,CFR,29.970,7360916633,PCM,Little / Signed,sowt,30030,2,L R,44100,16
,,094_SabonisPackage_RIB_F_v01.mov,1,,1,064,094,010,RIB_F,30s,,-,9,,,,064_IND_Video,09_SabonisPackage,\064_IND_Video\09_SabonisPackage\094_SabonisPackage_RIB_F_v01.mov,-,nclc,nclc,30030,95905298,9504,144,66.000,CFR,29.970,365894191,PCM,Little / Signed,sowt,30030,2,L R,44100,16
,,098_SabonisPackage_SCB_v01.mov,1,,1,064,098,017,SCB,30s,,-,9,,,,064_IND_Video,09_SabonisPackage,\064_IND_Video\09_SabonisPackage\098_SabonisPackage_SCB_v01.mov,-,nclc,nclc,30030,202765918,1920,1080,1.778,CFR,29.970,766972522,PCM,Little / Signed,sowt,30030,2,L R,44100,16
,10_SampsonPackage,101_SampsonPackage_AUD_F_v01.mov,1,,1,064,101,001,AUD_F,30s,,-,10,,,,064_IND_Video,10_SampsonPackage,\064_IND_Video\10_SampsonPackage\101_SampsonPackage_AUD_F_v01.mov,-,nclc,nclc,30030,1954427158,10160,1600,6.350,CFR,29.970,7342366354,PCM,Little / Signed,sowt,30030,2,L R,44100,16
,,104_SampsonPackage_RIB_F_v01.mov,1,,1,064,104,010,RIB_F,30s,,-,10,,,,064_IND_Video,10_SampsonPackage,\064_IND_Video\10_SampsonPackage\104_SampsonPackage_RIB_F_v01.mov,-,nclc,nclc,30030,95996925,9504,144,66.000,CFR,29.970,366230151,PCM,Little / Signed,sowt,30030,2,L R,44100,16
,,108_SampsonPackage_SCB_v01.mov,1,,1,064,108,017,SCB,30s,,-,10,,,,064_IND_Video,10_SampsonPackage,\064_IND_Video\10_SampsonPackage\108_SampsonPackage_SCB_v01.mov,-,nclc,nclc,30030,206094447,1920,1080,1.778,CFR,29.970,779458999,PCM,Little / Signed,sowt,30030,2,L R,44100,16
,11_SumnerPackage,111_SumnerPackage_AUD_F_v01.mov,1,,1,064,111,001,AUD_F,30s,,-,4,,,,064_IND_Video,11_SumnerPackage,\064_IND_Video\11_SumnerPackage\111_SumnerPackage_AUD_F_v01.mov,-,nclc,nclc,30030,1961253471,10160,1600,6.350,CFR,29.970,7367959072,PCM,Little / Signed,sowt,30030,2,L R,44100,16
,,114_SumnerPackage_RIB_F_v01.mov,1,,1,064,114,010,RIB_F,30s,,-,4,,,,064_IND_Video,11_SumnerPackage,\064_IND_Video\11_SumnerPackage\114_SumnerPackage_RIB_F_v01.mov,-,nclc,nclc,30030,97893696,9504,144,66.000,CFR,29.970,373346817,PCM,Little / Signed,sowt,30030,2,L R,44100,16
,,118_SumnerPackage_SCB_v01.mov,1,,1,064,118,017,SCB,30s,,-,4,,,,064_IND_Video,11_SumnerPackage,\064_IND_Video\11_SumnerPackage\118_SumnerPackage_SCB_v01.mov,-,nclc,nclc,30030,205008056,1920,1080,1.778,CFR,29.970,775377682,PCM,Little / Signed,sowt,30030,2,L R,44100,16
,12_TurnerPackage,121_TurnerPackage_AUD_F_v01.mov,1,,1,064,121,001,AUD_F,30s,,-,16,,,,064_IND_Video,12_TurnerPackage,\064_IND_Video\12_TurnerPackage\121_TurnerPackage_AUD_F_v01.mov,-,nclc,nclc,30030,1935160919,10160,1600,6.350,CFR,29.970,7270226610,PCM,Little / Signed,sowt,30030,2,L R,44100,16
,,124_TurnerPackage_RIB_F_v01.mov,1,,1,064,124,010,RIB_F,30s,,-,16,,,,064_IND_Video,12_TurnerPackage,\064_IND_Video\12_TurnerPackage\124_TurnerPackage_RIB_F_v01.mov,-,nclc,nclc,30030,92812667,9504,144,66.000,CFR,29.970,354285229,PCM,Little / Signed,sowt,30030,2,L R,44100,16
,,128_TurnerPackage_SCB_v01.mov,1,,1,064,128,017,SCB,30s,,-,16,,,,064_IND_Video,12_TurnerPackage,\064_IND_Video\12_TurnerPackage\128_TurnerPackage_SCB_v01.mov,-,nclc,nclc,30030,205311201,1920,1080,1.778,CFR,29.970,776526922,PCM,Little / Signed,sowt,30030,2,L R,44100,16
,13_WarrenPackage,131_WarrenPackage_AUD_F_v01.mov,1,,1,064,131,001,AUD_F,30s,,-,1,,,,064_IND_Video,13_WarrenPackage,\064_IND_Video\13_WarrenPackage\131_WarrenPackage_AUD_F_v01.mov,-,nclc,nclc,30030,2167445472,10160,1600,6.350,CFR,29.970,8141961842,PCM,Little / Signed,sowt,30030,2,L R,44100,16
,,134_WarrenPackage_RIB_F_v01.mov,1,,1,064,134,010,RIB_F,30s,,-,1,,,,064_IND_Video,13_WarrenPackage,\064_IND_Video\13_WarrenPackage\134_WarrenPackage_RIB_F_v01.mov,-,nclc,nclc,30030,99277768,9504,144,66.000,CFR,29.970,378546186,PCM,Little / Signed,sowt,30030,2,L R,44100,16
,,138_WarrenPackage_SCB_v01.mov,1,,1,064,138,017,SCB,30s,,-,1,,,,064_IND_Video,13_WarrenPackage,\064_IND_Video\13_WarrenPackage\138_WarrenPackage_SCB_v01.mov,-,nclc,nclc,30030,230872480,1920,1080,1.778,CFR,29.970,872470215,PCM,Little / Signed,sowt,30030,2,L R,44100,16
,14_OladipoPackage,141_OladipoPackage_AUD_F_v01.mov,1,,1,064,141,001,AUD_F,30s,,-,3,,,,064_IND_Video,14_OladipoPackage,\064_IND_Video\14_OladipoPackage\141_OladipoPackage_AUD_F_v01.mov,-,nclc,nclc,30030,2032421830,10160,1600,6.350,CFR,29.970,7635134252,PCM,Little / Signed,sowt,30030,2,L R,44100,16
,,144_OladipoPackage_RIB_F_v01.mov,1,,1,064,144,010,RIB_F,30s,,-,3,,,,064_IND_Video,14_OladipoPackage,\064_IND_Video\14_OladipoPackage\144_OladipoPackage_RIB_F_v01.mov,-,nclc,nclc,30030,93873392,9504,144,66.000,CFR,29.970,358277384,PCM,Little / Signed,sowt,30030,2,L R,44100,16
,,148_OladipoPackage_SCB_v01.mov,1,,1,064,148,017,SCB,30s,,-,3,,,,064_IND_Video,14_OladipoPackage,\064_IND_Video\14_OladipoPackage\148_OladipoPackage_SCB_v01.mov,-,nclc,nclc,30030,213937144,1920,1080,1.778,CFR,29.970,808917058,PCM,Little / Signed,sowt,30030,2,L R,44100,16
065_IND_Misc,,,,,,,,,,,,-,,,,,065_IND_Misc,14_OladipoPackage,Skip,-,-,-,-,-,-,-,-,-,-,-,-,-,-,-,-,-,-,-
066_IND_Intros_1,00_Bitadze,000_BitadzeIntro1_AUDIO_v01.mov,1,,1,066,000,024,AUDIO,14s,,-,,,,,066_IND_Intros_1,00_Bitadze,\066_IND_Intros_1\00_Bitadze\000_BitadzeIntro1_AUDIO_v01.mov,-,nclc,nclc,14014,82938,16,16,1.000,CFR,29.970,2928156,PCM,Little / Signed,sowt,14014,2,L R,48000,16
,,001_BitadzeIntro1_AUD_F_v01.mov,1,,1,066,001,001,AUD_F,14s,,-,,,,,066_IND_Intros_1,00_Bitadze,\066_IND_Intros_1\00_Bitadze\001_BitadzeIntro1_AUD_F_v01.mov,-,nclc,nclc,14014,1355244895,10160,1600,6.350,CFR,29.970,2377313543,PCM,Little / Signed,sowt,14014,2,L R,44100,16
,,004_BitadzeIntro1_RIB_F_v02.mov,2,,1,066,004,010,RIB_F,14s,,-,,,,7/22/2020 15:00:41,066_IND_Intros_1,00_Bitadze,\066_IND_Intros_1\00_Bitadze\004_BitadzeIntro1_RIB_F_v02.mov,-,nclc,nclc,14014,207999010,9504,144,66.000,CFR,29.970,371776678,PCM,Little / Signed,sowt,14014,2,L R,44100,16
,,008_BitadzeIntro1_SCB_v01.mov,1,,1,066,008,017,SCB,14s,,-,,,,,066_IND_Intros_1,00_Bitadze,\066_IND_Intros_1\00_Bitadze\008_BitadzeIntro1_SCB_v01.mov,-,nclc,nclc,14014,318167644,1920,1080,1.778,CFR,29.970,559981361,PCM,Little / Signed,sowt,14014,2,L R,44100,16
,01_Bowen_II,010_Bowen_II_Intro1_AUDIO_v01.mov,1,,1,066,010,024,AUDIO,14s,,-,,,,,066_IND_Intros_1,01_Bowen_II,\066_IND_Intros_1\01_Bowen_II\010_Bowen_II_Intro1_AUDIO_v01.mov,-,nclc,nclc,14014,83249,16,16,1.000,CFR,29.970,2968252,PCM,Little / Signed,sowt,14014,2,L R,48000,16
,,011_Bowen_II_Intro1_AUD_F_v01.mov,1,,1,066,011,001,AUD_F,14s,,-,,,,,066_IND_Intros_1,01_Bowen_II,\066_IND_Intros_1\01_Bowen_II\011_Bowen_II_Intro1_AUD_F_v01.mov,-,nclc,nclc,14014,1334706363,10160,1600,6.350,CFR,29.970,2341610571,PCM,Little / Signed,sowt,14014,2,L R,44100,16
,,014_Bowen_II_Intro1_RIB_F_v02.mov,2,,1,066,014,010,RIB_F,14s,,-,,,,7/22/2020 15:01:04,066_IND_Intros_1,01_Bowen_II,\066_IND_Intros_1\01_Bowen_II\014_Bowen_II_Intro1_RIB_F_v02.mov,-,nclc,nclc,14014,208820206,9504,144,66.000,CFR,29.970,373215210,PCM,Little / Signed,sowt,14014,2,L R,44100,16
,,018_Bowen_II_Intro1_SCB_v01.mov,1,,1,066,018,017,SCB,14s,,-,,,,,066_IND_Intros_1,01_Bowen_II,\066_IND_Intros_1\01_Bowen_II\018_Bowen_II_Intro1_SCB_v01.mov,-,nclc,nclc,14014,344445043,1920,1080,1.778,CFR,29.970,606052392,PCM,Little / Signed,sowt,14014,2,L R,44100,16
,02_Brogdon,020_BrogdonIntro1_AUDIO_v01.mov,1,,1,066,020,024,AUDIO,14s,,-,,,,,066_IND_Intros_1,02_Brogdon,\066_IND_Intros_1\02_Brogdon\020_BrogdonIntro1_AUDIO_v01.mov,-,nclc,nclc,14014,83500,16,16,1.000,CFR,29.970,3008242,PCM,Little / Signed,sowt,14014,2,L R,48000,16
,,021_BrogdonIntro1_AUD_F_v01.mov,1,,1,066,021,001,AUD_F,14s,,-,,,,,066_IND_Intros_1,02_Brogdon,\066_IND_Intros_1\02_Brogdon\021_BrogdonIntro1_AUD_F_v01.mov,-,nclc,nclc,14014,1276826044,10160,1600,6.350,CFR,29.970,2240497269,PCM,Little / Signed,sowt,14014,2,L R,44100,16
,,024_BrogdonIntro1_RIB_F_v02.mov,2,,1,066,024,010,RIB_F,14s,,-,,,,7/22/2020 15:04:03,066_IND_Intros_1,02_Brogdon,\066_IND_Intros_1\02_Brogdon\024_BrogdonIntro1_RIB_F_v02.mov,-,nclc,nclc,14014,210948049,9504,144,66.000,CFR,29.970,376942663,PCM,Little / Signed,sowt,14014,2,L R,44100,16
,,028_BrogdonIntro1_SCB_v01.mov,1,,1,066,028,017,SCB,14s,,-,,,,,066_IND_Intros_1,02_Brogdon,\066_IND_Intros_1\02_Brogdon\028_BrogdonIntro1_SCB_v01.mov,-,nclc,nclc,14014,348718524,1920,1080,1.778,CFR,29.970,613578020,PCM,Little / Signed,sowt,14014,2,L R,44100,16
,03_A_Holiday,030_A_HolidayIntro1_AUDIO_v01.mov,1,,1,066,030,024,AUDIO,14s,,-,,,,,066_IND_Intros_1,03_A_Holiday,\066_IND_Intros_1\03_A_Holiday\030_A_HolidayIntro1_AUDIO_v01.mov,-,nclc,nclc,14014,83494,16,16,1.000,CFR,29.970,3047808,PCM,Little / Signed,sowt,14014,2,L R,48000,16
,,031_A_HolidayIntro1_AUD_F_v01.mov,1,,1,066,031,001,AUD_F,14s,,-,,,,,066_IND_Intros_1,03_A_Holiday,\066_IND_Intros_1\03_A_Holiday\031_A_HolidayIntro1_AUD_F_v01.mov,-,nclc,nclc,14014,1312323366,10160,1600,6.350,CFR,29.970,2302955446,PCM,Little / Signed,sowt,14014,2,L R,44100,16
,,034_A_HolidayIntro1_RIB_F_v02.mov,2,,1,066,034,010,RIB_F,14s,,-,,,,7/22/2020 15:04:02,066_IND_Intros_1,03_A_Holiday,\066_IND_Intros_1\03_A_Holiday\034_A_HolidayIntro1_RIB_F_v02.mov,-,nclc,nclc,14014,206327127,9504,144,66.000,CFR,29.970,368847955,PCM,Little / Signed,sowt,14014,2,L R,44100,16
,,038_A_HolidayIntro1_SCB_v01.mov,1,,1,066,038,017,SCB,14s,,-,,,,,066_IND_Intros_1,03_A_Holiday,\066_IND_Intros_1\03_A_Holiday\038_A_HolidayIntro1_SCB_v01.mov,-,nclc,nclc,14014,346737932,1920,1080,1.778,CFR,29.970,610148091,PCM,Little / Signed,sowt,14014,2,L R,44100,16
,04_J_Holiday,040_J_HolidayIntro1_AUDIO_v01.mov,1,,1,066,040,024,AUDIO,14s,,-,,,,,066_IND_Intros_1,04_J_Holiday,\066_IND_Intros_1\04_J_Holiday\040_J_HolidayIntro1_AUDIO_v01.mov,-,nclc,nclc,14014,83207,16,16,1.000,CFR,29.970,3086888,PCM,Little / Signed,sowt,14014,2,L R,48000,16
,,041_J_HolidayIntro1_AUD_F_v01.mov,1,,1,066,041,001,AUD_F,14s,,-,,,,,066_IND_Intros_1,04_J_Holiday,\066_IND_Intros_1\04_J_Holiday\041_J_HolidayIntro1_AUD_F_v01.mov,-,nclc,nclc,14014,1293475170,10160,1600,6.350,CFR,29.970,2270160521,PCM,Little / Signed,sowt,14014,2,L R,44100,16
,,044_J_HolidayIntro1_RIB_F_v02.mov,2,,1,066,044,010,RIB_F,14s,,-,,,,7/22/2020 15:03:58,066_IND_Intros_1,04_J_Holiday,\066_IND_Intros_1\04_J_Holiday\044_J_HolidayIntro1_RIB_F_v02.mov,-,nclc,nclc,14014,202444572,9504,144,66.000,CFR,29.970,362046609,PCM,Little / Signed,sowt,14014,2,L R,44100,16
,,048_J_HolidayIntro1_SCB_v01.mov,1,,1,066,048,017,SCB,14s,,-,,,,,066_IND_Intros_1,04_J_Holiday,\066_IND_Intros_1\04_J_Holiday\048_J_HolidayIntro1_SCB_v01.mov,-,nclc,nclc,14014,341112669,1920,1080,1.778,CFR,29.970,600333609,PCM,Little / Signed,sowt,14014,2,L R,44100,16
,05_Johnson,050_JohnsonIntro1_AUDIO_v01.mov,1,,1,066,050,024,AUDIO,14s,,-,,,,,066_IND_Intros_1,05_Johnson,\066_IND_Intros_1\05_Johnson\050_JohnsonIntro1_AUDIO_v01.mov,-,nclc,nclc,14014,83125,16,16,1.000,CFR,29.970,3129092,PCM,Little / Signed,sowt,14014,2,L R,48000,16
,,051_JohnsonIntro1_AUD_F_v01.mov,1,,1,066,051,001,AUD_F,14s,,-,,,,,066_IND_Intros_1,05_Johnson,\066_IND_Intros_1\05_Johnson\051_JohnsonIntro1_AUD_F_v01.mov,-,nclc,nclc,14014,1395225271,10160,1600,6.350,CFR,29.970,2448677065,PCM,Little / Signed,sowt,14014,2,L R,44100,16
,,054_JohnsonIntro1_RIB_F_v02.mov,2,,1,066,054,010,RIB_F,14s,,-,,,,7/22/2020 15:03:55,066_IND_Intros_1,05_Johnson,\066_IND_Intros_1\05_Johnson\054_JohnsonIntro1_RIB_F_v02.mov,-,nclc,nclc,14014,206996086,9504,144,66.000,CFR,29.970,370019805,PCM,Little / Signed,sowt,14014,2,L R,44100,16
,,058_JohnsonIntro1_SCB_v01.mov,1,,1,066,058,017,SCB,14s,,-,,,,,066_IND_Intros_1,05_Johnson,\066_IND_Intros_1\05_Johnson\058_JohnsonIntro1_SCB_v01.mov,-,nclc,nclc,14014,346850664,1920,1080,1.778,CFR,29.970,610427500,PCM,Little / Signed,sowt,14014,2,L R,44100,16
,06_Lamb,060_LambIntro1_AUDIO_v01.mov,1,,1,066,060,024,AUDIO,14s,,-,,,,,066_IND_Intros_1,06_Lamb,\066_IND_Intros_1\06_Lamb\060_LambIntro1_AUDIO_v01.mov,-,nclc,nclc,14014,82711,16,16,1.000,CFR,29.970,3167896,PCM,Little / Signed,sowt,14014,2,L R,48000,16
,,061_LambIntro1_AUD_F_v01.mov,1,,1,066,061,001,AUD_F,14s,,-,,,,,066_IND_Intros_1,06_Lamb,\066_IND_Intros_1\06_Lamb\061_LambIntro1_AUD_F_v01.mov,-,nclc,nclc,14014,1294354517,10160,1600,6.350,CFR,29.970,2272251883,PCM,Little / Signed,sowt,14014,2,L R,44100,16
,,064_LambIntro1_RIB_F_v02.mov,2,,1,066,064,010,RIB_F,14s,,-,,,,7/22/2020 15:03:53,066_IND_Intros_1,06_Lamb,\066_IND_Intros_1\06_Lamb\064_LambIntro1_RIB_F_v02.mov,-,nclc,nclc,14014,206879703,9504,144,66.000,CFR,29.970,369815930,PCM,Little / Signed,sowt,14014,2,L R,44100,16
,,068_LambIntro1_SCB_v01.mov,1,,1,066,068,017,SCB,14s,,-,,,,,066_IND_Intros_1,06_Lamb,\066_IND_Intros_1\06_Lamb\068_LambIntro1_SCB_v01.mov,-,nclc,nclc,14014,304518892,1920,1080,1.778,CFR,29.970,536312273,PCM,Little / Signed,sowt,14014,2,L R,44100,16
,07_Leaf,070_LeafIntro1_AUDIO_v01.mov,1,,1,066,070,024,AUDIO,14s,,-,,,,,066_IND_Intros_1,07_Leaf,\066_IND_Intros_1\07_Leaf\070_LeafIntro1_AUDIO_v01.mov,-,nclc,nclc,14014,83297,16,16,1.000,CFR,29.970,3208882,PCM,Little / Signed,sowt,14014,2,L R,48000,16
,,071_LeafIntro1_AUD_F_v01.mov,1,,1,066,071,001,AUD_F,14s,,-,,,,,066_IND_Intros_1,07_Leaf,\066_IND_Intros_1\07_Leaf\071_LeafIntro1_AUD_F_v01.mov,-,nclc,nclc,14014,1376634775,10160,1600,6.350,CFR,29.970,2416662191,PCM,Little / Signed,sowt,14014,2,L R,44100,16
,,074_LeafIntro1_RIB_F_v02.mov,2,,1,066,074,010,RIB_F,14s,,-,,,,7/22/2020 15:03:50,066_IND_Intros_1,07_Leaf,\066_IND_Intros_1\07_Leaf\074_LeafIntro1_RIB_F_v02.mov,-,nclc,nclc,14014,204656549,9504,144,66.000,CFR,29.970,365921516,PCM,Little / Signed,sowt,14014,2,L R,44100,16
,,078_LeafIntro1_SCB_v01.mov,1,,1,066,078,017,SCB,14s,,-,,,,,066_IND_Intros_1,07_Leaf,\066_IND_Intros_1\07_Leaf\078_LeafIntro1_SCB_v01.mov,-,nclc,nclc,14014,343902096,1920,1080,1.778,CFR,29.970,605341829,PCM,Little / Signed,sowt,14014,2,L R,44100,16
,08_McConnell,080_McConnellIntro1_AUDIO_v01.mov,1,,1,066,080,024,AUDIO,14s,,-,,,,,066_IND_Intros_1,08_McConnell,\066_IND_Intros_1\08_McConnell\080_McConnellIntro1_AUDIO_v01.mov,-,nclc,nclc,14014,83447,16,16,1.000,CFR,29.970,3251466,PCM,Little / Signed,sowt,14014,2,L R,48000,16
,,081_McConnellIntro1_AUD_F_v01.mov,1,,1,066,081,001,AUD_F,14s,,-,,,,,066_IND_Intros_1,08_McConnell,\066_IND_Intros_1\08_McConnell\081_McConnellIntro1_AUD_F_v01.mov,-,nclc,nclc,14014,1296184230,10160,1600,6.350,CFR,29.970,2276008299,PCM,Little / Signed,sowt,14014,2,L R,44100,16
,,084_McConnellIntro1_RIB_F_v02.mov,2,,1,066,084,010,RIB_F,14s,,-,,,,7/22/2020 15:03:48,066_IND_Intros_1,08_McConnell,\066_IND_Intros_1\08_McConnell\084_McConnellIntro1_RIB_F_v02.mov,-,nclc,nclc,14014,205653427,9504,144,66.000,CFR,29.970,367667799,PCM,Little / Signed,sowt,14014,2,L R,44100,16
,,088_McConnellIntro1_SCB_v01.mov,1,,1,066,088,017,SCB,14s,,-,,,,,066_IND_Intros_1,08_McConnell,\066_IND_Intros_1\08_McConnell\088_McConnellIntro1_SCB_v01.mov,-,nclc,nclc,14014,344153081,1920,1080,1.778,CFR,29.970,605823814,PCM,Little / Signed,sowt,14014,2,L R,44100,16
,09_McDermott,090_McDermottIntro1_AUDIO_v01.mov,1,,1,066,090,024,AUDIO,14s,,-,,,,,066_IND_Intros_1,09_McDermott,\066_IND_Intros_1\09_McDermott\090_McDermottIntro1_AUDIO_v01.mov,-,nclc,nclc,14014,83310,16,16,1.000,CFR,29.970,3291226,PCM,Little / Signed,sowt,14014,2,L R,48000,16
,,091_McDermottIntro1_AUD_F_v01.mov,1,,1,066,091,001,AUD_F,14s,,-,,,,,066_IND_Intros_1,09_McDermott,\066_IND_Intros_1\09_McDermott\091_McDermottIntro1_AUD_F_v01.mov,-,nclc,nclc,14014,1360148899,10160,1600,6.350,CFR,29.970,2388341138,PCM,Little / Signed,sowt,14014,2,L R,44100,16
,,094_McDermottIntro1_RIB_F_v02.mov,2,,1,066,094,010,RIB_F,14s,,-,,,,7/22/2020 15:03:45,066_IND_Intros_1,09_McDermott,\066_IND_Intros_1\09_McDermott\094_McDermottIntro1_RIB_F_v02.mov,-,nclc,nclc,14014,211650124,9504,144,66.000,CFR,29.970,378172523,PCM,Little / Signed,sowt,14014,2,L R,44100,16
,,098_McDermottIntro1_SCB_v01.mov,1,,1,066,098,017,SCB,14s,,-,,,,,066_IND_Intros_1,09_McDermott,\066_IND_Intros_1\09_McDermott\098_McDermottIntro1_SCB_v01.mov,-,nclc,nclc,14014,340916725,1920,1080,1.778,CFR,29.970,600194523,PCM,Little / Signed,sowt,14014,2,L R,44100,16
,10_Mitrou_Long,100_Mitrou_LongIntro1_AUDIO_v01.mov,1,,1,066,100,024,AUDIO,14s,,-,,,,,066_IND_Intros_1,10_Mitrou_Long,\066_IND_Intros_1\10_Mitrou_Long\100_Mitrou_LongIntro1_AUDIO_v01.mov,-,nclc,nclc,14014,83379,16,16,1.000,CFR,29.970,3330932,PCM,Little / Signed,sowt,14014,2,L R,48000,16
,,101_Mitrou_LongIntro1_AUD_F_v01.mov,1,,1,066,101,001,AUD_F,14s,,-,,,,,066_IND_Intros_1,10_Mitrou_Long,\066_IND_Intros_1\10_Mitrou_Long\101_Mitrou_LongIntro1_AUD_F_v01.mov,-,nclc,nclc,14014,1338981585,10160,1600,6.350,CFR,29.970,2351536859,PCM,Little / Signed,sowt,14014,2,L R,44100,16
,,104_Mitrou_LongIntro1_RIB_F_v02.mov,2,,1,066,104,010,RIB_F,14s,,-,,,,7/22/2020 15:03:42,066_IND_Intros_1,10_Mitrou_Long,\066_IND_Intros_1\10_Mitrou_Long\104_Mitrou_LongIntro1_RIB_F_v02.mov,-,nclc,nclc,14014,210303368,9504,144,66.000,CFR,29.970,375820855,PCM,Little / Signed,sowt,14014,2,L R,44100,16
,,108_Mitrou_LongIntro1_SCB_v01.mov,1,,1,066,108,017,SCB,14s,,-,,,,,066_IND_Intros_1,10_Mitrou_Long,\066_IND_Intros_1\10_Mitrou_Long\108_Mitrou_LongIntro1_SCB_v01.mov,-,nclc,nclc,14014,344408370,1920,1080,1.778,CFR,29.970,606350601,PCM,Little / Signed,sowt,14014,2,L R,44100,16
,11_Oladipo,110_OladipoIntro1_AUDIO_v01.mov,1,,1,066,110,024,AUDIO,14s,,-,,,,,066_IND_Intros_1,11_Oladipo,\066_IND_Intros_1\11_Oladipo\110_OladipoIntro1_AUDIO_v01.mov,-,nclc,nclc,14014,82810,16,16,1.000,CFR,29.970,3369466,PCM,Little / Signed,sowt,14014,2,L R,48000,16
,,111_OladipoIntro1_AUD_F_v01.mov,1,,1,066,111,001,AUD_F,14s,,-,,,,,066_IND_Intros_1,11_Oladipo,\066_IND_Intros_1\11_Oladipo\111_OladipoIntro1_AUD_F_v01.mov,-,nclc,nclc,14014,1222959458,10160,1600,6.350,CFR,29.970,2145245944,PCM,Little / Signed,sowt,14014,2,L R,44100,16
,,114_OladipoIntro1_RIB_F_v02.mov,2,,1,066,114,010,RIB_F,14s,,-,,,,7/22/2020 15:03:39,066_IND_Intros_1,11_Oladipo,\066_IND_Intros_1\11_Oladipo\114_OladipoIntro1_RIB_F_v02.mov,-,nclc,nclc,14014,205866581,9504,144,66.000,CFR,29.970,368048706,PCM,Little / Signed,sowt,14014,2,L R,44100,16
,,118_OladipoIntro1_SCB_v01.mov,1,,1,066,118,017,SCB,14s,,-,,,,,066_IND_Intros_1,11_Oladipo,\066_IND_Intros_1\11_Oladipo\118_OladipoIntro1_SCB_v01.mov,-,nclc,nclc,14014,310137021,1920,1080,1.778,CFR,29.970,545874151,PCM,Little / Signed,sowt,14014,2,L R,44100,16
,12_Sabonis,120_SabonisIntro1_AUDIO_v01.mov,1,,1,066,120,024,AUDIO,14s,,-,,,,,066_IND_Intros_1,12_Sabonis,\066_IND_Intros_1\12_Sabonis\120_SabonisIntro1_AUDIO_v01.mov,-,nclc,nclc,14014,83466,16,16,1.000,CFR,29.970,3410168,PCM,Little / Signed,sowt,14014,2,L R,48000,16
,,121_SabonisIntro1_AUD_F_v01.mov,1,,1,066,121,001,AUD_F,14s,,-,,,,,066_IND_Intros_1,12_Sabonis,\066_IND_Intros_1\12_Sabonis\121_SabonisIntro1_AUD_F_v01.mov,-,nclc,nclc,14014,1303809367,10160,1600,6.350,CFR,29.970,2290204200,PCM,Little / Signed,sowt,14014,2,L R,44100,16
,,124_SabonisIntro1_RIB_F_v02.mov,2,,1,066,124,010,RIB_F,14s,,-,,,,7/22/2020 15:03:37,066_IND_Intros_1,12_Sabonis,\066_IND_Intros_1\12_Sabonis\124_SabonisIntro1_RIB_F_v02.mov,-,nclc,nclc,14014,212878792,9504,144,66.000,CFR,29.970,380324844,PCM,Little / Signed,sowt,14014,2,L R,44100,16
,,128_SabonisIntro1_SCB_v01.mov,1,,1,066,128,017,SCB,14s,,-,,,,,066_IND_Intros_1,12_Sabonis,\066_IND_Intros_1\12_Sabonis\128_SabonisIntro1_SCB_v01.mov,-,nclc,nclc,14014,348972323,1920,1080,1.778,CFR,29.970,614385066,PCM,Little / Signed,sowt,14014,2,L R,44100,16
,13_Sampson,130_SampsonIntro1_AUDIO_v01.mov,1,,1,066,130,024,AUDIO,14s,,-,,,,,066_IND_Intros_1,13_Sampson,\066_IND_Intros_1\13_Sampson\130_SampsonIntro1_AUDIO_v01.mov,-,nclc,nclc,14014,83183,16,16,1.000,CFR,29.970,3449224,PCM,Little / Signed,sowt,14014,2,L R,48000,16
,,131_SampsonIntro1_AUD_F_v01.mov,1,,1,066,131,001,AUD_F,14s,,-,,,,,066_IND_Intros_1,13_Sampson,\066_IND_Intros_1\13_Sampson\131_SampsonIntro1_AUD_F_v01.mov,-,nclc,nclc,14014,1361508248,10160,1600,6.350,CFR,29.970,2391553799,PCM,Little / Signed,sowt,14014,2,L R,44100,16
,,134_SampsonIntro1_RIB_F_v02.mov,2,,1,066,134,010,RIB_F,14s,,-,,,,7/22/2020 15:03:36,066_IND_Intros_1,13_Sampson,\066_IND_Intros_1\13_Sampson\134_SampsonIntro1_RIB_F_v02.mov,-,nclc,nclc,14014,214139082,9504,144,66.000,CFR,29.970,382540074,PCM,Little / Signed,sowt,14014,2,L R,44100,16
,,138_SampsonIntro1_SCB_v01.mov,1,,1,066,138,017,SCB,14s,,-,,,,,066_IND_Intros_1,13_Sampson,\066_IND_Intros_1\13_Sampson\138_SampsonIntro1_SCB_v01.mov,-,nclc,nclc,14014,349872804,1920,1080,1.778,CFR,29.970,616002037,PCM,Little / Signed,sowt,14014,2,L R,44100,16
,14_Sumner,140_SumnerIntro1_AUDIO_v01.mov,1,,1,066,140,024,AUDIO,14s,,-,,,,,066_IND_Intros_1,14_Sumner,\066_IND_Intros_1\14_Sumner\140_SumnerIntro1_AUDIO_v01.mov,-,nclc,nclc,14014,83452,16,16,1.000,CFR,29.970,3489238,PCM,Little / Signed,sowt,14014,2,L R,48000,16
,,141_SumnerIntro1_AUD_F_v01.mov,1,,1,066,141,001,AUD_F,14s,,-,,,,,066_IND_Intros_1,14_Sumner,\066_IND_Intros_1\14_Sumner\141_SumnerIntro1_AUD_F_v01.mov,-,nclc,nclc,14014,1260769898,10160,1600,6.350,CFR,29.970,2215363775,PCM,Little / Signed,sowt,14014,2,L R,44100,16
,,144_SumnerIntro1_RIB_F_v02.mov,2,,1,066,144,010,RIB_F,14s,,-,,,,7/22/2020 15:03:30,066_IND_Intros_1,14_Sumner,\066_IND_Intros_1\14_Sumner\144_SumnerIntro1_RIB_F_v02.mov,-,nclc,nclc,14014,208699403,9504,144,66.000,CFR,29.970,373011106,PCM,Little / Signed,sowt,14014,2,L R,44100,16
,,148_SumnerIntro1_SCB_v01.mov,1,,1,066,148,017,SCB,14s,,-,,,,,066_IND_Intros_1,14_Sumner,\066_IND_Intros_1\14_Sumner\148_SumnerIntro1_SCB_v01.mov,-,nclc,nclc,14014,335587716,1920,1080,1.778,CFR,29.970,591017651,PCM,Little / Signed,sowt,14014,2,L R,44100,16
,15_Turner,150_TurnerIntro1_AUDIO_v01.mov,1,,1,066,150,024,AUDIO,14s,,-,,,,,066_IND_Intros_1,15_Turner,\066_IND_Intros_1\15_Turner\150_TurnerIntro1_AUDIO_v01.mov,-,nclc,nclc,14014,83232,16,16,1.000,CFR,29.970,3528396,PCM,Little / Signed,sowt,14014,2,L R,48000,16
,,151_TurnerIntro1_AUD_F_v01.mov,1,,1,066,151,001,AUD_F,14s,,-,,,,,066_IND_Intros_1,15_Turner,\066_IND_Intros_1\15_Turner\151_TurnerIntro1_AUD_F_v01.mov,-,nclc,nclc,14014,1390396485,10160,1600,6.350,CFR,29.970,2442712812,PCM,Little / Signed,sowt,14014,2,L R,44100,16
,,154_TurnerIntro1_RIB_F_v02.mov,2,,1,066,154,010,RIB_F,14s,,-,,,,7/22/2020 15:03:28,066_IND_Intros_1,15_Turner,\066_IND_Intros_1\15_Turner\154_TurnerIntro1_RIB_F_v02.mov,-,nclc,nclc,14014,207651499,9504,144,66.000,CFR,29.970,371167926,PCM,Little / Signed,sowt,14014,2,L R,44100,16
,,158_TurnerIntro1_SCB_v01.mov,1,,1,066,158,017,SCB,14s,,-,,,,,066_IND_Intros_1,15_Turner,\066_IND_Intros_1\15_Turner\158_TurnerIntro1_SCB_v01.mov,-,nclc,nclc,14014,337933546,1920,1080,1.778,CFR,29.970,595166507,PCM,Little / Signed,sowt,14014,2,L R,44100,16
,16_Warren,160_WarrenIntro1_AUDIO_v01.mov,1,,1,066,160,024,AUDIO,14s,,-,,,,,066_IND_Intros_1,16_Warren,\066_IND_Intros_1\16_Warren\160_WarrenIntro1_AUDIO_v01.mov,-,nclc,nclc,14014,83053,16,16,1.000,CFR,29.970,3557808,PCM,Little / Signed,sowt,14014,2,L R,48000,16
,,161_WarrenIntro1_AUD_F_v01.mov,1,,1,066,161,001,AUD_F,14s,,-,,,,,066_IND_Intros_1,16_Warren,\066_IND_Intros_1\16_Warren\161_WarrenIntro1_AUD_F_v01.mov,-,nclc,nclc,14014,1243823204,10160,1600,6.350,CFR,29.970,2186173182,PCM,Little / Signed,sowt,14014,2,L R,44100,16
,,164_WarrenIntro1_RIB_F_v02.mov,2,,1,066,164,010,RIB_F,14s,,-,,,,7/22/2020 15:03:25,066_IND_Intros_1,16_Warren,\066_IND_Intros_1\16_Warren\164_WarrenIntro1_RIB_F_v02.mov,-,nclc,nclc,14014,223269453,9504,144,66.000,CFR,29.970,398651209,PCM,Little / Signed,sowt,14014,2,L R,44100,16
,,168_WarrenIntro1_SCB_v01.mov,1,,1,066,168,017,SCB,14s,,-,,,,,066_IND_Intros_1,16_Warren,\066_IND_Intros_1\16_Warren\168_WarrenIntro1_SCB_v01.mov,-,nclc,nclc,14014,346828604,1920,1080,1.778,CFR,29.970,610778167,PCM,Little / Signed,sowt,14014,2,L R,44100,16
,17_HC_McMillan,170_HC_McMillanIntro1_AUDIO_v01.mov,1,,1,066,170,024,AUDIO,14s,,-,,,,,066_IND_Intros_1,17_HC_McMillan,\066_IND_Intros_1\17_HC_McMillan\170_HC_McMillanIntro1_AUDIO_v01.mov,-,nclc,nclc,14014,82957,16,16,1.000,CFR,29.970,3599962,PCM,Little / Signed,sowt,14014,2,L R,48000,16
,,171_HC_McMillanIntro1_AUD_F_v01.mov,1,,1,066,171,001,AUD_F,14s,,-,,,,,066_IND_Intros_1,17_HC_McMillan,\066_IND_Intros_1\17_HC_McMillan\171_HC_McMillanIntro1_AUD_F_v01.mov,-,nclc,nclc,14014,1451868583,10160,1600,6.350,CFR,29.970,2550894316,PCM,Little / Signed,sowt,14014,2,L R,44100,16
,,174_HC_McMillanIntro1_RIB_F_v02.mov,2,,1,066,174,010,RIB_F,14s,,-,,,,7/22/2020 15:03:22,066_IND_Intros_1,17_HC_McMillan,\066_IND_Intros_1\17_HC_McMillan\174_HC_McMillanIntro1_RIB_F_v02.mov,-,nclc,nclc,14014,213021025,9504,144,66.000,CFR,29.970,380574001,PCM,Little / Signed,sowt,14014,2,L R,44100,16
,,178_HC_McMillanIntro1_SCB_v01.mov,1,,1,066,178,017,SCB,14s,,-,,,,,066_IND_Intros_1,17_HC_McMillan,\066_IND_Intros_1\17_HC_McMillan\178_HC_McMillanIntro1_SCB_v01.mov,-,nclc,nclc,14014,324896681,1920,1080,1.778,CFR,29.970,572401204,PCM,Little / Signed,sowt,14014,2,L R,44100,16
,18_IND_IntroVideo,180_IND_IntroVideo_AUDIO_v01.mov,1,,,066,180,024,AUDIO,57.43s,,-,,,,,066_IND_Intros_1,18_IND_IntroVideo,\066_IND_Intros_1\18_IND_IntroVideo\180_IND_IntroVideo_AUDIO_v01.mov,-,nclc,nclc,57491,90824,16,16,1.000,CFR,29.970,11699472,PCM,Little / Signed,sowt,57491,2,L R,48000,16
,,181_IND_IntroVideo_AUD_F_v01.mov,1,,,066,181,001,AUD_F,57.43s,,-,,,,,066_IND_Intros_1,18_IND_IntroVideo,\066_IND_Intros_1\18_IND_IntroVideo\181_IND_IntroVideo_AUD_F_v01.mov,-,nclc,nclc,57491,1565493976,10160,1600,6.350,CFR,29.970,11261252904,PCM,Little / Signed,sowt,57491,2,L R,48000,16
,,184_IND_IntroVideo_RIB_F_v01.mov,1,,,066,184,010,RIB_F,57.43s,,-,,,,,066_IND_Intros_1,18_IND_IntroVideo,\066_IND_Intros_1\18_IND_IntroVideo\184_IND_IntroVideo_RIB_F_v01.mov,-,nclc,nclc,57491,124206167,9504,144,66.000,CFR,29.970,903642225,PCM,Little / Signed,sowt,57491,2,L R,48000,16
,,188_IND_IntroVideo_SCB_v01.mov,1,,,066,188,017,SCB,57.43s,,-,,,,,066_IND_Intros_1,18_IND_IntroVideo,\066_IND_Intros_1\18_IND_IntroVideo\188_IND_IntroVideo_SCB_v01.mov,-,nclc,nclc,57491,360740941,1920,1080,1.778,CFR,29.970,2603465265,PCM,Little / Signed,sowt,57491,2,L R,48000,16
067_IND_Intros_2,,,,,,,,,,,,-,,,,,067_IND_Intros_2,18_IND_IntroVideo,Skip,-,-,-,-,-,-,-,-,-,-,-,-,-,-,-,-,-,-,-
068_IND_Intros_3,,,,,,,,,,,,-,,,,,068_IND_Intros_3,18_IND_IntroVideo,Skip,-,-,-,-,-,-,-,-,-,-,-,-,-,-,-,-,-,-,-
069_IND_CRN_ROTATE,00_IntroCorners,007_IntroCorners_CRN_v01.mov,1,,,069,007,014,CRN,13.5s,,-,,,,7/22/2020 15:05:40,069_IND_CRN_ROTATE,00_IntroCorners,\069_IND_CRN_ROTATE\00_IntroCorners\007_IntroCorners_CRN_v01.mov,-,nclc,nclc,13514,57951995,3328,208,16.000,CFR,29.970,100589686,PCM,Little / Signed,sowt,13514,2,L R,48000,16
,01_GEICO,017_GEICO_CRN_v01.mov,1,STILL WRONG CODEC Deliver v02 with this name in this folder as NotchLC,,069,017,014,CRN,,,-F,,,,7/23/2020 20:21:10,069_IND_CRN_ROTATE,01_GEICO,\069_IND_CRN_ROTATE\01_GEICO\017_GEICO_CRN_v01.mov,-F,No File,No File,No File,No File,No File,No File,No File,No File,No File,No File,No File,No File,No File,No File,No File,No File,No File,No File
,,,,,,,,,,,,-,,,,,069_IND_CRN_ROTATE,01_GEICO,Skip,-,-,-,-,-,-,-,-,-,-,-,-,-,-,-,-,-,-,-
,,,,,,,,,,,,-,,,,,069_IND_CRN_ROTATE,01_GEICO,Skip,-,-,-,-,-,-,-,-,-,-,-,-,-,-,-,-,-,-,-
,,,,,,,,,,,,-,,,,,069_IND_CRN_ROTATE,01_GEICO,Skip,-,-,-,-,-,-,-,-,-,-,-,-,-,-,-,-,-,-,-
,,,,,,,,,,,,-,,,,,069_IND_CRN_ROTATE,01_GEICO,Skip,-,-,-,-,-,-,-,-,-,-,-,-,-,-,-,-,-,-,-
,,,,,,,,,,,,-,,,,,069_IND_CRN_ROTATE,01_GEICO,Skip,-,-,-,-,-,-,-,-,-,-,-,-,-,-,-,-,-,-,-
,,,,,,,,,,,,-,,,,,069_IND_CRN_ROTATE,01_GEICO,Skip,-,-,-,-,-,-,-,-,-,-,-,-,-,-,-,-,-,-,-
,,,,,,,,,,,,-,,,,,069_IND_CRN_ROTATE,01_GEICO,Skip,-,-,-,-,-,-,-,-,-,-,-,-,-,-,-,-,-,-,-
,,,,,,,,,,,,-,,,,,069_IND_CRN_ROTATE,01_GEICO,Skip,-,-,-,-,-,-,-,-,-,-,-,-,-,-,-,-,-,-,-
,,,,,,,,,,,,-,,,,,069_IND_CRN_ROTATE,01_GEICO,Skip,-,-,-,-,-,-,-,-,-,-,-,-,-,-,-,-,-,-,-
,,,,,,,,,,,,-,,,,,069_IND_CRN_ROTATE,01_GEICO,Skip,-,-,-,-,-,-,-,-,-,-,-,-,-,-,-,-,-,-,-
,,,,,,,,,,,,-,,,,,069_IND_CRN_ROTATE,01_GEICO,Skip,-,-,-,-,-,-,-,-,-,-,-,-,-,-,-,-,-,-,-
,,,,,,,,,,,,-,,,,,069_IND_CRN_ROTATE,01_GEICO,Skip,-,-,-,-,-,-,-,-,-,-,-,-,-,-,-,-,-,-,-
,,,,,,,,,,,,-,,,,,069_IND_CRN_ROTATE,01_GEICO,Skip,-,-,-,-,-,-,-,-,-,-,-,-,-,-,-,-,-,-,-
,,,,,,,,,,,,-,,,,,069_IND_CRN_ROTATE,01_GEICO,Skip,-,-,-,-,-,-,-,-,-,-,-,-,-,-,-,-,-,-,-
,,,,,,,,,,,,-,,,,,069_IND_CRN_ROTATE,01_GEICO,Skip,-,-,-,-,-,-,-,-,-,-,-,-,-,-,-,-,-,-,-
,,,,,,,,,,,,-,,,,,069_IND_CRN_ROTATE,01_GEICO,Skip,-,-,-,-,-,-,-,-,-,-,-,-,-,-,-,-,-,-,-
,,,,,,,,,,,,-,,,,,069_IND_CRN_ROTATE,01_GEICO,Skip,-,-,-,-,-,-,-,-,-,-,-,-,-,-,-,-,-,-,-
,,,,,,,,,,,,-,,,,,069_IND_CRN_ROTATE,01_GEICO,Skip,-,-,-,-,-,-,-,-,-,-,-,-,-,-,-,-,-,-,-
,,,,,,,,,,,,-,,,,,069_IND_CRN_ROTATE,01_GEICO,Skip,-,-,-,-,-,-,-,-,-,-,-,-,-,-,-,-,-,-,-
,,,,,,,,,,,,-,,,,,069_IND_CRN_ROTATE,01_GEICO,Skip,-,-,-,-,-,-,-,-,-,-,-,-,-,-,-,-,-,-,-
,,,,,,,,,,,,-,,,,,069_IND_CRN_ROTATE,01_GEICO,Skip,-,-,-,-,-,-,-,-,-,-,-,-,-,-,-,-,-,-,-
,,,,,,,,,,,,-,,,,,069_IND_CRN_ROTATE,01_GEICO,Skip,-,-,-,-,-,-,-,-,-,-,-,-,-,-,-,-,-,-,-
,,,,,,,,,,,,-,,,,,069_IND_CRN_ROTATE,01_GEICO,Skip,-,-,-,-,-,-,-,-,-,-,-,-,-,-,-,-,-,-,-
,,,,,,,,,,,,-,,,,,069_IND_CRN_ROTATE,01_GEICO,Skip,-,-,-,-,-,-,-,-,-,-,-,-,-,-,-,-,-,-,-
,,,,,,,,,,,,-,,,,,069_IND_CRN_ROTATE,01_GEICO,Skip,-,-,-,-,-,-,-,-,-,-,-,-,-,-,-,-,-,-,-
,,,,,,,,,,,,-,,,,,069_IND_CRN_ROTATE,01_GEICO,Skip,-,-,-,-,-,-,-,-,-,-,-,-,-,-,-,-,-,-,-
,,,,,,,,,,,,-,,,,,069_IND_CRN_ROTATE,01_GEICO,Skip,-,-,-,-,-,-,-,-,-,-,-,-,-,-,-,-,-,-,-
,,,,,,,,,,,,-,,,,,069_IND_CRN_ROTATE,01_GEICO,Skip,-,-,-,-,-,-,-,-,-,-,-,-,-,-,-,-,-,-,-
,,,,,,,,,,,,-,,,,,069_IND_CRN_ROTATE,01_GEICO,Skip,-,-,-,-,-,-,-,-,-,-,-,-,-,-,-,-,-,-,-
,,,,,,,,,,,,-,,,,,069_IND_CRN_ROTATE,01_GEICO,Skip,-,-,-,-,-,-,-,-,-,-,-,-,-,-,-,-,-,-,-
,,,,,,,,,,,,-,,,,,069_IND_CRN_ROTATE,01_GEICO,Skip,-,-,-,-,-,-,-,-,-,-,-,-,-,-,-,-,-,-,-
,,,,,,,,,,,,-,,,,,069_IND_CRN_ROTATE,01_GEICO,Skip,-,-,-,-,-,-,-,-,-,-,-,-,-,-,-,-,-,-,-
,,,,,,,,,,,,-,,,,,069_IND_CRN_ROTATE,01_GEICO,Skip,-,-,-,-,-,-,-,-,-,-,-,-,-,-,-,-,-,-,-
,,,,,,,,,,,,-,,,,,069_IND_CRN_ROTATE,01_GEICO,Skip,-,-,-,-,-,-,-,-,-,-,-,-,-,-,-,-,-,-,-
,,,,,,,,,,,,-,,,,,069_IND_CRN_ROTATE,01_GEICO,Skip,-,-,-,-,-,-,-,-,-,-,-,-,-,-,-,-,-,-,-
,,,,,,,,,,,,-,,,,,069_IND_CRN_ROTATE,01_GEICO,Skip,-,-,-,-,-,-,-,-,-,-,-,-,-,-,-,-,-,-,-
,,,,,,,,,,,,-,,,,,069_IND_CRN_ROTATE,01_GEICO,Skip,-,-,-,-,-,-,-,-,-,-,-,-,-,-,-,-,-,-,-