CONTENT TEAM Information  for NBA GENERIC Media Delivery,,SYNC COMPLETE,NO ERRORS,,FUSE PROGRAMMER,,,PROGRAMMING IN PROGRESS,,,HUD,,,,RETURN TO INDEX,,,,,,,,,,,,,,,,,,,,,,,
CATEGORY,LOOK IDENTIFIER #,File Name,File Version,Notes,Version,Bank,Slot ,Mapping #,"Mapping 
Code",File Length,Play Mode,Error Flag,Loop Out Frame,Notes to Kerstin,General/Show Call Notes,Upversioned Date,Folder,Look,File Path,Error Flag,Format,Codec_ID,Duration,Bit Rate,Width,Height,Aspect Ratio,Frame Rate Mode,Frame Rate,Stream Size,"Audio For,at",Audio Format/Settings,Audio Codec ID,Audio Duration,Audio Channels,Audio Channel Layout,Audio Sampling Rate,Audio Bit Depth
,,,,,,,,,,,,,,,,,,,,,,,,,,,,,,,,,,,,,,
240_NBA_TTC_1A,00_UTA_NOP,004_UTA_NOP_RIB_F_v02.mov,2,,2,240,004,010,RIB_F,10s,,-,,,,,240_NBA_TTC_1A,00_UTA_NOP,\240_NBA_TTC_1A\00_UTA_NOP\004_UTA_NOP_RIB_F_v02.mov,-,nclc,nclc,10010,276539298,9504,144,66.000,CFR,29.970,346023219,-,-,-,-,-,-,-,-
,,007_TAP_TO_CHEER_CRN_v02.mov,2,,,240,007,014,CRN,10s,,-,,,,7/21/2020 13:57:06,240_NBA_TTC_1A,00_UTA_NOP,\240_NBA_TTC_1A\00_UTA_NOP\007_TAP_TO_CHEER_CRN_v02.mov,-,nclc,nclc,10010,7797687,3328,208,16.000,CFR,29.970,9758829,-,-,-,-,-,-,-,-
,01_LAC_LAL,014_LAC_LAL_RIB_F_v01.mov,1,,,240,014,010,RIB_F,10s,,-,,,,7/21/2020 13:57:14,240_NBA_TTC_1A,01_LAC_LAL,\240_NBA_TTC_1A\01_LAC_LAL\014_LAC_LAL_RIB_F_v01.mov,-,nclc,nclc,10010,332023667,9504,144,66.000,CFR,29.970,415448105,-,-,-,-,-,-,-,-
,,017_TAP_TO_CHEER_CRN_v02.mov,2,,,240,017,014,CRN,10s,,-,,,,7/21/2020 13:57:14,240_NBA_TTC_1A,01_LAC_LAL,\240_NBA_TTC_1A\01_LAC_LAL\017_TAP_TO_CHEER_CRN_v02.mov,-,nclc,nclc,10010,7797687,3328,208,16.000,CFR,29.970,9758829,-,-,-,-,-,-,-,-
,02_ORL_BKN,024_ORL_BKN_RIB_F_v01.mov,1,,,240,024,010,RIB_F,10s,,-,,,,7/21/2020 13:58:06,240_NBA_TTC_1A,02_ORL_BKN,\240_NBA_TTC_1A\02_ORL_BKN\024_ORL_BKN_RIB_F_v01.mov,-,nclc,nclc,10010,222817491,9504,144,66.000,CFR,29.970,278803740,-,-,-,-,-,-,-,-
,,027_TAP_TO_CHEER_CRN_v02.mov,2,,,240,027,014,CRN,10s,,-,,,,7/21/2020 13:58:08,240_NBA_TTC_1A,02_ORL_BKN,\240_NBA_TTC_1A\02_ORL_BKN\027_TAP_TO_CHEER_CRN_v02.mov,-,nclc,nclc,10010,7797687,3328,208,16.000,CFR,29.970,9758829,-,-,-,-,-,-,-,-
,03_MEM_POR,034_MEM_POR_RIB_F_v01.mov,1,,,240,034,010,RIB_F,10s,,-,,,,7/21/2020 13:58:09,240_NBA_TTC_1A,03_MEM_POR,\240_NBA_TTC_1A\03_MEM_POR\034_MEM_POR_RIB_F_v01.mov,-,nclc,nclc,10010,284177968,9504,144,66.000,CFR,29.970,355581114,-,-,-,-,-,-,-,-
,,037_TAP_TO_CHEER_CRN_v02.mov,2,,,240,037,014,CRN,10s,,-,,,,7/21/2020 13:58:10,240_NBA_TTC_1A,03_MEM_POR,\240_NBA_TTC_1A\03_MEM_POR\037_TAP_TO_CHEER_CRN_v02.mov,-,nclc,nclc,10010,7797687,3328,208,16.000,CFR,29.970,9758829,-,-,-,-,-,-,-,-
,04_PHX_WAS,044_PHX_WAS_RIB_F_v01.mov,1,,,240,044,010,RIB_F,10s,,-,,,,7/21/2020 13:58:12,240_NBA_TTC_1A,04_PHX_WAS,\240_NBA_TTC_1A\04_PHX_WAS\044_PHX_WAS_RIB_F_v01.mov,-,nclc,nclc,10010,322482941,9504,144,66.000,CFR,29.970,403510260,-,-,-,-,-,-,-,-
,,047_TAP_TO_CHEER_CRN_v02.mov,2,,,240,047,014,CRN,10s,,-,,,,7/21/2020 13:58:14,240_NBA_TTC_1A,04_PHX_WAS,\240_NBA_TTC_1A\04_PHX_WAS\047_TAP_TO_CHEER_CRN_v02.mov,-,nclc,nclc,10010,7797687,3328,208,16.000,CFR,29.970,9758829,-,-,-,-,-,-,-,-
,05_BOS_MIL,054_BOS_MIL_RIB_F_v01.mov,1,,,240,054,010,RIB_F,10s,,-,,,,7/21/2020 13:58:18,240_NBA_TTC_1A,05_BOS_MIL,\240_NBA_TTC_1A\05_BOS_MIL\054_BOS_MIL_RIB_F_v01.mov,-,nclc,nclc,10010,326955321,9504,144,66.000,CFR,29.970,409106331,-,-,-,-,-,-,-,-
,,057_TAP_TO_CHEER_CRN_v02.mov,2,,,240,057,014,CRN,10s,,-,,,,7/21/2020 13:58:18,240_NBA_TTC_1A,05_BOS_MIL,\240_NBA_TTC_1A\05_BOS_MIL\057_TAP_TO_CHEER_CRN_v02.mov,-,nclc,nclc,10010,7797687,3328,208,16.000,CFR,29.970,9758829,-,-,-,-,-,-,-,-
,06_SAC_SAS,064_SAC_SAS_RIB_F_v01.mov,1,,,240,064,010,RIB_F,10s,,-,,,,,240_NBA_TTC_1A,06_SAC_SAS,\240_NBA_TTC_1A\06_SAC_SAS\064_SAC_SAS_RIB_F_v01.mov,-,nclc,nclc,10010,217993334,9504,144,66.000,CFR,29.970,272767508,-,-,-,-,-,-,-,-
,,067_TAP_TO_CHEER_CRN_v02.mov,2,,,240,067,014,CRN,10s,,-,,,,7/21/2020 13:58:51,240_NBA_TTC_1A,06_SAC_SAS,\240_NBA_TTC_1A\06_SAC_SAS\067_TAP_TO_CHEER_CRN_v02.mov,-,nclc,nclc,10010,7797687,3328,208,16.000,CFR,29.970,9758829,-,-,-,-,-,-,-,-
,07_HOU_DAL,074_HOU_DAL_RIB_F_v01.mov,1,,,240,074,010,RIB_F,10s,,-,,,,7/23/2020 8:23:48,240_NBA_TTC_1A,07_HOU_DAL,\240_NBA_TTC_1A\07_HOU_DAL\074_HOU_DAL_RIB_F_v01.mov,-,nclc,nclc,10010,211041737,9504,144,66.000,CFR,29.970,264069314,-,-,-,-,-,-,-,-
,,077_TAP_TO_CHEER_CRN_v02.mov,2,,,240,077,014,CRN,10s,,-,,,,,240_NBA_TTC_1A,07_HOU_DAL,\240_NBA_TTC_1A\07_HOU_DAL\077_TAP_TO_CHEER_CRN_v02.mov,-,nclc,nclc,10010,7797687,3328,208,16.000,CFR,29.970,9758829,-,-,-,-,-,-,-,-
,08_MIA_DEN,084_MIA_DEN_RIB_F_v01.mov,1,,,240,084,010,RIB_F,10s,,-,,,,,240_NBA_TTC_1A,08_MIA_DEN,\240_NBA_TTC_1A\08_MIA_DEN\084_MIA_DEN_RIB_F_v01.mov,-,nclc,nclc,10010,177333287,9504,144,66.000,CFR,29.970,221891573,-,-,-,-,-,-,-,-
,,087_TAP_TO_CHEER_CRN_v02.mov,2,,,240,087,014,CRN,10s,,-,,,,7/23/2020 8:23:48,240_NBA_TTC_1A,08_MIA_DEN,\240_NBA_TTC_1A\08_MIA_DEN\087_TAP_TO_CHEER_CRN_v02.mov,-,nclc,nclc,10010,7797687,3328,208,16.000,CFR,29.970,9758829,-,-,-,-,-,-,-,-
,09_UTA_OKC,094_UTA_OKC_RIB_F_v01.mov,1,,,240,094,010,RIB_F,10s,,-,,,,7/23/2020 8:23:48,240_NBA_TTC_1A,09_UTA_OKC,\240_NBA_TTC_1A\09_UTA_OKC\094_UTA_OKC_RIB_F_v01.mov,-,nclc,nclc,10010,228593067,9504,144,66.000,CFR,29.970,286030437,-,-,-,-,-,-,-,-
,,097_TAP_TO_CHEER_CRN_v02.mov,2,,,240,097,014,CRN,10s,,-,,,,7/23/2020 8:23:47,240_NBA_TTC_1A,09_UTA_OKC,\240_NBA_TTC_1A\09_UTA_OKC\097_TAP_TO_CHEER_CRN_v02.mov,-,nclc,nclc,10010,7797687,3328,208,16.000,CFR,29.970,9758829,-,-,-,-,-,-,-,-
,10_NOP_LAC,104_NOP_LAC_RIB_F_v01.mov,1,,,240,104,010,RIB_F,10s,,-,,,,7/23/2020 8:23:42,240_NBA_TTC_1A,10_NOP_LAC,\240_NBA_TTC_1A\10_NOP_LAC\104_NOP_LAC_RIB_F_v01.mov,-,nclc,nclc,10010,195965360,9504,144,66.000,CFR,29.970,245204978,-,-,-,-,-,-,-,-
,,107_TAP_TO_CHEER_CRN_v02.mov,2,,,240,107,014,CRN,10s,,-,,,,7/23/2020 8:23:42,240_NBA_TTC_1A,10_NOP_LAC,\240_NBA_TTC_1A\10_NOP_LAC\107_TAP_TO_CHEER_CRN_v02.mov,-,nclc,nclc,10010,7797687,3328,208,16.000,CFR,29.970,9758829,-,-,-,-,-,-,-,-
,11_PHI_IND,114_PHI_IND_RIB_F_v01.mov,1,,,240,114,010,RIB_F,10s,,-,,,,,240_NBA_TTC_1A,11_PHI_IND,\240_NBA_TTC_1A\11_PHI_IND\114_PHI_IND_RIB_F_v01.mov,-,nclc,nclc,10010,227775262,9504,144,66.000,CFR,29.970,285007157,-,-,-,-,-,-,-,-
,,117_TAP_TO_CHEER_CRN_v02.mov,2,,,240,117,014,CRN,10s,,-,,,,7/23/2020 8:23:40,240_NBA_TTC_1A,11_PHI_IND,\240_NBA_TTC_1A\11_PHI_IND\117_TAP_TO_CHEER_CRN_v02.mov,-,nclc,nclc,10010,7797687,3328,208,16.000,CFR,29.970,9758829,-,-,-,-,-,-,-,-
,12_LAL_TOR,124_LAL_TOR_RIB_F_v01.mov,1,,,240,124,010,RIB_F,10s,,-,,,,7/23/2020 8:23:39,240_NBA_TTC_1A,12_LAL_TOR,\240_NBA_TTC_1A\12_LAL_TOR\124_LAL_TOR_RIB_F_v01.mov,-,nclc,nclc,10010,198721426,9504,144,66.000,CFR,29.970,248653509,-,-,-,-,-,-,-,-
,,127_TAP_TO_CHEER_CRN_v02.mov,2,,,240,127,014,CRN,10s,,-,,,,7/23/2020 8:23:38,240_NBA_TTC_1A,12_LAL_TOR,\240_NBA_TTC_1A\12_LAL_TOR\127_TAP_TO_CHEER_CRN_v02.mov,-,nclc,nclc,10010,7797687,3328,208,16.000,CFR,29.970,9758829,-,-,-,-,-,-,-,-
,13_WAS_BKN,,,,,,,,,,,-,,,,,240_NBA_TTC_1A,13_WAS_BKN,Skip,-,-,-,-,-,-,-,-,-,-,-,-,-,-,-,-,-,-,-
,,,,,,,,,,,,-,,,,,240_NBA_TTC_1A,13_WAS_BKN,Skip,-,-,-,-,-,-,-,-,-,-,-,-,-,-,-,-,-,-,-
,14_POR_BOS,,,,,,,,,,,-,,,,,240_NBA_TTC_1A,14_POR_BOS,Skip,-,-,-,-,-,-,-,-,-,-,-,-,-,-,-,-,-,-,-
,,,,,,,,,,,,-,,,,,240_NBA_TTC_1A,14_POR_BOS,Skip,-,-,-,-,-,-,-,-,-,-,-,-,-,-,-,-,-,-,-
,15_SAS_MEM,,,,,,,,,,,-,,,,,240_NBA_TTC_1A,15_SAS_MEM,Skip,-,-,-,-,-,-,-,-,-,-,-,-,-,-,-,-,-,-,-
,,,,,,,,,,,,-,,,,,240_NBA_TTC_1A,15_SAS_MEM,Skip,-,-,-,-,-,-,-,-,-,-,-,-,-,-,-,-,-,-,-
,16_SAC_ORL,,,,,,,,,,,-,,,,,240_NBA_TTC_1A,16_SAC_ORL,Skip,-,-,-,-,-,-,-,-,-,-,-,-,-,-,-,-,-,-,-
,,,,,,,,,,,,-,,,,,240_NBA_TTC_1A,16_SAC_ORL,Skip,-,-,-,-,-,-,-,-,-,-,-,-,-,-,-,-,-,-,-
,17_MIL_HOU,,,,,,,,,,,-,,,,,240_NBA_TTC_1A,17_MIL_HOU,Skip,-,-,-,-,-,-,-,-,-,-,-,-,-,-,-,-,-,-,-
,,,,,,,,,,,,-,,,,,240_NBA_TTC_1A,17_MIL_HOU,Skip,-,-,-,-,-,-,-,-,-,-,-,-,-,-,-,-,-,-,-
,18_DAL_PHX,,,,,,,,,,,-,,,,,240_NBA_TTC_1A,18_DAL_PHX,Skip,-,-,-,-,-,-,-,-,-,-,-,-,-,-,-,-,-,-,-
,,,,,,,,,,,,-,,,,,240_NBA_TTC_1A,18_DAL_PHX,Skip,-,-,-,-,-,-,-,-,-,-,-,-,-,-,-,-,-,-,-
,19_TOR_MIA,,,,,,,,,,,-,,,,,240_NBA_TTC_1A,19_TOR_MIA,Skip,-,-,-,-,-,-,-,-,-,-,-,-,-,-,-,-,-,-,-
,,,,,,,,,,,,-,,,,,240_NBA_TTC_1A,19_TOR_MIA,Skip,-,-,-,-,-,-,-,-,-,-,-,-,-,-,-,-,-,-,-
,20_DEN_OKC,,,,,,,,,,,-,,,,,240_NBA_TTC_1A,20_DEN_OKC,Skip,-,-,-,-,-,-,-,-,-,-,-,-,-,-,-,-,-,-,-
,,,,,,,,,,,,-,,,,,240_NBA_TTC_1A,20_DEN_OKC,Skip,-,-,-,-,-,-,-,-,-,-,-,-,-,-,-,-,-,-,-
,21_IND_WAS,,,,,,,,,,,-,,,,,240_NBA_TTC_1A,21_IND_WAS,Skip,-,-,-,-,-,-,-,-,-,-,-,-,-,-,-,-,-,-,-
,,,,,,,,,,,,-,,,,,240_NBA_TTC_1A,21_IND_WAS,Skip,-,-,-,-,-,-,-,-,-,-,-,-,-,-,-,-,-,-,-
,22_MEM_NOP,,,,,,,,,,,-,,,,,240_NBA_TTC_1A,22_MEM_NOP,Skip,-,-,-,-,-,-,-,-,-,-,-,-,-,-,-,-,-,-,-
,,,,,,,,,,,,-,,,,,240_NBA_TTC_1A,22_MEM_NOP,Skip,-,-,-,-,-,-,-,-,-,-,-,-,-,-,-,-,-,-,-
,23_SAS_PHI,,,,,,,,,,,-,,,,,240_NBA_TTC_1A,23_SAS_PHI,Skip,-,-,-,-,-,-,-,-,-,-,-,-,-,-,-,-,-,-,-
,,,,,,,,,,,,-,,,,,240_NBA_TTC_1A,23_SAS_PHI,Skip,-,-,-,-,-,-,-,-,-,-,-,-,-,-,-,-,-,-,-
,24_LAL_UTA,,,,,,,,,,,-,,,,,240_NBA_TTC_1A,24_LAL_UTA,Skip,-,-,-,-,-,-,-,-,-,-,-,-,-,-,-,-,-,-,-
,,,,,,,,,,,,-,,,,,240_NBA_TTC_1A,24_LAL_UTA,Skip,-,-,-,-,-,-,-,-,-,-,-,-,-,-,-,-,-,-,-
241_NBA_TTC_1B,00_UTA_NOP,004_NOP_WINS_RIB_F_v02.mov,2,,2,241,004,010,RIB_F,10s,,-,,,,,241_NBA_TTC_1B,00_UTA_NOP,\241_NBA_TTC_1B\00_UTA_NOP\004_NOP_WINS_RIB_F_v02.mov,-,nclc,nclc,10010,373658865,9504,144,66.000,CFR,29.970,467544198,-,-,-,-,-,-,-,-
,,007_TAP_TO_CHEER_CRN_v02.mov,2,,,241,007,014,CRN,10s,,-,,,,7/21/2020 9:28:13,241_NBA_TTC_1B,00_UTA_NOP,\241_NBA_TTC_1B\00_UTA_NOP\007_TAP_TO_CHEER_CRN_v02.mov,-,nclc,nclc,10010,7797687,3328,208,16.000,CFR,29.970,9758829,-,-,-,-,-,-,-,-
,01_LAC_LAL,014_LAL_WINS_RIB_F_v02.mov,2,,,241,014,010,RIB_F,10s,,-,,,,7/23/2020 8:23:23,241_NBA_TTC_1B,01_LAC_LAL,\241_NBA_TTC_1B\01_LAC_LAL\014_LAL_WINS_RIB_F_v02.mov,-,nclc,nclc,10010,333432265,9504,144,66.000,CFR,29.970,417210615,-,-,-,-,-,-,-,-
,,017_TAP_TO_CHEER_CRN_v02.mov,2,,,241,017,014,CRN,10s,,-,,,,7/21/2020 9:28:31,241_NBA_TTC_1B,01_LAC_LAL,\241_NBA_TTC_1B\01_LAC_LAL\017_TAP_TO_CHEER_CRN_v02.mov,-,nclc,nclc,10010,7797687,3328,208,16.000,CFR,29.970,9758829,-,-,-,-,-,-,-,-
,02_ORL_BKN,024_BKN_WINS_RIB_F_v02.mov,2,,,241,024,010,RIB_F,10s,,-,,,,7/23/2020 8:25:04,241_NBA_TTC_1B,02_ORL_BKN,\241_NBA_TTC_1B\02_ORL_BKN\024_BKN_WINS_RIB_F_v02.mov,-,nclc,nclc,10010,299109521,9504,144,66.000,CFR,29.970,374264238,-,-,-,-,-,-,-,-
,,027_TAP_TO_CHEER_CRN_v02.mov,2,,,241,027,014,CRN,10s,,-,,,,7/21/2020 9:28:22,241_NBA_TTC_1B,02_ORL_BKN,\241_NBA_TTC_1B\02_ORL_BKN\027_TAP_TO_CHEER_CRN_v02.mov,-,nclc,nclc,10010,7797687,3328,208,16.000,CFR,29.970,9758829,-,-,-,-,-,-,-,-
,03_MEM_POR,034_POR_WINS_RIB_F_v01.mov,1,,,241,034,010,RIB_F,10s,,-,,,,,241_NBA_TTC_1B,03_MEM_POR,\241_NBA_TTC_1B\03_MEM_POR\034_POR_WINS_RIB_F_v01.mov,-,nclc,nclc,10010,297415031,9504,144,66.000,CFR,29.970,372144006,-,-,-,-,-,-,-,-
,,037_TAP_TO_CHEER_CRN_v02.mov,2,,,241,037,014,CRN,10s,,-,,,,7/21/2020 9:28:31,241_NBA_TTC_1B,03_MEM_POR,\241_NBA_TTC_1B\03_MEM_POR\037_TAP_TO_CHEER_CRN_v02.mov,-,nclc,nclc,10010,7797687,3328,208,16.000,CFR,29.970,9758829,-,-,-,-,-,-,-,-
,04_PHX_WAS,044_WAS_WINS_RIB_F_v01.mov,1,,,241,044,010,RIB_F,10s,,-,,,,,241_NBA_TTC_1B,04_PHX_WAS,\241_NBA_TTC_1B\04_PHX_WAS\044_WAS_WINS_RIB_F_v01.mov,-,nclc,nclc,10010,329605541,9504,144,66.000,CFR,29.970,412422421,-,-,-,-,-,-,-,-
,,047_TAP_TO_CHEER_CRN_v02.mov,2,,,241,047,014,CRN,10s,,-,,,,7/21/2020 9:28:26,241_NBA_TTC_1B,04_PHX_WAS,\241_NBA_TTC_1B\04_PHX_WAS\047_TAP_TO_CHEER_CRN_v02.mov,-,nclc,nclc,10010,7797687,3328,208,16.000,CFR,29.970,9758829,-,-,-,-,-,-,-,-
,05_BOS_MIL,054_MIL_WINS_RIB_F_v01.mov,1,,,241,054,010,RIB_F,10s,,-,,,,7/21/2020 9:28:22,241_NBA_TTC_1B,05_BOS_MIL,\241_NBA_TTC_1B\05_BOS_MIL\054_MIL_WINS_RIB_F_v01.mov,-,nclc,nclc,10010,325341342,9504,144,66.000,CFR,29.970,407086837,-,-,-,-,-,-,-,-
,,057_TAP_TO_CHEER_CRN_v02.mov,2,,,241,057,014,CRN,10s,,-,,,,7/21/2020 9:28:23,241_NBA_TTC_1B,05_BOS_MIL,\241_NBA_TTC_1B\05_BOS_MIL\057_TAP_TO_CHEER_CRN_v02.mov,-,nclc,nclc,10010,7797687,3328,208,16.000,CFR,29.970,9758829,-,-,-,-,-,-,-,-
,06_SAC_SAS,064_SAS_WINS_RIB_F_v01.mov,1,,,241,064,010,RIB_F,10s,,-,,,,7/21/2020 9:28:23,241_NBA_TTC_1B,06_SAC_SAS,\241_NBA_TTC_1B\06_SAC_SAS\064_SAS_WINS_RIB_F_v01.mov,-,nclc,nclc,10010,280045001,9504,144,66.000,CFR,29.970,350409734,-,-,-,-,-,-,-,-
,,067_TAP_TO_CHEER_CRN_v02.mov,2,,,241,067,014,CRN,10s,,-,,,,7/21/2020 9:28:33,241_NBA_TTC_1B,06_SAC_SAS,\241_NBA_TTC_1B\06_SAC_SAS\067_TAP_TO_CHEER_CRN_v02.mov,-,nclc,nclc,10010,7797687,3328,208,16.000,CFR,29.970,9758829,-,-,-,-,-,-,-,-
,07_HOU_DAL,074_DAL_WINS_RIB_F_v01.mov,1,,,241,074,010,RIB_F,10s,,-,,,,7/23/2020 9:01:35,241_NBA_TTC_1B,07_HOU_DAL,\241_NBA_TTC_1B\07_HOU_DAL\074_DAL_WINS_RIB_F_v01.mov,-,nclc,nclc,10010,249316509,9504,144,66.000,CFR,29.970,311960670,-,-,-,-,-,-,-,-
,,077_TAP_TO_CHEER_CRN_v02.mov,2,,,241,077,014,CRN,10s,,-,,,,7/23/2020 9:01:37,241_NBA_TTC_1B,07_HOU_DAL,\241_NBA_TTC_1B\07_HOU_DAL\077_TAP_TO_CHEER_CRN_v02.mov,-,nclc,nclc,10010,7797687,3328,208,16.000,CFR,29.970,9758829,-,-,-,-,-,-,-,-
,08_MIA_DEN,084_DEN_WINS_RIB_F_v01.mov,1,,,241,084,010,RIB_F,10s,,-,,,,7/23/2020 9:01:52,241_NBA_TTC_1B,08_MIA_DEN,\241_NBA_TTC_1B\08_MIA_DEN\084_DEN_WINS_RIB_F_v01.mov,-,nclc,nclc,10010,252285734,9504,144,66.000,CFR,29.970,315675916,-,-,-,-,-,-,-,-
,,087_TAP_TO_CHEER_CRN_v02.mov,2,,,241,087,014,CRN,10s,,-,,,,7/23/2020 9:01:55,241_NBA_TTC_1B,08_MIA_DEN,\241_NBA_TTC_1B\08_MIA_DEN\087_TAP_TO_CHEER_CRN_v02.mov,-,nclc,nclc,10010,7797687,3328,208,16.000,CFR,29.970,9758829,-,-,-,-,-,-,-,-
,09_UTA_OKC,094_OKC_WINS_RIB_F_v01.mov,1,,,241,094,010,RIB_F,10s,,-,,,,,241_NBA_TTC_1B,09_UTA_OKC,\241_NBA_TTC_1B\09_UTA_OKC\094_OKC_WINS_RIB_F_v01.mov,-,nclc,nclc,10010,254095159,9504,144,66.000,CFR,29.970,317939962,-,-,-,-,-,-,-,-
,,097_TAP_TO_CHEER_CRN_v02.mov,2,,,241,097,014,CRN,10s,,-,,,,7/23/2020 9:01:59,241_NBA_TTC_1B,09_UTA_OKC,\241_NBA_TTC_1B\09_UTA_OKC\097_TAP_TO_CHEER_CRN_v02.mov,-,nclc,nclc,10010,7797687,3328,208,16.000,CFR,29.970,9758829,-,-,-,-,-,-,-,-
,10_NOP_LAC,104_LAC_WINS_RIB_F_v01.mov,1,,,241,104,010,RIB_F,10s,,-C,,,,,241_NBA_TTC_1B,10_NOP_LAC,\241_NBA_TTC_1B\10_NOP_LAC\104_LAC_WINS_RIB_F_v01.mov,-C,RLE,rle ,10010,895468758,9504,144,66.000,CFR,29.970,1121504984,-,-,-,-,-,-,-,-
,,107_TAP_TO_CHEER_CRN_v02.mov,2,,,241,107,014,CRN,10s,,-,,,,,241_NBA_TTC_1B,10_NOP_LAC,\241_NBA_TTC_1B\10_NOP_LAC\107_TAP_TO_CHEER_CRN_v02.mov,-,nclc,nclc,10010,7797687,3328,208,16.000,CFR,29.970,9758829,-,-,-,-,-,-,-,-
,11_PHI_IND,114_IND_WINS_RIB_F_v01.mov,1,,,241,114,010,RIB_F,10s,,-,,,,7/23/2020 9:02:02,241_NBA_TTC_1B,11_PHI_IND,\241_NBA_TTC_1B\11_PHI_IND\114_IND_WINS_RIB_F_v01.mov,-,nclc,nclc,10010,275759646,9504,144,66.000,CFR,29.970,345047678,-,-,-,-,-,-,-,-
,,117_TAP_TO_CHEER_CRN_v02.mov,2,,,241,117,014,CRN,10s,,-,,,,,241_NBA_TTC_1B,11_PHI_IND,\241_NBA_TTC_1B\11_PHI_IND\117_TAP_TO_CHEER_CRN_v02.mov,-,nclc,nclc,10010,7797687,3328,208,16.000,CFR,29.970,9758829,-,-,-,-,-,-,-,-
,12_LAL_TOR,124_TOR_WINS_RIB_F_v01.mov,1,,,241,124,010,RIB_F,10s,,-,,,,,241_NBA_TTC_1B,12_LAL_TOR,\241_NBA_TTC_1B\12_LAL_TOR\124_TOR_WINS_RIB_F_v01.mov,-,nclc,nclc,10010,263050795,9504,144,66.000,CFR,29.970,329145712,-,-,-,-,-,-,-,-
,,127_TAP_TO_CHEER_CRN_v02.mov,2,,,241,127,014,CRN,10s,,-,,,,,241_NBA_TTC_1B,12_LAL_TOR,\241_NBA_TTC_1B\12_LAL_TOR\127_TAP_TO_CHEER_CRN_v02.mov,-,nclc,nclc,10010,7797687,3328,208,16.000,CFR,29.970,9758829,-,-,-,-,-,-,-,-
,13_WAS_BKN,,,,,,,,,,,-,,,,,241_NBA_TTC_1B,13_WAS_BKN,Skip,-,-,-,-,-,-,-,-,-,-,-,-,-,-,-,-,-,-,-
,,,,,,,,,,,,-,,,,,241_NBA_TTC_1B,13_WAS_BKN,Skip,-,-,-,-,-,-,-,-,-,-,-,-,-,-,-,-,-,-,-
,14_POR_BOS,,,,,,,,,,,-,,,,,241_NBA_TTC_1B,14_POR_BOS,Skip,-,-,-,-,-,-,-,-,-,-,-,-,-,-,-,-,-,-,-
,,,,,,,,,,,,-,,,,,241_NBA_TTC_1B,14_POR_BOS,Skip,-,-,-,-,-,-,-,-,-,-,-,-,-,-,-,-,-,-,-
,15_SAS_MEM,,,,,,,,,,,-,,,,,241_NBA_TTC_1B,15_SAS_MEM,Skip,-,-,-,-,-,-,-,-,-,-,-,-,-,-,-,-,-,-,-
,,,,,,,,,,,,-,,,,,241_NBA_TTC_1B,15_SAS_MEM,Skip,-,-,-,-,-,-,-,-,-,-,-,-,-,-,-,-,-,-,-
,16_SAC_ORL,,,,,,,,,,,-,,,,,241_NBA_TTC_1B,16_SAC_ORL,Skip,-,-,-,-,-,-,-,-,-,-,-,-,-,-,-,-,-,-,-
,,,,,,,,,,,,-,,,,,241_NBA_TTC_1B,16_SAC_ORL,Skip,-,-,-,-,-,-,-,-,-,-,-,-,-,-,-,-,-,-,-
,17_MIL_HOU,,,,,,,,,,,-,,,,,241_NBA_TTC_1B,17_MIL_HOU,Skip,-,-,-,-,-,-,-,-,-,-,-,-,-,-,-,-,-,-,-
,,,,,,,,,,,,-,,,,,241_NBA_TTC_1B,17_MIL_HOU,Skip,-,-,-,-,-,-,-,-,-,-,-,-,-,-,-,-,-,-,-
,18_DAL_PHX,,,,,,,,,,,-,,,,,241_NBA_TTC_1B,18_DAL_PHX,Skip,-,-,-,-,-,-,-,-,-,-,-,-,-,-,-,-,-,-,-
,,,,,,,,,,,,-,,,,,241_NBA_TTC_1B,18_DAL_PHX,Skip,-,-,-,-,-,-,-,-,-,-,-,-,-,-,-,-,-,-,-
,19_TOR_MIA,,,,,,,,,,,-,,,,,241_NBA_TTC_1B,19_TOR_MIA,Skip,-,-,-,-,-,-,-,-,-,-,-,-,-,-,-,-,-,-,-
,,,,,,,,,,,,-,,,,,241_NBA_TTC_1B,19_TOR_MIA,Skip,-,-,-,-,-,-,-,-,-,-,-,-,-,-,-,-,-,-,-
,20_DEN_OKC,,,,,,,,,,,-,,,,,241_NBA_TTC_1B,20_DEN_OKC,Skip,-,-,-,-,-,-,-,-,-,-,-,-,-,-,-,-,-,-,-
,,,,,,,,,,,,-,,,,,241_NBA_TTC_1B,20_DEN_OKC,Skip,-,-,-,-,-,-,-,-,-,-,-,-,-,-,-,-,-,-,-
,21_IND_WAS,,,,,,,,,,,-,,,,,241_NBA_TTC_1B,21_IND_WAS,Skip,-,-,-,-,-,-,-,-,-,-,-,-,-,-,-,-,-,-,-
,,,,,,,,,,,,-,,,,,241_NBA_TTC_1B,21_IND_WAS,Skip,-,-,-,-,-,-,-,-,-,-,-,-,-,-,-,-,-,-,-
,22_MEM_NOP,,,,,,,,,,,-,,,,7/21/2020 9:24:21,241_NBA_TTC_1B,22_MEM_NOP,Skip,-,-,-,-,-,-,-,-,-,-,-,-,-,-,-,-,-,-,-
,,,,,,,,,,,,-,,,,,241_NBA_TTC_1B,22_MEM_NOP,Skip,-,-,-,-,-,-,-,-,-,-,-,-,-,-,-,-,-,-,-
,23_SAS_PHI,,,,,,,,,,,-,,,,,241_NBA_TTC_1B,23_SAS_PHI,Skip,-,-,-,-,-,-,-,-,-,-,-,-,-,-,-,-,-,-,-
,,,,,,,,,,,,-,,,,,241_NBA_TTC_1B,23_SAS_PHI,Skip,-,-,-,-,-,-,-,-,-,-,-,-,-,-,-,-,-,-,-
,24_LAL_UTA,,,,,,,,,,,-,,,,,241_NBA_TTC_1B,24_LAL_UTA,Skip,-,-,-,-,-,-,-,-,-,-,-,-,-,-,-,-,-,-,-
,,,,,,,,,,,,-,,,,,241_NBA_TTC_1B,24_LAL_UTA,Skip,-,-,-,-,-,-,-,-,-,-,-,-,-,-,-,-,-,-,-
242_NBA_TTC_1C,00_UTA_NOP,004_UTA_WINS_RIB_F_v02.mov,2,,2,242,004,010,RIB_F,10s,,-,,,,7/21/2020 14:05:29,242_NBA_TTC_1C,00_UTA_NOP,\242_NBA_TTC_1C\00_UTA_NOP\004_UTA_WINS_RIB_F_v02.mov,-,nclc,nclc,10010,330423455,9504,144,66.000,CFR,29.970,413445838,-,-,-,-,-,-,-,-
,,007_TAP_TO_CHEER_CRN_v02.mov,2,,,242,007,014,CRN,10s,,-,,,,7/21/2020 9:31:52,242_NBA_TTC_1C,00_UTA_NOP,\242_NBA_TTC_1C\00_UTA_NOP\007_TAP_TO_CHEER_CRN_v02.mov,-,nclc,nclc,10010,7797687,3328,208,16.000,CFR,29.970,9758829,-,-,-,-,-,-,-,-
,01_LAC_LAL,014_LAC_WINS_RIB_F_v01.mov,1,,,242,014,010,RIB_F,10s,,-,,,,7/21/2020 9:29:14,242_NBA_TTC_1C,01_LAC_LAL,\242_NBA_TTC_1C\01_LAC_LAL\014_LAC_WINS_RIB_F_v01.mov,-,nclc,nclc,10010,337296357,9504,144,66.000,CFR,29.970,422045565,-,-,-,-,-,-,-,-
,,017_TAP_TO_CHEER_CRN_v02.mov,2,,,242,017,014,CRN,10s,,-,,,,,242_NBA_TTC_1C,01_LAC_LAL,\242_NBA_TTC_1C\01_LAC_LAL\017_TAP_TO_CHEER_CRN_v02.mov,-,nclc,nclc,10010,7797687,3328,208,16.000,CFR,29.970,9758829,-,-,-,-,-,-,-,-
,02_ORL_BKN,024_ORL_WINS_RIB_F_v01.mov,1,,,242,024,010,RIB_F,10s,,-,,,,,242_NBA_TTC_1C,02_ORL_BKN,\242_NBA_TTC_1C\02_ORL_BKN\024_ORL_WINS_RIB_F_v01.mov,-,nclc,nclc,10010,225623279,9504,144,66.000,CFR,29.970,282314486,-,-,-,-,-,-,-,-
,,027_TAP_TO_CHEER_CRN_v02.mov,2,,,242,027,014,CRN,10s,,-,,,,,242_NBA_TTC_1C,02_ORL_BKN,\242_NBA_TTC_1C\02_ORL_BKN\027_TAP_TO_CHEER_CRN_v02.mov,-,nclc,nclc,10010,7797687,3328,208,16.000,CFR,29.970,9758829,-,-,-,-,-,-,-,-
,03_MEM_POR,034_MEM_WINS_RIB_F_v01.mov,1,,,242,034,010,RIB_F,10s,,-,,,,,242_NBA_TTC_1C,03_MEM_POR,\242_NBA_TTC_1C\03_MEM_POR\034_MEM_WINS_RIB_F_v01.mov,-,nclc,nclc,10010,311695778,9504,144,66.000,CFR,29.970,391935249,PCM,Little / Signed,sowt,10011,2,L R,48000,16
,,037_TAP_TO_CHEER_CRN_v02.mov,2,,,242,037,014,CRN,10s,,-,,,,,242_NBA_TTC_1C,03_MEM_POR,\242_NBA_TTC_1C\03_MEM_POR\037_TAP_TO_CHEER_CRN_v02.mov,-,nclc,nclc,10010,7797687,3328,208,16.000,CFR,29.970,9758829,-,-,-,-,-,-,-,-
,04_PHX_WAS,044_PHX_WINS_RIB_F_v01.mov,1,,,242,044,010,RIB_F,10s,,-,,,,,242_NBA_TTC_1C,04_PHX_WAS,\242_NBA_TTC_1C\04_PHX_WAS\044_PHX_WINS_RIB_F_v01.mov,-,nclc,nclc,10010,330327570,9504,144,66.000,CFR,29.970,413325861,-,-,-,-,-,-,-,-
,,047_TAP_TO_CHEER_CRN_v02.mov,2,,,242,047,014,CRN,10s,,-,,,,,242_NBA_TTC_1C,04_PHX_WAS,\242_NBA_TTC_1C\04_PHX_WAS\047_TAP_TO_CHEER_CRN_v02.mov,-,nclc,nclc,10010,7797687,3328,208,16.000,CFR,29.970,9758829,-,-,-,-,-,-,-,-
,05_BOS_MIL,054_BOS_WINS_RIB_F_v01.mov,1,,,242,054,010,RIB_F,10s,,-,,,,,242_NBA_TTC_1C,05_BOS_MIL,\242_NBA_TTC_1C\05_BOS_MIL\054_BOS_WINS_RIB_F_v01.mov,-,nclc,nclc,10010,322947650,9504,144,66.000,CFR,29.970,404091727,-,-,-,-,-,-,-,-
,,057_TAP_TO_CHEER_CRN_v02.mov,2,,,242,057,014,CRN,10s,,-,,,,,242_NBA_TTC_1C,05_BOS_MIL,\242_NBA_TTC_1C\05_BOS_MIL\057_TAP_TO_CHEER_CRN_v02.mov,-,nclc,nclc,10010,7797687,3328,208,16.000,CFR,29.970,9758829,-,-,-,-,-,-,-,-
,06_SAC_SAS,064_SAC_WINS_RIB_F_v01.mov,1,,,242,064,010,RIB_F,10s,,-,,,,,242_NBA_TTC_1C,06_SAC_SAS,\242_NBA_TTC_1C\06_SAC_SAS\064_SAC_WINS_RIB_F_v01.mov,-,nclc,nclc,10010,221961364,9504,144,66.000,CFR,29.970,279654952,PCM,Little / Signed,sowt,10011,2,L R,48000,16
,,067_TAP_TO_CHEER_CRN_v02.mov,2,,,242,067,014,CRN,10s,,-,,,,,242_NBA_TTC_1C,06_SAC_SAS,\242_NBA_TTC_1C\06_SAC_SAS\067_TAP_TO_CHEER_CRN_v02.mov,-,nclc,nclc,10010,7797687,3328,208,16.000,CFR,29.970,9758829,-,-,-,-,-,-,-,-
,07_HOU_DAL,074_HOU_WINS_RIB_F_v01.mov,,,,242,074,010,RIB_F,10s,,-,,,,,242_NBA_TTC_1C,07_HOU_DAL,\242_NBA_TTC_1C\07_HOU_DAL\074_HOU_WINS_RIB_F_v01.mov,-,nclc,nclc,10010,259213713,9504,144,66.000,CFR,29.970,324344559,-,-,-,-,-,-,-,-
,,077_TAP_TO_CHEER_CRN_v02.mov,,,,242,077,014,CRN,10s,,-,,,,,242_NBA_TTC_1C,07_HOU_DAL,\242_NBA_TTC_1C\07_HOU_DAL\077_TAP_TO_CHEER_CRN_v02.mov,-,nclc,nclc,10010,7797687,3328,208,16.000,CFR,29.970,9758829,-,-,-,-,-,-,-,-
,08_MIA_DEN,084_MIA_WINS_RIB_F_v01.mov,,,,242,084,010,RIB_F,10s,,-,,,,,242_NBA_TTC_1C,08_MIA_DEN,\242_NBA_TTC_1C\08_MIA_DEN\084_MIA_WINS_RIB_F_v01.mov,-,nclc,nclc,10010,232298270,9504,144,66.000,CFR,29.970,290666577,-,-,-,-,-,-,-,-
,,087_TAP_TO_CHEER_CRN_v02.mov,,,,242,087,014,CRN,10s,,-,,,,,242_NBA_TTC_1C,08_MIA_DEN,\242_NBA_TTC_1C\08_MIA_DEN\087_TAP_TO_CHEER_CRN_v02.mov,-,nclc,nclc,10010,7797687,3328,208,16.000,CFR,29.970,9758829,-,-,-,-,-,-,-,-
,09_UTA_OKC,094_UTA_WINS_RIB_F_v01.mov,,,,242,094,010,RIB_F,10s,,-,,,,,242_NBA_TTC_1C,09_UTA_OKC,\242_NBA_TTC_1C\09_UTA_OKC\094_UTA_WINS_RIB_F_v01.mov,-,nclc,nclc,10010,287443384,9504,144,66.000,CFR,29.970,359666970,-,-,-,-,-,-,-,-
,,097_TAP_TO_CHEER_CRN_v02.mov,,,,242,097,014,CRN,10s,,-,,,,,242_NBA_TTC_1C,09_UTA_OKC,\242_NBA_TTC_1C\09_UTA_OKC\097_TAP_TO_CHEER_CRN_v02.mov,-,nclc,nclc,10010,7797687,3328,208,16.000,CFR,29.970,9758829,-,-,-,-,-,-,-,-
,10_NOP_LAC,104_NOP_WINS_RIB_F_v01.mov,,,,242,104,010,RIB_F,10s,,-,,,,,242_NBA_TTC_1C,10_NOP_LAC,\242_NBA_TTC_1C\10_NOP_LAC\104_NOP_WINS_RIB_F_v01.mov,-,nclc,nclc,10010,264411069,9504,144,66.000,CFR,29.970,330847757,-,-,-,-,-,-,-,-
,,107_TAP_TO_CHEER_CRN_v02.mov,,,,242,107,014,CRN,10s,,-,,,,,242_NBA_TTC_1C,10_NOP_LAC,\242_NBA_TTC_1C\10_NOP_LAC\107_TAP_TO_CHEER_CRN_v02.mov,-,nclc,nclc,10010,7797687,3328,208,16.000,CFR,29.970,9758829,-,-,-,-,-,-,-,-
,11_PHI_IND,114_PHI_WINS_RIB_F_v01.mov,,,,242,114,010,RIB_F,10s,,-,,,,,242_NBA_TTC_1C,11_PHI_IND,\242_NBA_TTC_1C\11_PHI_IND\114_PHI_WINS_RIB_F_v01.mov,-,nclc,nclc,10010,262823661,9504,144,66.000,CFR,29.970,328861511,-,-,-,-,-,-,-,-
,,117_TAP_TO_CHEER_CRN_v02.mov,,,,242,117,014,CRN,10s,,-,,,,,242_NBA_TTC_1C,11_PHI_IND,\242_NBA_TTC_1C\11_PHI_IND\117_TAP_TO_CHEER_CRN_v02.mov,-,nclc,nclc,10010,7797687,3328,208,16.000,CFR,29.970,9758829,-,-,-,-,-,-,-,-
,12_LAL_TOR,124_LAL_WINS_RIB_F_v01.mov,,,,242,124,010,RIB_F,10s,,-,,,,,242_NBA_TTC_1C,12_LAL_TOR,\242_NBA_TTC_1C\12_LAL_TOR\124_LAL_WINS_RIB_F_v01.mov,-,nclc,nclc,10010,263098194,9504,144,66.000,CFR,29.970,329205021,-,-,-,-,-,-,-,-
,,127_TAP_TO_CHEER_CRN_v02.mov,,,,242,127,014,CRN,10s,,-,,,,,242_NBA_TTC_1C,12_LAL_TOR,\242_NBA_TTC_1C\12_LAL_TOR\127_TAP_TO_CHEER_CRN_v02.mov,-,nclc,nclc,10010,7797687,3328,208,16.000,CFR,29.970,9758829,-,-,-,-,-,-,-,-
,13_WAS_BKN,,,,,,,,,,,-,,,,,242_NBA_TTC_1C,13_WAS_BKN,Skip,-,-,-,-,-,-,-,-,-,-,-,-,-,-,-,-,-,-,-
,,,,,,,,,,,,-,,,,,242_NBA_TTC_1C,13_WAS_BKN,Skip,-,-,-,-,-,-,-,-,-,-,-,-,-,-,-,-,-,-,-
,14_POR_BOS,,,,,,,,,,,-,,,,,242_NBA_TTC_1C,14_POR_BOS,Skip,-,-,-,-,-,-,-,-,-,-,-,-,-,-,-,-,-,-,-
,,,,,,,,,,,,-,,,,,242_NBA_TTC_1C,14_POR_BOS,Skip,-,-,-,-,-,-,-,-,-,-,-,-,-,-,-,-,-,-,-
,15_SAS_MEM,,,,,,,,,,,-,,,,,242_NBA_TTC_1C,15_SAS_MEM,Skip,-,-,-,-,-,-,-,-,-,-,-,-,-,-,-,-,-,-,-
,,,,,,,,,,,,-,,,,,242_NBA_TTC_1C,15_SAS_MEM,Skip,-,-,-,-,-,-,-,-,-,-,-,-,-,-,-,-,-,-,-
,16_SAC_ORL,,,,,,,,,,,-,,,,,242_NBA_TTC_1C,16_SAC_ORL,Skip,-,-,-,-,-,-,-,-,-,-,-,-,-,-,-,-,-,-,-
,,,,,,,,,,,,-,,,,,242_NBA_TTC_1C,16_SAC_ORL,Skip,-,-,-,-,-,-,-,-,-,-,-,-,-,-,-,-,-,-,-
,17_MIL_HOU,,,,,,,,,,,-,,,,,242_NBA_TTC_1C,17_MIL_HOU,Skip,-,-,-,-,-,-,-,-,-,-,-,-,-,-,-,-,-,-,-
,,,,,,,,,,,,-,,,,,242_NBA_TTC_1C,17_MIL_HOU,Skip,-,-,-,-,-,-,-,-,-,-,-,-,-,-,-,-,-,-,-
,18_DAL_PHX,,,,,,,,,,,-,,,,,242_NBA_TTC_1C,18_DAL_PHX,Skip,-,-,-,-,-,-,-,-,-,-,-,-,-,-,-,-,-,-,-
,,,,,,,,,,,,-,,,,,242_NBA_TTC_1C,18_DAL_PHX,Skip,-,-,-,-,-,-,-,-,-,-,-,-,-,-,-,-,-,-,-
,19_TOR_MIA,,,,,,,,,,,-,,,,,242_NBA_TTC_1C,19_TOR_MIA,Skip,-,-,-,-,-,-,-,-,-,-,-,-,-,-,-,-,-,-,-
,,,,,,,,,,,,-,,,,,242_NBA_TTC_1C,19_TOR_MIA,Skip,-,-,-,-,-,-,-,-,-,-,-,-,-,-,-,-,-,-,-
,20_DEN_OKC,,,,,,,,,,,-,,,,,242_NBA_TTC_1C,20_DEN_OKC,Skip,-,-,-,-,-,-,-,-,-,-,-,-,-,-,-,-,-,-,-
,,,,,,,,,,,,-,,,,,242_NBA_TTC_1C,20_DEN_OKC,Skip,-,-,-,-,-,-,-,-,-,-,-,-,-,-,-,-,-,-,-
,21_IND_WAS,,,,,,,,,,,-,,,,,242_NBA_TTC_1C,21_IND_WAS,Skip,-,-,-,-,-,-,-,-,-,-,-,-,-,-,-,-,-,-,-
,,,,,,,,,,,,-,,,,,242_NBA_TTC_1C,21_IND_WAS,Skip,-,-,-,-,-,-,-,-,-,-,-,-,-,-,-,-,-,-,-
,22_MEM_NOP,,,,,,,,,,,-,,,,,242_NBA_TTC_1C,22_MEM_NOP,Skip,-,-,-,-,-,-,-,-,-,-,-,-,-,-,-,-,-,-,-
,,,,,,,,,,,,-,,,,,242_NBA_TTC_1C,22_MEM_NOP,Skip,-,-,-,-,-,-,-,-,-,-,-,-,-,-,-,-,-,-,-
,23_SAS_PHI,,,,,,,,,,,-,,,,,242_NBA_TTC_1C,23_SAS_PHI,Skip,-,-,-,-,-,-,-,-,-,-,-,-,-,-,-,-,-,-,-
,,,,,,,,,,,,-,,,,,242_NBA_TTC_1C,23_SAS_PHI,Skip,-,-,-,-,-,-,-,-,-,-,-,-,-,-,-,-,-,-,-
,24_LAL_UTA,,,,,,,,,,,-,,,,,242_NBA_TTC_1C,24_LAL_UTA,Skip,-,-,-,-,-,-,-,-,-,-,-,-,-,-,-,-,-,-,-
,,,,,,,,,,,,-,,,,,242_NBA_TTC_1C,24_LAL_UTA,Skip,-,-,-,-,-,-,-,-,-,-,-,-,-,-,-,-,-,-,-
243_NBA_TTC_2A,,,,,,,,,,,,-,,,,,243_NBA_TTC_2A,24_LAL_UTA,Skip,-,-,-,-,-,-,-,-,-,-,-,-,-,-,-,-,-,-,-
,,,,,,,,,,,,-,,,,,243_NBA_TTC_2A,24_LAL_UTA,Skip,-,-,-,-,-,-,-,-,-,-,-,-,-,-,-,-,-,-,-
,,,,,,,,,,,,-,,,,,243_NBA_TTC_2A,24_LAL_UTA,Skip,-,-,-,-,-,-,-,-,-,-,-,-,-,-,-,-,-,-,-
,,,,,,,,,,,,-,,,,,243_NBA_TTC_2A,24_LAL_UTA,Skip,-,-,-,-,-,-,-,-,-,-,-,-,-,-,-,-,-,-,-
,,,,,,,,,,,,-,,,,,243_NBA_TTC_2A,24_LAL_UTA,Skip,-,-,-,-,-,-,-,-,-,-,-,-,-,-,-,-,-,-,-
,,,,,,,,,,,,-,,,,,243_NBA_TTC_2A,24_LAL_UTA,Skip,-,-,-,-,-,-,-,-,-,-,-,-,-,-,-,-,-,-,-
,,,,,,,,,,,,-,,,,,243_NBA_TTC_2A,24_LAL_UTA,Skip,-,-,-,-,-,-,-,-,-,-,-,-,-,-,-,-,-,-,-
244_NBA_TTC_2B,,,,,,,,,,,,-,,,,,244_NBA_TTC_2B,24_LAL_UTA,Skip,-,-,-,-,-,-,-,-,-,-,-,-,-,-,-,-,-,-,-
245_NBA_TTC_2C,,,,,,,,,,,,-,,,,,245_NBA_TTC_2C,24_LAL_UTA,Skip,-,-,-,-,-,-,-,-,-,-,-,-,-,-,-,-,-,-,-
246_NBA_TTC_3A,,,,,,,,,,,,-,,,,,246_NBA_TTC_3A,24_LAL_UTA,Skip,-,-,-,-,-,-,-,-,-,-,-,-,-,-,-,-,-,-,-
247_NBA_TTC_3B,,,,,,,,,,,,-,,,,,247_NBA_TTC_3B,24_LAL_UTA,Skip,-,-,-,-,-,-,-,-,-,-,-,-,-,-,-,-,-,-,-
248_NBA_TTC_3C,,,,,,,,,,,,-,,,,,248_NBA_TTC_3C,24_LAL_UTA,Skip,-,-,-,-,-,-,-,-,-,-,-,-,-,-,-,-,-,-,-
249_NBA_MISC,,,,,,,,,,,,-,,,,,249_NBA_MISC,24_LAL_UTA,Skip,-,-,-,-,-,-,-,-,-,-,-,-,-,-,-,-,-,-,-
,,,,,,,,,,,,-,,,,,249_NBA_MISC,24_LAL_UTA,Skip,-,-,-,-,-,-,-,-,-,-,-,-,-,-,-,-,-,-,-
,,,,,,,,,,,,-,,,,,249_NBA_MISC,24_LAL_UTA,Skip,-,-,-,-,-,-,-,-,-,-,-,-,-,-,-,-,-,-,-
,,,,,,,,,,,,-,,,,,249_NBA_MISC,24_LAL_UTA,Skip,-,-,-,-,-,-,-,-,-,-,-,-,-,-,-,-,-,-,-
,,,,,,,,,,,,-,,,,,249_NBA_MISC,24_LAL_UTA,Skip,-,-,-,-,-,-,-,-,-,-,-,-,-,-,-,-,-,-,-
,,,,,,,,,,,,-,,,,,249_NBA_MISC,24_LAL_UTA,Skip,-,-,-,-,-,-,-,-,-,-,-,-,-,-,-,-,-,-,-
,,,,,,,,,,,,-,,,,,249_NBA_MISC,24_LAL_UTA,Skip,-,-,-,-,-,-,-,-,-,-,-,-,-,-,-,-,-,-,-
,,,,,,,,,,,,-,,,,,249_NBA_MISC,24_LAL_UTA,Skip,-,-,-,-,-,-,-,-,-,-,-,-,-,-,-,-,-,-,-
,,,,,,,,,,,,-,,,,,249_NBA_MISC,24_LAL_UTA,Skip,-,-,-,-,-,-,-,-,-,-,-,-,-,-,-,-,-,-,-
,,,,,,,,,,,,-,,,,,249_NBA_MISC,24_LAL_UTA,Skip,-,-,-,-,-,-,-,-,-,-,-,-,-,-,-,-,-,-,-
,,,,,,,,,,,,-,,,,,249_NBA_MISC,24_LAL_UTA,Skip,-,-,-,-,-,-,-,-,-,-,-,-,-,-,-,-,-,-,-
,,,,,,,,,,,,-,,,,,249_NBA_MISC,24_LAL_UTA,Skip,-,-,-,-,-,-,-,-,-,-,-,-,-,-,-,-,-,-,-
,,,,,,,,,,,,-,,,,,249_NBA_MISC,24_LAL_UTA,Skip,-,-,-,-,-,-,-,-,-,-,-,-,-,-,-,-,-,-,-
,,,,,,,,,,,,-,,,,,249_NBA_MISC,24_LAL_UTA,Skip,-,-,-,-,-,-,-,-,-,-,-,-,-,-,-,-,-,-,-
,,,,,,,,,,,,-,,,,,249_NBA_MISC,24_LAL_UTA,Skip,-,-,-,-,-,-,-,-,-,-,-,-,-,-,-,-,-,-,-
,,,,,,,,,,,,-,,,,,249_NBA_MISC,24_LAL_UTA,Skip,-,-,-,-,-,-,-,-,-,-,-,-,-,-,-,-,-,-,-
,,,,,,,,,,,,-,,,,,249_NBA_MISC,24_LAL_UTA,Skip,-,-,-,-,-,-,-,-,-,-,-,-,-,-,-,-,-,-,-
,,,,,,,,,,,,-,,,,,249_NBA_MISC,24_LAL_UTA,Skip,-,-,-,-,-,-,-,-,-,-,-,-,-,-,-,-,-,-,-
,,,,,,,,,,,,-,,,,,249_NBA_MISC,24_LAL_UTA,Skip,-,-,-,-,-,-,-,-,-,-,-,-,-,-,-,-,-,-,-
,,,,,,,,,,,,-,,,,,249_NBA_MISC,24_LAL_UTA,Skip,-,-,-,-,-,-,-,-,-,-,-,-,-,-,-,-,-,-,-
,,,,,,,,,,,,-,,,,,249_NBA_MISC,24_LAL_UTA,Skip,-,-,-,-,-,-,-,-,-,-,-,-,-,-,-,-,-,-,-
,,,,,,,,,,,,-,,,,,249_NBA_MISC,24_LAL_UTA,Skip,-,-,-,-,-,-,-,-,-,-,-,-,-,-,-,-,-,-,-
,,,,,,,,,,,,-,,,,,249_NBA_MISC,24_LAL_UTA,Skip,-,-,-,-,-,-,-,-,-,-,-,-,-,-,-,-,-,-,-
,,,,,,,,,,,,-,,,,,249_NBA_MISC,24_LAL_UTA,Skip,-,-,-,-,-,-,-,-,-,-,-,-,-,-,-,-,-,-,-
,,,,,,,,,,,,-,,,,,249_NBA_MISC,24_LAL_UTA,Skip,-,-,-,-,-,-,-,-,-,-,-,-,-,-,-,-,-,-,-
,,,,,,,,,,,,-,,,,,249_NBA_MISC,24_LAL_UTA,Skip,-,-,-,-,-,-,-,-,-,-,-,-,-,-,-,-,-,-,-
,,,,,,,,,,,,-,,,,,249_NBA_MISC,24_LAL_UTA,Skip,-,-,-,-,-,-,-,-,-,-,-,-,-,-,-,-,-,-,-
,,,,,,,,,,,,-,,,,,249_NBA_MISC,24_LAL_UTA,Skip,-,-,-,-,-,-,-,-,-,-,-,-,-,-,-,-,-,-,-
,,,,,,,,,,,,-,,,,,249_NBA_MISC,24_LAL_UTA,Skip,-,-,-,-,-,-,-,-,-,-,-,-,-,-,-,-,-,-,-
,,,,,,,,,,,,-,,,,,249_NBA_MISC,24_LAL_UTA,Skip,-,-,-,-,-,-,-,-,-,-,-,-,-,-,-,-,-,-,-
,,,,,,,,,,,,-,,,,,249_NBA_MISC,24_LAL_UTA,Skip,-,-,-,-,-,-,-,-,-,-,-,-,-,-,-,-,-,-,-
,,,,,,,,,,,,-,,,,,249_NBA_MISC,24_LAL_UTA,Skip,-,-,-,-,-,-,-,-,-,-,-,-,-,-,-,-,-,-,-
,,,,,,,,,,,,-,,,,,249_NBA_MISC,24_LAL_UTA,Skip,-,-,-,-,-,-,-,-,-,-,-,-,-,-,-,-,-,-,-
,,,,,,,,,,,,-,,,,,249_NBA_MISC,24_LAL_UTA,Skip,-,-,-,-,-,-,-,-,-,-,-,-,-,-,-,-,-,-,-
,,,,,,,,,,,,-,,,,,249_NBA_MISC,24_LAL_UTA,Skip,-,-,-,-,-,-,-,-,-,-,-,-,-,-,-,-,-,-,-
,,,,,,,,,,,,-,,,,,249_NBA_MISC,24_LAL_UTA,Skip,-,-,-,-,-,-,-,-,-,-,-,-,-,-,-,-,-,-,-
,,,,,,,,,,,,-,,,,,249_NBA_MISC,24_LAL_UTA,Skip,-,-,-,-,-,-,-,-,-,-,-,-,-,-,-,-,-,-,-
,,,,,,,,,,,,-,,,,,249_NBA_MISC,24_LAL_UTA,Skip,-,-,-,-,-,-,-,-,-,-,-,-,-,-,-,-,-,-,-
,,,,,,,,,,,,-,,,,,249_NBA_MISC,24_LAL_UTA,Skip,-,-,-,-,-,-,-,-,-,-,-,-,-,-,-,-,-,-,-
,,,,,,,,,,,,-,,,,,249_NBA_MISC,24_LAL_UTA,Skip,-,-,-,-,-,-,-,-,-,-,-,-,-,-,-,-,-,-,-
,,,,,,,,,,,,-,,,,,249_NBA_MISC,24_LAL_UTA,Skip,-,-,-,-,-,-,-,-,-,-,-,-,-,-,-,-,-,-,-
,,,,,,,,,,,,-,,,,,249_NBA_MISC,24_LAL_UTA,Skip,-,-,-,-,-,-,-,-,-,-,-,-,-,-,-,-,-,-,-
,,,,,,,,,,,,-,,,,,249_NBA_MISC,24_LAL_UTA,Skip,-,-,-,-,-,-,-,-,-,-,-,-,-,-,-,-,-,-,-
,,,,,,,,,,,,-,,,,,249_NBA_MISC,24_LAL_UTA,Skip,-,-,-,-,-,-,-,-,-,-,-,-,-,-,-,-,-,-,-
,,,,,,,,,,,,-,,,,,249_NBA_MISC,24_LAL_UTA,Skip,-,-,-,-,-,-,-,-,-,-,-,-,-,-,-,-,-,-,-
,,,,,,,,,,,,-,,,,,249_NBA_MISC,24_LAL_UTA,Skip,-,-,-,-,-,-,-,-,-,-,-,-,-,-,-,-,-,-,-
,,,,,,,,,,,,-,,,,,249_NBA_MISC,24_LAL_UTA,Skip,-,-,-,-,-,-,-,-,-,-,-,-,-,-,-,-,-,-,-
,,,,,,,,,,,,-,,,,,249_NBA_MISC,24_LAL_UTA,Skip,-,-,-,-,-,-,-,-,-,-,-,-,-,-,-,-,-,-,-
,,,,,,,,,,,,-,,,,,249_NBA_MISC,24_LAL_UTA,Skip,-,-,-,-,-,-,-,-,-,-,-,-,-,-,-,-,-,-,-
,,,,,,,,,,,,-,,,,,249_NBA_MISC,24_LAL_UTA,Skip,-,-,-,-,-,-,-,-,-,-,-,-,-,-,-,-,-,-,-
,,,,,,,,,,,,-,,,,,249_NBA_MISC,24_LAL_UTA,Skip,-,-,-,-,-,-,-,-,-,-,-,-,-,-,-,-,-,-,-
,,,,,,,,,,,,-,,,,,249_NBA_MISC,24_LAL_UTA,Skip,-,-,-,-,-,-,-,-,-,-,-,-,-,-,-,-,-,-,-
,,,,,,,,,,,,-,,,,,249_NBA_MISC,24_LAL_UTA,Skip,-,-,-,-,-,-,-,-,-,-,-,-,-,-,-,-,-,-,-
,,,,,,,,,,,,-,,,,,249_NBA_MISC,24_LAL_UTA,Skip,-,-,-,-,-,-,-,-,-,-,-,-,-,-,-,-,-,-,-
,,,,,,,,,,,,-,,,,,249_NBA_MISC,24_LAL_UTA,Skip,-,-,-,-,-,-,-,-,-,-,-,-,-,-,-,-,-,-,-
,,,,,,,,,,,,-,,,,,249_NBA_MISC,24_LAL_UTA,Skip,-,-,-,-,-,-,-,-,-,-,-,-,-,-,-,-,-,-,-
,,,,,,,,,,,,-,,,,,249_NBA_MISC,24_LAL_UTA,Skip,-,-,-,-,-,-,-,-,-,-,-,-,-,-,-,-,-,-,-
,,,,,,,,,,,,-,,,,,249_NBA_MISC,24_LAL_UTA,Skip,-,-,-,-,-,-,-,-,-,-,-,-,-,-,-,-,-,-,-
,,,,,,,,,,,,-,,,,,249_NBA_MISC,24_LAL_UTA,Skip,-,-,-,-,-,-,-,-,-,-,-,-,-,-,-,-,-,-,-
,,,,,,,,,,,,-,,,,,249_NBA_MISC,24_LAL_UTA,Skip,-,-,-,-,-,-,-,-,-,-,-,-,-,-,-,-,-,-,-
,,,,,,,,,,,,-,,,,,249_NBA_MISC,24_LAL_UTA,Skip,-,-,-,-,-,-,-,-,-,-,-,-,-,-,-,-,-,-,-
,,,,,,,,,,,,-,,,,,249_NBA_MISC,24_LAL_UTA,Skip,-,-,-,-,-,-,-,-,-,-,-,-,-,-,-,-,-,-,-
,,,,,,,,,,,,-,,,,,249_NBA_MISC,24_LAL_UTA,Skip,-,-,-,-,-,-,-,-,-,-,-,-,-,-,-,-,-,-,-
,,,,,,,,,,,,-,,,,,249_NBA_MISC,24_LAL_UTA,Skip,-,-,-,-,-,-,-,-,-,-,-,-,-,-,-,-,-,-,-
,,,,,,,,,,,,-,,,,,249_NBA_MISC,24_LAL_UTA,Skip,-,-,-,-,-,-,-,-,-,-,-,-,-,-,-,-,-,-,-
,,,,,,,,,,,,-,,,,,249_NBA_MISC,24_LAL_UTA,Skip,-,-,-,-,-,-,-,-,-,-,-,-,-,-,-,-,-,-,-
,,,,,,,,,,,,-,,,,,249_NBA_MISC,24_LAL_UTA,Skip,-,-,-,-,-,-,-,-,-,-,-,-,-,-,-,-,-,-,-
,,,,,,,,,,,,-,,,,,249_NBA_MISC,24_LAL_UTA,Skip,-,-,-,-,-,-,-,-,-,-,-,-,-,-,-,-,-,-,-
,,,,,,,,,,,,-,,,,,249_NBA_MISC,24_LAL_UTA,Skip,-,-,-,-,-,-,-,-,-,-,-,-,-,-,-,-,-,-,-
,,,,,,,,,,,,-,,,,,249_NBA_MISC,24_LAL_UTA,Skip,-,-,-,-,-,-,-,-,-,-,-,-,-,-,-,-,-,-,-
,,,,,,,,,,,,-,,,,,249_NBA_MISC,24_LAL_UTA,Skip,-,-,-,-,-,-,-,-,-,-,-,-,-,-,-,-,-,-,-
,,,,,,,,,,,,-,,,,,249_NBA_MISC,24_LAL_UTA,Skip,-,-,-,-,-,-,-,-,-,-,-,-,-,-,-,-,-,-,-
,,,,,,,,,,,,-,,,,,249_NBA_MISC,24_LAL_UTA,Skip,-,-,-,-,-,-,-,-,-,-,-,-,-,-,-,-,-,-,-
,,,,,,,,,,,,-,,,,,249_NBA_MISC,24_LAL_UTA,Skip,-,-,-,-,-,-,-,-,-,-,-,-,-,-,-,-,-,-,-
,,,,,,,,,,,,-,,,,,249_NBA_MISC,24_LAL_UTA,Skip,-,-,-,-,-,-,-,-,-,-,-,-,-,-,-,-,-,-,-
,,,,,,,,,,,,-,,,,,249_NBA_MISC,24_LAL_UTA,Skip,-,-,-,-,-,-,-,-,-,-,-,-,-,-,-,-,-,-,-
,,,,,,,,,,,,-,,,,,249_NBA_MISC,24_LAL_UTA,Skip,-,-,-,-,-,-,-,-,-,-,-,-,-,-,-,-,-,-,-
,,,,,,,,,,,,-,,,,,249_NBA_MISC,24_LAL_UTA,Skip,-,-,-,-,-,-,-,-,-,-,-,-,-,-,-,-,-,-,-
,,,,,,,,,,,,-,,,,,249_NBA_MISC,24_LAL_UTA,Skip,-,-,-,-,-,-,-,-,-,-,-,-,-,-,-,-,-,-,-
,,,,,,,,,,,,-,,,,,249_NBA_MISC,24_LAL_UTA,Skip,-,-,-,-,-,-,-,-,-,-,-,-,-,-,-,-,-,-,-
,,,,,,,,,,,,-,,,,,249_NBA_MISC,24_LAL_UTA,Skip,-,-,-,-,-,-,-,-,-,-,-,-,-,-,-,-,-,-,-
,,,,,,,,,,,,-,,,,,249_NBA_MISC,24_LAL_UTA,Skip,-,-,-,-,-,-,-,-,-,-,-,-,-,-,-,-,-,-,-
,,,,,,,,,,,,-,,,,,249_NBA_MISC,24_LAL_UTA,Skip,-,-,-,-,-,-,-,-,-,-,-,-,-,-,-,-,-,-,-
,,,,,,,,,,,,-,,,,,249_NBA_MISC,24_LAL_UTA,Skip,-,-,-,-,-,-,-,-,-,-,-,-,-,-,-,-,-,-,-
,,,,,,,,,,,,-,,,,,249_NBA_MISC,24_LAL_UTA,Skip,-,-,-,-,-,-,-,-,-,-,-,-,-,-,-,-,-,-,-
,,,,,,,,,,,,-,,,,,249_NBA_MISC,24_LAL_UTA,Skip,-,-,-,-,-,-,-,-,-,-,-,-,-,-,-,-,-,-,-
,,,,,,,,,,,,-,,,,,249_NBA_MISC,24_LAL_UTA,Skip,-,-,-,-,-,-,-,-,-,-,-,-,-,-,-,-,-,-,-
,,,,,,,,,,,,-,,,,,249_NBA_MISC,24_LAL_UTA,Skip,-,-,-,-,-,-,-,-,-,-,-,-,-,-,-,-,-,-,-
,,,,,,,,,,,,-,,,,,249_NBA_MISC,24_LAL_UTA,Skip,-,-,-,-,-,-,-,-,-,-,-,-,-,-,-,-,-,-,-
,,,,,,,,,,,,-,,,,,249_NBA_MISC,24_LAL_UTA,Skip,-,-,-,-,-,-,-,-,-,-,-,-,-,-,-,-,-,-,-