 MILWAUKEE BUCKS Media Delivery,,SYNC ACTIVE,CONTENT ERRORS,,FUSE PROGRAMMER,,,PROGRAMMING IN PROGRESS,,,HUD,,,,RETURN TO INDEX,,,,,,,,,,,,,,,,,,,,,,,
CATEGORY,LOOK IDENTIFIER #,File Name,File Version,Notes,Version,Bank,Slot ,Mapping #,"Mapping 
Code",File Length,Play Mode,Error Flag,Midi Button,Notes to Kerstin,General/Show Call Notes,Upversioned Date,Folder,Look,File Path,Error Flag,Format,Codec_ID,Duration,Bit Rate,Width,Height,Aspect Ratio,Frame Rate Mode,Frame Rate,Stream Size,"Audio For,at",Audio Format/Settings,Audio Codec ID,Audio Duration,Audio Channels,Audio Channel Layout,Audio Sampling Rate,Audio Bit Depth
,,,,,,,,,,,,,,,,,,,,,,,,,,,,,,,,,,,,,,
110_MIL_PCC,00_BucksBall,001_BucksBall_AUD_F_v02.mov,2,,2,110,001,001,AUD_F,10s,?,-,,test,,,110_MIL_PCC,00_BucksBall,\110_MIL_PCC\00_BucksBall\001_BucksBall_AUD_F_v02.mov,-,nclc,nclc,10010,812945837,10160,1600,6.350,CFR,29.970,1017202572,-,-,-,-,-,-,-,-
,,004_BucksBall_RIB_F_v03.mov,3,,2,110,004,010,RIB_F,10s,,-,,,,7/22/2020 22:01:11,110_MIL_PCC,00_BucksBall,\110_MIL_PCC\00_BucksBall\004_BucksBall_RIB_F_v03.mov,-,nclc,nclc,10010,140594902,9504,144,66.000,CFR,29.970,175922631,-,-,-,-,-,-,-,-
,,008_BucksBall_SCB_v01.mov,1,,1,110,008,017,SCB,20s,,-,,,,,110_MIL_PCC,00_BucksBall,\110_MIL_PCC\00_BucksBall\008_BucksBall_SCB_v01.mov,-,nclc,nclc,20020,180377582,1920,1080,1.778,CFR,29.970,451400882,-,-,-,-,-,-,-,-
,01_Noise,011_Noise_AUD_F_v01.mov,1,,1,110,011,001,AUD_F,10s,,-,,,,,110_MIL_PCC,01_Noise,\110_MIL_PCC\01_Noise\011_Noise_AUD_F_v01.mov,-,nclc,nclc,10010,794628222,10160,1600,6.350,CFR,29.970,994282633,-,-,-,-,-,-,-,-
,,014_Noise_RIB_F_v02.mov,2,,2,110,014,010,RIB_F,10s,,-,,,,,110_MIL_PCC,01_Noise,\110_MIL_PCC\01_Noise\014_Noise_RIB_F_v02.mov,-,nclc,nclc,10010,93432077,9504,144,66.000,CFR,29.970,116909683,-,-,-,-,-,-,-,-
,,018_Noise_SCB_v01.mov,1,,1,110,018,017,SCB,20s,,-,,,,,110_MIL_PCC,01_Noise,\110_MIL_PCC\01_Noise\018_Noise_SCB_v01.mov,-,nclc,nclc,20020,75775597,1920,1080,1.778,CFR,29.970,189633421,-,-,-,-,-,-,-,-
,02_Defense1,021_Defense1_AUD_F_v01.mov,1,,1,110,021,001,AUD_F,10s,,-,,,,,110_MIL_PCC,02_Defense1,\110_MIL_PCC\02_Defense1\021_Defense1_AUD_F_v01.mov,-,nclc,nclc,10010,1844734993,10160,1600,6.350,CFR,29.970,2308230044,-,-,-,-,-,-,-,-
,,024_Defense1_RIB_F_v03.mov,3,,2,110,024,010,RIB_F,10s,,-,,,,7/22/2020 22:01:19,110_MIL_PCC,02_Defense1,\110_MIL_PCC\02_Defense1\024_Defense1_RIB_F_v03.mov,-,nclc,nclc,10010,152599612,9504,144,66.000,CFR,29.970,190943532,-,-,-,-,-,-,-,-
,,028_Defense1_SCB_v01.mov,1,,1,110,028,017,SCB,20s,,-,,,,,110_MIL_PCC,02_Defense1,\110_MIL_PCC\02_Defense1\028_Defense1_SCB_v01.mov,-,nclc,nclc,20020,312524206,1920,1080,1.778,CFR,29.970,782098083,-,-,-,-,-,-,-,-
,03_Defense2,031_Defense2_AUD_F_v01.mov,1,,1,110,031,001,AUD_F,10s,,-,,,,,110_MIL_PCC,03_Defense2,\110_MIL_PCC\03_Defense2\031_Defense2_AUD_F_v01.mov,-,nclc,nclc,10010,991047047,10160,1600,6.350,CFR,29.970,1240389599,-,-,-,-,-,-,-,-
,,034_Defense2_RIB_F_v03.mov,3,,2,110,034,010,RIB_F,10s,,-,,,,7/22/2020 22:17:11,110_MIL_PCC,03_Defense2,\110_MIL_PCC\03_Defense2\034_Defense2_RIB_F_v03.mov,-,nclc,nclc,10010,89322373,9504,144,66.000,CFR,29.970,112150149,-,-,-,-,-,-,-,-
,,038_Defense2_SCB_v01.mov,1,,1,110,038,017,SCB,20s,,-,,,,,110_MIL_PCC,03_Defense2,\110_MIL_PCC\03_Defense2\038_Defense2_SCB_v01.mov,-,nclc,nclc,20020,110019969,1920,1080,1.778,CFR,29.970,275656447,-,-,-,-,-,-,-,-
,04_DEFENSE3,,,not delivered - kh,,,,,,,,-,,,,,110_MIL_PCC,04_DEFENSE3,Skip,-,-,-,-,-,-,-,-,-,-,-,-,-,-,-,-,-,-,-
,05_GetLoud,051_GetLoud_AUD_F_v01.mov,1,,1,110,051,001,AUD_F,10s,,-,,,,,110_MIL_PCC,05_GetLoud,\110_MIL_PCC\05_GetLoud\051_GetLoud_AUD_F_v01.mov,-,nclc,nclc,10010,118618176,10160,1600,6.350,CFR,29.970,148425397,-,-,-,-,-,-,-,-
,,054_GetLoud_RIB_F_v02.mov,2,,2,110,054,010,RIB_F,10s,,-,,,,,110_MIL_PCC,05_GetLoud,\110_MIL_PCC\05_GetLoud\054_GetLoud_RIB_F_v02.mov,-,nclc,nclc,10010,13327359,9504,144,66.000,CFR,29.970,16677951,-,-,-,-,-,-,-,-
,,058_GetLoud_SCB_v01.mov,1,,1,110,058,017,SCB,20s,,-,,,,,110_MIL_PCC,05_GetLoud,\110_MIL_PCC\05_GetLoud\058_GetLoud_SCB_v01.mov,-,nclc,nclc,20020,18133399,1920,1080,1.778,CFR,29.970,45382192,-,-,-,-,-,-,-,-
,06_Milwaukee,061_MILWAUKEE_AUD_F_v01.mov,1,,,110,061,001,AUD_F,10s,,-,,,,7/22/2020 22:16:49,110_MIL_PCC,06_Milwaukee,\110_MIL_PCC\06_Milwaukee\061_MILWAUKEE_AUD_F_v01.mov,-,nclc,nclc,10010,767816826,10160,1600,6.350,CFR,29.970,960734840,-,-,-,-,-,-,-,-
,,064_MILWAUKEE_RIB_F_v01.mov,1,,,110,064,010,RIB_F,10s,,-,,,,7/22/2020 22:16:49,110_MIL_PCC,06_Milwaukee,\110_MIL_PCC\06_Milwaukee\064_MILWAUKEE_RIB_F_v01.mov,-,nclc,nclc,10010,70152369,9504,144,66.000,CFR,29.970,87780915,-,-,-,-,-,-,-,-
,,068_MILWAUKEE_SCB_v01.mov,1,,,110,068,017,SCB,20s,,-,,,,7/22/2020 22:16:50,110_MIL_PCC,06_Milwaukee,\110_MIL_PCC\06_Milwaukee\068_MILWAUKEE_SCB_v01.mov,-,nclc,nclc,20020,194808569,1920,1080,1.778,CFR,29.970,487514407,-,-,-,-,-,-,-,-
,07_GoBucksGo,071_GoBucksGo_AUD_F_v01.mov,1,,,110,071,001,AUD_F,10s,,-,,,,7/22/2020 22:16:51,110_MIL_PCC,07_GoBucksGo,\110_MIL_PCC\07_GoBucksGo\071_GoBucksGo_AUD_F_v01.mov,-,nclc,nclc,10010,328932702,10160,1600,6.350,CFR,29.970,411580567,-,-,-,-,-,-,-,-
,,074_GoBucksGo_RIB_F_v01.mov,1,,,110,074,010,RIB_F,10s,,-,,,,7/22/2020 22:16:51,110_MIL_PCC,07_GoBucksGo,\110_MIL_PCC\07_GoBucksGo\074_GoBucksGo_RIB_F_v01.mov,-,nclc,nclc,10010,33249447,9504,144,66.000,CFR,29.970,41605748,-,-,-,-,-,-,-,-
,,078_GoBucksGo_SCB_v01.mov,1,,,110,078,017,SCB,20s,,-,,,,7/22/2020 22:16:55,110_MIL_PCC,07_GoBucksGo,\110_MIL_PCC\07_GoBucksGo\078_GoBucksGo_SCB_v01.mov,-,nclc,nclc,20020,39283351,1920,1080,1.778,CFR,29.970,98310559,-,-,-,-,-,-,-,-
,08_3_Pointer,081_3_Pointer_AUD_F_v01.mov,1,,1,110,081,001,AUD_F,10s,,-,,,,,110_MIL_PCC,08_3_Pointer,\110_MIL_PCC\08_3_Pointer\081_3_Pointer_AUD_F_v01.mov,-,nclc,nclc,10010,275985473,10160,1600,6.350,CFR,29.970,347426637,PCM,Little / Signed,sowt,10010,2,L R,44100,16
,,084_3_Pointer_RIB_F_v03.mov,3,,2,110,084,010,RIB_F,10s,,-,,,,7/22/2020 22:09:48,110_MIL_PCC,08_3_Pointer,\110_MIL_PCC\08_3_Pointer\084_3_Pointer_RIB_F_v03.mov,-,nclc,nclc,10010,45714795,9504,144,66.000,CFR,29.970,59125843,PCM,Little / Signed,sowt,10011,2,L R,48000,16
,,088_3_Pointer_SCB_v01.mov,1,,1,110,088,017,SCB,10s,,-,,,,,110_MIL_PCC,08_3_Pointer,\110_MIL_PCC\08_3_Pointer\088_3_Pointer_SCB_v01.mov,-,nclc,nclc,10010,35256352,1920,1080,1.778,CFR,29.970,46122324,PCM,Little / Signed,sowt,10010,2,L R,44100,16
,09_BucksWin,091_BucksWin_AUD_F_v01.mov,1,,,110,091,001,AUD_F,10s,,-,,,,7/22/2020 22:16:56,110_MIL_PCC,09_BucksWin,\110_MIL_PCC\09_BucksWin\091_BucksWin_AUD_F_v01.mov,-,nclc,nclc,10010,3112459852,10160,1600,6.350,CFR,29.970,3894472360,-,-,-,-,-,-,-,-
,,094_BucksWin_RIB_F_v01.mov,1,,,110,094,010,RIB_F,10s,,-,,,,,110_MIL_PCC,09_BucksWin,\110_MIL_PCC\09_BucksWin\094_BucksWin_RIB_F_v01.mov,-,nclc,nclc,10010,310615320,9504,144,66.000,CFR,29.970,388660884,-,-,-,-,-,-,-,-
,,098_BucksWin_SCB_v01.mov,1,,,110,098,017,SCB,20s,,-,,,,7/22/2020 22:16:57,110_MIL_PCC,09_BucksWin,\110_MIL_PCC\09_BucksWin\098_BucksWin_SCB_v01.mov,-,nclc,nclc,20020,266156173,1920,1080,1.778,CFR,29.970,666061966,-,-,-,-,-,-,-,-
,10_GreekFreak,101_GreekFreak_AUD_F_v01.mov,1,,1,110,101,001,AUD_F,10s,,-,,,"For reactions, intros are seprate ",,110_MIL_PCC,10_GreekFreak,\110_MIL_PCC\10_GreekFreak\101_GreekFreak_AUD_F_v01.mov,-,nclc,nclc,10010,1381434038,10160,1600,6.350,CFR,29.970,1730446585,PCM,Little / Signed,sowt,10011,2,L R,48000,16
,,104_GreekFreak_RIB_F_v02.mov,2,,1,110,104,010,RIB_F,10s,,-,,,,7/22/2020 22:16:57,110_MIL_PCC,10_GreekFreak,\110_MIL_PCC\10_GreekFreak\104_GreekFreak_RIB_F_v02.mov,-,nclc,nclc,10010,139923097,9504,144,66.000,CFR,29.970,177004475,PCM,Little / Signed,sowt,10011,2,L R,48000,16
,,108_GreekFreak_SCB_v01.mov,1,,1,110,108,017,SCB,20s,,-,,,,,110_MIL_PCC,10_GreekFreak,\110_MIL_PCC\10_GreekFreak\108_GreekFreak_SCB_v01.mov,-,nclc,nclc,20020,278889982,1920,1080,1.778,CFR,29.970,701772750,PCM,Little / Signed,sowt,20021,2,L R,48000,16
,11_Bledshow,111_Bledshow_AUD_F_v01.mov,1,,,110,111,001,AUD_F,10s,,-,,,,7/23/2020 21:50:21,110_MIL_PCC,11_Bledshow,\110_MIL_PCC\11_Bledshow\111_Bledshow_AUD_F_v01.mov,-,nclc,nclc,10010,1883595071,10160,1600,6.350,CFR,29.970,2356853766,-,-,-,-,-,-,-,-
,,114_Bledshow_RIB_F_v01.mov,1,,,110,114,010,RIB_F,10s,,-,,,,7/22/2020 22:17:01,110_MIL_PCC,11_Bledshow,\110_MIL_PCC\11_Bledshow\114_Bledshow_RIB_F_v01.mov,-,nclc,nclc,10010,179113355,9504,144,66.000,CFR,29.970,224118885,-,-,-,-,-,-,-,-
,,118_Bledshow_SCB_v01.mov,1,,,110,118,017,SCB,10s,,-,,,,7/22/2020 22:17:02,110_MIL_PCC,11_Bledshow,\110_MIL_PCC\11_Bledshow\118_Bledshow_SCB_v01.mov,-,nclc,nclc,10010,289823597,1920,1080,1.778,CFR,29.970,364567656,PCM,Little / Signed,sowt,10011,2,L R,48000,16
,12_WarmItUpKhris,121_WarmItUpKhris_AUD_F_v01.mov,1,,1,110,121,001,AUD_F,10s,,-,,,First half - when he gets going ,,110_MIL_PCC,12_WarmItUpKhris,\110_MIL_PCC\12_WarmItUpKhris\121_WarmItUpKhris_AUD_F_v01.mov,-,nclc,nclc,10010,3147044089,10160,1600,6.350,CFR,29.970,3939668371,PCM,Little / Signed,sowt,10011,2,L R,48000,16
,,124_WarmItUpKhris_RIB_F_v02.mov,2,,1,110,124,010,RIB_F,10s,,-,,,,7/22/2020 22:10:58,110_MIL_PCC,12_WarmItUpKhris,\110_MIL_PCC\12_WarmItUpKhris\124_WarmItUpKhris_RIB_F_v02.mov,-,nclc,nclc,10010,245451178,9504,144,66.000,CFR,29.970,309046654,PCM,Little / Signed,sowt,10011,2,L R,48000,16
,,128_WarmItUpKhris_SCB_v01.mov,1,,1,110,128,017,SCB,20s,,-,,,,,110_MIL_PCC,12_WarmItUpKhris,\110_MIL_PCC\12_WarmItUpKhris\128_WarmItUpKhris_SCB_v01.mov,-,nclc,nclc,20020,398802543,1920,1080,1.778,CFR,29.970,998009833,-,-,-,-,-,-,-,-
,13_MoneyMiddleton,,,not delivered -kh,,,,,,,,-,,,,,110_MIL_PCC,13_MoneyMiddleton,Skip,-,-,-,-,-,-,-,-,-,-,-,-,-,-,-,-,-,-,-
,14_SplashMountain,141_SplashMountain_AUD_F_v01.mov,1,,,110,141,001,AUD_F,10s,,-,,,,7/22/2020 7:09:15,110_MIL_PCC,14_SplashMountain,\110_MIL_PCC\14_SplashMountain\141_SplashMountain_AUD_F_v01.mov,-,nclc,nclc,10010,2296150290,10160,1600,6.350,CFR,29.970,2874986441,PCM,Little / Signed,sowt,10011,2,L R,48000,16
,,144_SplashMountain_RIB_F_v01.mov,1,,,110,144,010,RIB_F,10s,,-,,,,7/22/2020 22:17:01,110_MIL_PCC,14_SplashMountain,\110_MIL_PCC\14_SplashMountain\144_SplashMountain_RIB_F_v01.mov,-,nclc,nclc,10010,184156013,9504,144,66.000,CFR,29.970,230428518,-,-,-,-,-,-,-,-
,,148_SplashMountain_SCB_v01.mov,1,,,110,148,017,SCB,20s,,-,,,,,110_MIL_PCC,14_SplashMountain,\110_MIL_PCC\14_SplashMountain\148_SplashMountain_SCB_v01.mov,-,nclc,nclc,20020,474791343,1920,1080,1.778,CFR,29.970,1188172000,-,-,-,-,-,-,-,-
,15_BigRagu,151_BigRagu_AUD_F_v01.mov,1,,,110,151,001,AUD_F,10s,,-,,,,7/23/2020 12:20:22,110_MIL_PCC,15_BigRagu,\110_MIL_PCC\15_BigRagu\151_BigRagu_AUD_F_v01.mov,-,nclc,nclc,10010,3379523267,10160,1600,6.350,CFR,29.970,4228635793,-,-,-,-,-,-,-,-
,,154_BigRagu_RIB_F_v01.mov,1,,,110,154,010,RIB_F,10s,,-,,,,7/23/2020 12:20:23,110_MIL_PCC,15_BigRagu,\110_MIL_PCC\15_BigRagu\154_BigRagu_RIB_F_v01.mov,-,nclc,nclc,10010,245483432,9504,144,66.000,CFR,29.970,307164527,-,-,-,-,-,-,-,-
,,158_BigRagu_SCB_v01.mov,1,,,110,158,017,SCB,10s,,-,,,,7/23/2020 12:20:24,110_MIL_PCC,15_BigRagu,\110_MIL_PCC\15_BigRagu\158_BigRagu_SCB_v01.mov,-,nclc,nclc,10010,422684225,1920,1080,1.778,CFR,29.970,528887241,-,-,-,-,-,-,-,-
,16_PlanetPat,161_PlanetPat_AUD_F_v01.mov,1,,,110,161,001,AUD_F,10s,,-,,,,7/23/2020 12:21:44,110_MIL_PCC,16_PlanetPat,\110_MIL_PCC\16_PlanetPat\161_PlanetPat_AUD_F_v01.mov,-,nclc,nclc,10010,2355926693,10160,1600,6.350,CFR,29.970,2949781740,PCM,Little / Signed,sowt,10011,2,L R,48000,16
,,164_PlanetPat_RIB_F_v01.mov,1,,,110,164,010,RIB_F,10s,,-,,,,7/23/2020 12:21:45,110_MIL_PCC,16_PlanetPat,\110_MIL_PCC\16_PlanetPat\164_PlanetPat_RIB_F_v01.mov,-,nclc,nclc,10010,205130800,9504,144,66.000,CFR,29.970,258595687,PCM,Little / Signed,sowt,10011,2,L R,48000,16
,,168_PlanetPat_SCB_v01.mov,1,,,110,168,017,SCB,20s,,-,,,,7/23/2020 12:21:46,110_MIL_PCC,16_PlanetPat,\110_MIL_PCC\16_PlanetPat\168_PlanetPat_SCB_v01.mov,-,nclc,nclc,20020,416963801,1920,1080,1.778,CFR,29.970,1043458431,-,-,-,-,-,-,-,-
,17_IronMan,171_Ironman_AUD_F_v01.mov,1,,,110,171,001,AUD_F,10s,,-,,,,7/23/2020 12:21:48,110_MIL_PCC,17_IronMan,\110_MIL_PCC\17_IronMan\171_Ironman_AUD_F_v01.mov,-,nclc,nclc,10010,3039264357,10160,1600,6.350,CFR,29.970,3802886405,-,-,-,-,-,-,-,-
,,174_Ironman_RIB_F_v01.mov,1,,,110,174,010,RIB_F,10s,,-,,,,7/23/2020 12:21:48,110_MIL_PCC,17_IronMan,\110_MIL_PCC\17_IronMan\174_Ironman_RIB_F_v01.mov,-,nclc,nclc,10010,284076016,9504,144,66.000,CFR,29.970,355671920,-,-,-,-,-,-,-,-
,,178_Ironman_SCB_v01.mov,1,,,110,178,017,SCB,20s,,-,,,,7/23/2020 12:21:48,110_MIL_PCC,17_IronMan,\110_MIL_PCC\17_IronMan\178_Ironman_SCB_v01.mov,-,nclc,nclc,20020,233054125,1920,1080,1.778,CFR,29.970,584779454,-,-,-,-,-,-,-,-
,18_Rolo,181_Rolo_AUD_F_v01.mov,1,,,110,181,001,AUD_F,10s,,-,,,,,110_MIL_PCC,18_Rolo,\110_MIL_PCC\18_Rolo\181_Rolo_AUD_F_v01.mov,-,nclc,nclc,10010,1476687693,10160,1600,6.350,CFR,29.970,1849891411,PCM,Little / Signed,sowt,10010,2,L R,44100,16
,,184_Rolo_RIB_F_v01.mov,1,,,110,184,010,RIB_F,10s,,-,,,,7/23/2020 12:21:50,110_MIL_PCC,18_Rolo,\110_MIL_PCC\18_Rolo\184_Rolo_RIB_F_v01.mov,-,nclc,nclc,10010,188968412,9504,144,66.000,CFR,29.970,238547762,PCM,Little / Signed,sowt,10010,2,L R,44100,16
,,188_Rolo_SCB_v01.mov,1,,,110,188,017,SCB,10s,,-,,,,7/23/2020 12:21:50,110_MIL_PCC,18_Rolo,\110_MIL_PCC\18_Rolo\188_Rolo_SCB_v01.mov,-,nclc,nclc,10010,259428267,1920,1080,1.778,CFR,29.970,326632202,PCM,Little / Signed,sowt,10010,2,L R,44100,16
,19_RobinLopez3Party,191_RobinLopez_3Party_AUD_F_v01.mov,1,,,110,191,001,AUD_F,10s,,-,,,,7/23/2020 12:21:50,110_MIL_PCC,19_RobinLopez3Party,\110_MIL_PCC\19_RobinLopez3Party\191_RobinLopez_3Party_AUD_F_v01.mov,-,nclc,nclc,10010,973095662,10160,1600,6.350,CFR,29.970,1217590241,-,-,-,-,-,-,-,-
,,194_RobinLopez_3Party_RIB_F_v01.mov,1,,,110,194,010,RIB_F,10s,,-,,,,7/23/2020 12:21:51,110_MIL_PCC,19_RobinLopez3Party,\110_MIL_PCC\19_RobinLopez3Party\194_RobinLopez_3Party_RIB_F_v01.mov,-,nclc,nclc,10010,180586590,9504,144,66.000,CFR,29.970,225962261,-,-,-,-,-,-,-,-
,,198_RobinLopez_3Party_SCB_v01.mov,1,,,110,198,017,SCB,10s,,-,,,,,110_MIL_PCC,19_RobinLopez3Party,\110_MIL_PCC\19_RobinLopez3Party\198_RobinLopez_3Party_SCB_v01.mov,-,nclc,nclc,10010,166580085,1920,1080,1.778,CFR,29.970,208436604,-,-,-,-,-,-,-,-
,20_TurkishThunder,201_TurkishThunder_AUD_F_v01.mov,1,,,110,201,001,AUD_F,10s,,-,,,,7/23/2020 12:21:52,110_MIL_PCC,20_TurkishThunder,\110_MIL_PCC\20_TurkishThunder\201_TurkishThunder_AUD_F_v01.mov,-,nclc,nclc,10010,1605849438,10160,1600,6.350,CFR,29.970,2011323475,PCM,Little / Signed,sowt,10010,2,L R,44100,16
,,204_TurkishThunder_RIB_F_v01.mov,1,,,110,204,010,RIB_F,10s,,-,,,,7/23/2020 12:21:53,110_MIL_PCC,20_TurkishThunder,\110_MIL_PCC\20_TurkishThunder\204_TurkishThunder_RIB_F_v01.mov,-,nclc,nclc,10010,155359268,9504,144,66.000,CFR,29.970,196343149,PCM,Little / Signed,sowt,10010,2,L R,44100,16
,,208_TurkishThunder_SCB_v01.mov,1,,,110,208,017,SCB,10s,,-,,,,7/23/2020 12:21:55,110_MIL_PCC,20_TurkishThunder,\110_MIL_PCC\20_TurkishThunder\208_TurkishThunder_SCB_v01.mov,-,nclc,nclc,10010,218972329,1920,1080,1.778,CFR,29.970,275919109,PCM,Little / Signed,sowt,10010,2,L R,44100,16
,21_LetsGoBucks,211_LetsGoBucks_AUD_F_v01.mov,1,,1,110,211,001,AUD_F,5.23s,,-,,,,,110_MIL_PCC,21_LetsGoBucks,\110_MIL_PCC\21_LetsGoBucks\211_LetsGoBucks_AUD_F_v01.mov,-,nclc,nclc,5239,250194955,10160,1600,6.350,CFR,29.970,164303421,-,-,-,-,-,-,-,-
,,214_LetsGoBucks_RIB_F_v01.mov,1,,1,110,214,010,RIB_F,5.23s,,-,,,,,110_MIL_PCC,21_LetsGoBucks,\110_MIL_PCC\21_LetsGoBucks\214_LetsGoBucks_RIB_F_v01.mov,-,nclc,nclc,5239,16981717,9504,144,66.000,CFR,29.970,11541425,-,-,-,-,-,-,-,-
,,218_LetsGoBucks_SCB_v01.mov,1,,1,110,218,017,SCB,5.23s,,-,,,,,110_MIL_PCC,21_LetsGoBucks,\110_MIL_PCC\21_LetsGoBucks\218_LetsGoBucks_SCB_v01.mov,-,nclc,nclc,5239,24352726,1920,1080,1.778,CFR,29.970,16225726,-,-,-,-,-,-,-,-
,22_LetsGoBucks_Static,221_LetsGoBucks_Static_AUD_F_v01.mov,1,,1,110,221,001,AUD_F,0.03s,,-,,,,,110_MIL_PCC,22_LetsGoBucks_Static,\110_MIL_PCC\22_LetsGoBucks_Static\221_LetsGoBucks_Static_AUD_F_v01.mov,-,nclc,nclc,34,236940183,10160,1600,6.350,CFR,29.970,1454835,-,-,-,-,-,-,-,-
,,224_LetsGoBucks_Static_RIB_F_v01.mov,1,,1,110,224,010,RIB_F,0.03s,,-,,,,,110_MIL_PCC,22_LetsGoBucks_Static,\110_MIL_PCC\22_LetsGoBucks_Static\224_LetsGoBucks_Static_RIB_F_v01.mov,-,nclc,nclc,34,24146230,9504,144,66.000,CFR,29.970,518350,-,-,-,-,-,-,-,-
,,228_LetsGoBucks_Static_SCB_v01.mov,1,,1,110,228,017,SCB,0.03s,,-,,,,,110_MIL_PCC,22_LetsGoBucks_Static,\110_MIL_PCC\22_LetsGoBucks_Static\228_LetsGoBucks_Static_SCB_v01.mov,-,nclc,nclc,34,36699584,1920,1080,1.778,CFR,29.970,428320,-,-,-,-,-,-,-,-
,23_LetsGoBucks2,231_LetsGoBucks2_AUD_F_v01.mov,1,,,110,231,001,AUD_F,10s,,-,,,,7/23/2020 12:22:21,110_MIL_PCC,23_LetsGoBucks2,\110_MIL_PCC\23_LetsGoBucks2\231_LetsGoBucks2_AUD_F_v01.mov,-,nclc,nclc,10010,454737315,10160,1600,6.350,CFR,29.970,568993747,-,-,-,-,-,-,-,-
,,234_LetsGoBucks2_RIB_F_v01.mov,1,,,110,234,010,RIB_F,10s,,-,,,,7/23/2020 12:22:22,110_MIL_PCC,23_LetsGoBucks2,\110_MIL_PCC\23_LetsGoBucks2\234_LetsGoBucks2_RIB_F_v01.mov,-,nclc,nclc,10010,48700837,9504,144,66.000,CFR,29.970,60939291,-,-,-,-,-,-,-,-
,,238_LetsGoBucks2_SCB_v01.mov,1,,,110,238,017,SCB,20s,,-,,,,7/23/2020 12:22:24,110_MIL_PCC,23_LetsGoBucks2,\110_MIL_PCC\23_LetsGoBucks2\238_LetsGoBucks2_SCB_v01.mov,-,nclc,nclc,20020,74284095,1920,1080,1.778,CFR,29.970,185900542,-,-,-,-,-,-,-,-
,24_JumpBall,241_JumpBall_AUD_F_v01.mov,1,,,110,241,001,AUD_F,,,-,,,,7/23/2020 21:53:54,110_MIL_PCC,24_JumpBall,\110_MIL_PCC\24_JumpBall\241_JumpBall_AUD_F_v01.mov,-,-,-,-,-,-,-,-,-,-,-,-,-,-,-,-,-,-,-
,,244_JumpBall_RIB_F_v01.mov,1,,,110,244,010,RIB_F,,,-,,,,7/23/2020 21:53:55,110_MIL_PCC,24_JumpBall,\110_MIL_PCC\24_JumpBall\244_JumpBall_RIB_F_v01.mov,-,-,-,-,-,-,-,-,-,-,-,-,-,-,-,-,-,-,-
,,248_JumpBall_SCB_v01.mov,1,,,110,248,017,SCB,,,-,,,,7/23/2020 21:53:55,110_MIL_PCC,24_JumpBall,\110_MIL_PCC\24_JumpBall\248_JumpBall_SCB_v01.mov,-,-,-,-,-,-,-,-,-,-,-,-,-,-,-,-,-,-,-
111_MIL_FERA,00_ANTHEM_ShonnHinton,000_Anthem_ShonnHinton_AUDIO_v01.mov,1,,1,111,000,024,AUDIO,2.63s,,-,,,,,111_MIL_FERA,00_ANTHEM_ShonnHinton,\111_MIL_FERA\00_ANTHEM_ShonnHinton\000_Anthem_ShonnHinton_AUDIO_v01.mov,-,nclc,nclc,2636,94884,16,16,1.000,CFR,29.970,19141694,PCM,Little / Signed,sowt,98766,2,L R,48000,16
,,008_Anthem_ShonnHinton_SCB_v01.mov,1,,1,111,008,017,SCB,1m38.67s,,-,,,,,111_MIL_FERA,00_ANTHEM_ShonnHinton,\111_MIL_FERA\00_ANTHEM_ShonnHinton\008_Anthem_ShonnHinton_SCB_v01.mov,-,nclc,nclc,98766,263873380,1920,1080,1.778,CFR,29.970,3276806519,PCM,Little / Signed,sowt,98766,2,L R,48000,16
,01_ANTHEM_BenTajnai,010_Anthem_BenTajnai_AUDIO_v01.mov,1,,1,111,010,024,AUDIO,1m35.43s,,-,,,,,111_MIL_FERA,01_ANTHEM_BenTajnai,\111_MIL_FERA\01_ANTHEM_BenTajnai\010_Anthem_BenTajnai_AUDIO_v01.mov,-,nclc,nclc,95529,94685,16,16,1.000,CFR,29.970,19615640,PCM,Little / Signed,sowt,95529,2,L R,48000,16
,,018_Anthem_BenTajnai_SCB_v01.mov,1,,1,111,018,017,SCB,1m35.43s,,-,,,,,111_MIL_FERA,01_ANTHEM_BenTajnai,\111_MIL_FERA\01_ANTHEM_BenTajnai\018_Anthem_BenTajnai_SCB_v01.mov,-,nclc,nclc,95529,472745879,1920,1080,1.778,CFR,29.970,5663594920,PCM,Little / Signed,sowt,95529,2,L R,48000,16
,02_ANTHEM_JennyThiel1,020_Anthem_JennyThiel1_AUDIO_v01.mov,1,,1,111,020,024,AUDIO,1m40.2s,,-,,,,,111_MIL_FERA,02_ANTHEM_JennyThiel1,\111_MIL_FERA\02_ANTHEM_JennyThiel1\020_Anthem_JennyThiel1_AUDIO_v01.mov,-,nclc,nclc,100301,80282,16,16,1.000,CFR,29.970,20414116,PCM,Little / Signed,sowt,100301,2,L R,48000,16
,,028_Anthem_JennyThiel1_SCB_v01.mov,1,,1,111,028,017,SCB,1m40.2s,,-,,,,,111_MIL_FERA,02_ANTHEM_JennyThiel1,\111_MIL_FERA\02_ANTHEM_JennyThiel1\028_Anthem_JennyThiel1_SCB_v01.mov,-,nclc,nclc,100301,187626897,1920,1080,1.778,CFR,29.970,2370222163,PCM,Little / Signed,sowt,100301,2,L R,44100,16
,03_ANTHEM_JennyThiel2,030_Anthem_JennyThiel2_AUDIO_v01.mov,1,,1,111,030,024,AUDIO,1m35.5s,,-,,,,,111_MIL_FERA,03_ANTHEM_JennyThiel2,\111_MIL_FERA\03_ANTHEM_JennyThiel2\030_Anthem_JennyThiel2_AUDIO_v01.mov,-,nclc,nclc,95596,95239,16,16,1.000,CFR,29.970,19636022,PCM,Little / Signed,sowt,95596,2,L R,48000,16
,,038_Anthem_JennyThiel2_SCB_v01.mov,1,,1,111,038,017,SCB,1m35.5s,,-,,,,,111_MIL_FERA,03_ANTHEM_JennyThiel2,\111_MIL_FERA\03_ANTHEM_JennyThiel2\038_Anthem_JennyThiel2_SCB_v01.mov,-,nclc,nclc,95596,340611273,1920,1080,1.778,CFR,29.970,4088615152,PCM,Little / Signed,sowt,95596,2,L R,48000,16
,04_ANTHEM_JennyThielCanada,040_Anthem_JennyThielCanada_AUDIO_v01.mov,1,,1,111,040,024,AUDIO,1m14.03s,,-,,,CANADA ,,111_MIL_FERA,04_ANTHEM_JennyThielCanada,\111_MIL_FERA\04_ANTHEM_JennyThielCanada\040_Anthem_JennyThielCanada_AUDIO_v01.mov,-,nclc,nclc,74108,94372,16,16,1.000,CFR,29.970,15220140,PCM,Little / Signed,sowt,74108,2,L R,48000,16
,,048_Anthem_JennyThielCanada_SCB_v01.mov,1,,1,111,048,017,SCB,1m14.03s,,-,,,,,111_MIL_FERA,04_ANTHEM_JennyThielCanada,\111_MIL_FERA\04_ANTHEM_JennyThielCanada\048_Anthem_JennyThielCanada_SCB_v01.mov,-,nclc,nclc,74108,204647447,1920,1080,1.778,CFR,29.970,1910083291,PCM,Little / Signed,sowt,74108,2,L R,48000,16
,05_ANTHEM_LiamaniSegura1,050_Anthem_LiamaniSegura1_AUDIO_v01.mov,1,,1,111,050,024,AUDIO,1m36.27s,,-,,,,,111_MIL_FERA,05_ANTHEM_LiamaniSegura1,\111_MIL_FERA\05_ANTHEM_LiamaniSegura1\050_Anthem_LiamaniSegura1_AUDIO_v01.mov,-,nclc,nclc,96363,95085,16,16,1.000,CFR,29.970,19791509,PCM,Little / Signed,sowt,96363,2,L R,48000,16
,,058_Anthem_LiamaniSegura1_SCB_v01.mov,1,,1,111,058,017,SCB,1m36.27s,,-,,,,,111_MIL_FERA,05_ANTHEM_LiamaniSegura1,\111_MIL_FERA\05_ANTHEM_LiamaniSegura1\058_Anthem_LiamaniSegura1_SCB_v01.mov,-,nclc,nclc,96363,412645048,1920,1080,1.778,CFR,29.970,4989112065,PCM,Little / Signed,sowt,96363,2,L R,48000,16
,06_ANTHEM_LiamaniSegura2,060_Anthem_LiamaniSegura2_AUDIO_v01.mov,1,Cut this clip? ,1,111,060,024,AUDIO,2m9.5s,,-,,What should I do here? -kh,,,111_MIL_FERA,06_ANTHEM_LiamaniSegura2,\111_MIL_FERA\06_ANTHEM_LiamaniSegura2\060_Anthem_LiamaniSegura2_AUDIO_v01.mov,-,nclc,nclc,129630,94671,16,16,1.000,CFR,29.970,26616731,PCM,Little / Signed,sowt,129630,2,L R,48000,16
,,068_Anthem_LiamaniSegura2_SCB_v01.mov,1,Clip is wrong based on name -JL,1,111,068,017,SCB,2m9.5s,,-,,,,,111_MIL_FERA,06_ANTHEM_LiamaniSegura2,\111_MIL_FERA\06_ANTHEM_LiamaniSegura2\068_Anthem_LiamaniSegura2_SCB_v01.mov,-,nclc,nclc,129630,295923949,1920,1080,1.778,CFR,29.970,4820146704,PCM,Little / Signed,sowt,129630,2,L R,48000,16
,07_ANTHEM_JoshQuinn1,070_Anthem_JoshQuinn1_AUDIO_v01.mov,1,,,111,070,024,AUDIO,1m34.37s,,-,,,,7/22/2020 22:37:13,111_MIL_FERA,07_ANTHEM_JoshQuinn1,\111_MIL_FERA\07_ANTHEM_JoshQuinn1\070_Anthem_JoshQuinn1_AUDIO_v01.mov,-,nclc,nclc,94462,94832,16,16,1.000,CFR,29.970,19398524,PCM,Little / Signed,sowt,94462,2,L R,48000,16
,,078_Anthem_JoshQuinn1_SCB_v01.mov,1,,,111,078,017,SCB,1m34.37s,,-,,,,,111_MIL_FERA,07_ANTHEM_JoshQuinn1,\111_MIL_FERA\07_ANTHEM_JoshQuinn1\078_Anthem_JoshQuinn1_SCB_v01.mov,-,nclc,nclc,94462,264095768,1920,1080,1.778,CFR,29.970,3136626796,PCM,Little / Signed,sowt,94462,2,L R,48000,16
,08_ANTHEM_JoshQuinn2,080_Anthem_JoshQuinn2_AUDIO_v01.mov,1,,,111,080,024,AUDIO,1m25.67s,,-,,,,7/22/2020 22:21:56,111_MIL_FERA,08_ANTHEM_JoshQuinn2,\111_MIL_FERA\08_ANTHEM_JoshQuinn2\080_Anthem_JoshQuinn2_AUDIO_v01.mov,-,nclc,nclc,85753,93813,16,16,1.000,CFR,29.970,17610106,PCM,Little / Signed,sowt,85753,2,L R,48000,16
,,088_Anthem_JoshQuinn2_SCB_v01.mov,1,,,111,088,017,SCB,1m25.67s,,-,,,,7/22/2020 22:21:55,111_MIL_FERA,08_ANTHEM_JoshQuinn2,\111_MIL_FERA\08_ANTHEM_JoshQuinn2\088_Anthem_JoshQuinn2_SCB_v01.mov,-,nclc,nclc,85753,302166424,1920,1080,1.778,CFR,29.970,3255542252,PCM,Little / Signed,sowt,85753,2,L R,48000,16
,09_ANTHEM_JoshQuinn3,090_Anthem_JoshQuinn3_AUDIO_v01.mov,1,,,111,090,024,AUDIO,1m25.67s,,-,,,,7/22/2020 22:21:55,111_MIL_FERA,09_ANTHEM_JoshQuinn3,\111_MIL_FERA\09_ANTHEM_JoshQuinn3\090_Anthem_JoshQuinn3_AUDIO_v01.mov,-,nclc,nclc,85753,93478,16,16,1.000,CFR,29.970,17599633,PCM,Little / Signed,sowt,85753,2,L R,48000,16
,,098_Anthem_JoshQuinn3_SCB_v01.mov,1,,,111,098,017,SCB,1m25.67s,,-,,,,7/22/2020 22:21:55,111_MIL_FERA,09_ANTHEM_JoshQuinn3,\111_MIL_FERA\09_ANTHEM_JoshQuinn3\098_Anthem_JoshQuinn3_SCB_v01.mov,-,nclc,nclc,85753,299825322,1920,1080,1.778,CFR,29.970,3230440965,PCM,Little / Signed,sowt,85753,2,L R,48000,16
,10_ANTHEM_AntoineReynolds,100_AntoineReynoldsAnthem_AUDIO_v01.mov,1,                                      ,,111,100,024,AUDIO,,,-F,,Missing in d3 -JL,,,111_MIL_FERA,10_ANTHEM_AntoineReynolds,\111_MIL_FERA\10_ANTHEM_AntoineReynolds\100_AntoineReynoldsAnthem_AUDIO_v01.mov,-F,No File,No File,No File,No File,No File,No File,No File,No File,No File,No File,No File,No File,No File,No File,No File,No File,No File,No File
,,108_Anthem_AntoineReynolds_SCB_v01.mov,1,,,111,108,017,SCB,1m29.53s,,-,,,,7/22/2020 22:21:51,111_MIL_FERA,10_ANTHEM_AntoineReynolds,\111_MIL_FERA\10_ANTHEM_AntoineReynolds\108_Anthem_AntoineReynolds_SCB_v01.mov,-,nclc,nclc,89623,228153531,1920,1080,1.778,CFR,29.970,2573318178,PCM,Little / Signed,sowt,89623,2,L R,48000,16
,11_ANTHEM_BlackNativity,110_Anthem_BlackNativity_AUDIO_v01.mov,1,,1,111,110,024,AUDIO,1m37.17s,,-,,,,,111_MIL_FERA,11_ANTHEM_BlackNativity,\111_MIL_FERA\11_ANTHEM_BlackNativity\110_Anthem_BlackNativity_AUDIO_v01.mov,-,nclc,nclc,97264,95174,16,16,1.000,CFR,29.970,19977499,PCM,Little / Signed,sowt,97264,2,L R,48000,16
,,118_Anthem_BlackNativity_SCB_v01.mov,1,,1,111,118,017,SCB,1m37.17s,,-,,,,,111_MIL_FERA,11_ANTHEM_BlackNativity,\111_MIL_FERA\11_ANTHEM_BlackNativity\118_Anthem_BlackNativity_SCB_v01.mov,-,nclc,nclc,97264,376530437,1920,1080,1.778,CFR,29.970,4596674164,PCM,Little / Signed,sowt,97264,2,L R,48000,16
,12_ANTHEM_ErnestBell,120_Anthem_ErnestBell_AUDIO_v01.mov,1,,1,111,120,024,AUDIO,1m24.53s,,-,,,,,111_MIL_FERA,12_ANTHEM_ErnestBell,\111_MIL_FERA\12_ANTHEM_ErnestBell\120_Anthem_ErnestBell_AUDIO_v01.mov,-,nclc,nclc,84618,94458,16,16,1.000,CFR,29.970,17375957,PCM,Little / Signed,sowt,84618,2,L R,48000,16
,,128_Anthem_ErnestBell_SCB_v01.mov,1,,1,111,128,017,SCB,1m24.53s,,-,,,,,111_MIL_FERA,12_ANTHEM_ErnestBell,\111_MIL_FERA\12_ANTHEM_ErnestBell\128_Anthem_ErnestBell_SCB_v01.mov,-,nclc,nclc,84618,238379315,1920,1080,1.778,CFR,29.970,2537773014,PCM,Little / Signed,sowt,84618,2,L R,48000,16
,13_ANTHEM_FrankiMascato,130_Anthem_FrankiMascato_AUDIO_v01.mov,1,,1,111,130,024,AUDIO,1m37.63s,,-,,,,,111_MIL_FERA,13_ANTHEM_FrankiMascato,\111_MIL_FERA\13_ANTHEM_FrankiMascato\130_Anthem_FrankiMascato_AUDIO_v01.mov,-,nclc,nclc,97731,94536,16,16,1.000,CFR,29.970,20065516,PCM,Little / Signed,sowt,97731,2,L R,48000,16
,,138_Anthem_FrankiMascato_SCB_v01.mov,1,,1,111,138,017,SCB,1m37.63s,,-,,,,,111_MIL_FERA,13_ANTHEM_FrankiMascato,\111_MIL_FERA\13_ANTHEM_FrankiMascato\138_Anthem_FrankiMascato_SCB_v01.mov,-,nclc,nclc,97731,229444824,1920,1080,1.778,CFR,29.970,2821896491,PCM,Little / Signed,sowt,97731,2,L R,48000,16
,14_REACTION_SmallGridFTD,141_SMALLGRID_AUD_F_v02.mov,2,,2,111,141,001,AUD_F,7.3s,,-,,,,,111_MIL_FERA,14_REACTION_SmallGridFTD,\111_MIL_FERA\14_REACTION_SmallGridFTD\141_SMALLGRID_AUD_F_v02.mov,-,nclc,nclc,7308,2524857959,10160,1600,6.350,CFR,29.970,2307810967,-,-,-,-,-,-,-,-
,,144_SMALLGRID_RIB_F_v02.mov,2,,2,111,144,010,RIB_F,0.03s,,-,,,,,111_MIL_FERA,14_REACTION_SmallGridFTD,\111_MIL_FERA\14_REACTION_SmallGridFTD\144_SMALLGRID_RIB_F_v02.mov,-,nclc,nclc,34,57062161,9504,144,66.000,CFR,29.970,411397,-,-,-,-,-,-,-,-
,,148_SMALLGRID_SCB_v01.mov,1,,1,111,148,017,SCB,0.03s,,-,,,,,111_MIL_FERA,14_REACTION_SmallGridFTD,\111_MIL_FERA\14_REACTION_SmallGridFTD\148_SMALLGRID_SCB_v01.mov,-,nclc,nclc,34,20192827,1920,1080,1.778,CFR,29.970,147303,-,-,-,-,-,-,-,-
,15_REACTION_LargeGridFTD,151_LARGEGRIDFTD_AUD_F_v01.mov,1,,1,111,151,001,AUD_F,10s,,-,,,,,111_MIL_FERA,15_REACTION_LargeGridFTD,\111_MIL_FERA\15_REACTION_LargeGridFTD\151_LARGEGRIDFTD_AUD_F_v01.mov,-,nclc,nclc,10010,2908185710,10160,1600,6.350,CFR,29.970,3639149780,-,-,-,-,-,-,-,-
,,154_LARGEGRIDFTD_RIB_F_v01.mov,1,,1,111,154,010,RIB_F,0.03s,,-,,,,,111_MIL_FERA,15_REACTION_LargeGridFTD,\111_MIL_FERA\15_REACTION_LargeGridFTD\154_LARGEGRIDFTD_RIB_F_v01.mov,-,nclc,nclc,34,57062161,9504,144,66.000,CFR,29.970,411397,-,-,-,-,-,-,-,-
,,158_LARGEGRIDFTD_SCB_v01.mov,1,,1,111,158,017,SCB,0.03s,,-,,,,,111_MIL_FERA,15_REACTION_LargeGridFTD,\111_MIL_FERA\15_REACTION_LargeGridFTD\158_LARGEGRIDFTD_SCB_v01.mov,-,nclc,nclc,34,20192827,1920,1080,1.778,CFR,29.970,147303,-,-,-,-,-,-,-,-
,16_REACTION_ComboAFTD,161_COMBOAFTD_AUD_F_v01.mov,1,,1,111,161,001,AUD_F,7.53s,,-,,,,,111_MIL_FERA,16_REACTION_ComboAFTD,\111_MIL_FERA\16_REACTION_ComboAFTD\161_COMBOAFTD_AUD_F_v01.mov,-,nclc,nclc,7541,805705715,10160,1600,6.350,CFR,29.970,759703195,-,-,-,-,-,-,-,-
,,164_COMBOAFTD_RIB_F_v01.mov,1,,1,111,164,010,RIB_F,0.03s,,-,,,,,111_MIL_FERA,16_REACTION_ComboAFTD,\111_MIL_FERA\16_REACTION_ComboAFTD\164_COMBOAFTD_RIB_F_v01.mov,-,nclc,nclc,34,57062161,9504,144,66.000,CFR,29.970,411397,-,-,-,-,-,-,-,-
,,168_COMBOAFTD_SCB_v01.mov,1,,1,111,168,017,SCB,0.03s,,-,,,,,111_MIL_FERA,16_REACTION_ComboAFTD,\111_MIL_FERA\16_REACTION_ComboAFTD\168_COMBOAFTD_SCB_v01.mov,-,nclc,nclc,34,20192827,1920,1080,1.778,CFR,29.970,147303,-,-,-,-,-,-,-,-
,17_REACTION_ComboBFTD,171_COMBOBFTD_AUD_F_v01.mov,1,,1,111,171,001,AUD_F,7.53s,,-,,,,,111_MIL_FERA,17_REACTION_ComboBFTD,\111_MIL_FERA\17_REACTION_ComboBFTD\171_COMBOBFTD_AUD_F_v01.mov,-,nclc,nclc,7541,1289782326,10160,1600,6.350,CFR,29.970,1216021864,-,-,-,-,-,-,-,-
,,174_COMBOBFTD_RIB_F_v01.mov,1,,1,111,174,010,RIB_F,0.03s,,-,,,,,111_MIL_FERA,17_REACTION_ComboBFTD,\111_MIL_FERA\17_REACTION_ComboBFTD\174_COMBOBFTD_RIB_F_v01.mov,-,nclc,nclc,34,57062161,9504,144,66.000,CFR,29.970,411397,-,-,-,-,-,-,-,-
,,178_COMBOBFTD_SCB_v01.mov,1,,1,111,178,017,SCB,0.03s,,-,,,,,111_MIL_FERA,17_REACTION_ComboBFTD,\111_MIL_FERA\17_REACTION_ComboBFTD\178_COMBOBFTD_SCB_v01.mov,-,nclc,nclc,34,20192827,1920,1080,1.778,CFR,29.970,147303,-,-,-,-,-,-,-,-
,18_REACTION_ComboCFTD,181_COMBOCFTD_AUD_F_v01.mov,1,,1,111,181,001,AUD_F,7.53s,,-,,,,,111_MIL_FERA,18_REACTION_ComboCFTD,\111_MIL_FERA\18_REACTION_ComboCFTD\181_COMBOCFTD_AUD_F_v01.mov,-,nclc,nclc,7541,1330278100,10160,1600,6.350,CFR,29.970,1254211293,-,-,-,-,-,-,-,-
,,184_COMBOCFTD_RIB_F_v01.mov,1,,1,111,184,010,RIB_F,0.03s,,-,,,,,111_MIL_FERA,18_REACTION_ComboCFTD,\111_MIL_FERA\18_REACTION_ComboCFTD\184_COMBOCFTD_RIB_F_v01.mov,-,nclc,nclc,34,57062161,9504,144,66.000,CFR,29.970,411397,-,-,-,-,-,-,-,-
,,188_COMBOCFTD_SCB_v01.mov,1,,1,111,188,017,SCB,0.03s,,-,,,,,111_MIL_FERA,18_REACTION_ComboCFTD,\111_MIL_FERA\18_REACTION_ComboCFTD\188_COMBOCFTD_SCB_v01.mov,-,nclc,nclc,34,20192827,1920,1080,1.778,CFR,29.970,147303,-,-,-,-,-,-,-,-
,19_REACTION_ComboALGB,191_COMBOALGB_AUD_F_v01.mov,1,,1,111,191,001,AUD_F,5.3s,,-,,,,,111_MIL_FERA,19_REACTION_ComboALGB,\111_MIL_FERA\19_REACTION_ComboALGB\191_COMBOALGB_AUD_F_v01.mov,-,nclc,nclc,5306,866812404,10160,1600,6.350,CFR,29.970,575606348,-,-,-,-,-,-,-,-
,,194_COMBOALGB_RIB_F_v01.mov,1,,1,111,194,010,RIB_F,14s,,-,,,,,111_MIL_FERA,19_REACTION_ComboALGB,\111_MIL_FERA\19_REACTION_ComboALGB\194_COMBOALGB_RIB_F_v01.mov,-,nclc,nclc,14014,94944992,9504,144,66.000,CFR,29.970,166501314,-,-,-,-,-,-,-,-
,,198_COMBOALGB_SCB_v01.mov,1,,1,111,198,017,SCB,14s,,-,,,,,111_MIL_FERA,19_REACTION_ComboALGB,\111_MIL_FERA\19_REACTION_ComboALGB\198_COMBOALGB_SCB_v01.mov,-,nclc,nclc,14014,70028453,1920,1080,1.778,CFR,29.970,122869464,-,-,-,-,-,-,-,-
112_MIL_Image_1,00_MILvBOS,001_MILvBOS_AUD_F_v00.mov,0,,0,112,001,001,AUD_F,14s,,-,,,,,112_MIL_Image_1,00_MILvBOS,\112_MIL_Image_1\00_MILvBOS\001_MILvBOS_AUD_F_v00.mov,-,nclc,nclc,14014,364220102,10160,1600,6.350,CFR,29.970,638229588,-,-,-,-,-,-,-,-
,,004_MILvBOS_RIB_F_v00.mov,0,,0,112,004,010,RIB_F,14s,,-,,,,,112_MIL_Image_1,00_MILvBOS,\112_MIL_Image_1\00_MILvBOS\004_MILvBOS_RIB_F_v00.mov,-,nclc,nclc,14014,94944992,9504,144,66.000,CFR,29.970,166501314,-,-,-,-,-,-,-,-
,,008_MILvBOS_SCB_v00.mov,0,,0,112,008,017,SCB,14s,,-,,,,,112_MIL_Image_1,00_MILvBOS,\112_MIL_Image_1\00_MILvBOS\008_MILvBOS_SCB_v00.mov,-,nclc,nclc,14014,70028453,1920,1080,1.778,CFR,29.970,122869464,-,-,-,-,-,-,-,-
,01_MILvBOS_Static,011_MILvBOS_Static_AUD_F_v00.mov,0,,0,112,011,001,AUD_F,0.03s,,-,,,,,112_MIL_Image_1,01_MILvBOS_Static,\112_MIL_Image_1\01_MILvBOS_Static\011_MILvBOS_Static_AUD_F_v00.mov,-,nclc,nclc,34,327228764,10160,1600,6.350,CFR,29.970,1560980,-,-,-,-,-,-,-,-
,,014_MILvBOS_Static_RIB_F_v00.mov,0,,0,112,014,010,RIB_F,0.03s,,-,,,,,112_MIL_Image_1,01_MILvBOS_Static,\112_MIL_Image_1\01_MILvBOS_Static\014_MILvBOS_Static_RIB_F_v00.mov,-,nclc,nclc,34,93676630,9504,144,66.000,CFR,29.970,561744,-,-,-,-,-,-,-,-
,,018_MILvBOS_Static_SCB_v00.mov,0,,0,112,018,017,SCB,0.03s,,-,,,,7/22/2020 22:43:12,112_MIL_Image_1,01_MILvBOS_Static,\112_MIL_Image_1\01_MILvBOS_Static\018_MILvBOS_Static_SCB_v00.mov,-,nclc,nclc,34,44212463,1920,1080,1.778,CFR,29.970,371177,-,-,-,-,-,-,-,-
,02_MILvBKN,,,,0,,,,,,,-,,,,7/23/2020 21:50:55,112_MIL_Image_1,02_MILvBKN,Skip,-,-,-,-,-,-,-,-,-,-,-,-,-,-,-,-,-,-,-
,,,,,,,,,,,,-,,,,7/23/2020 21:50:55,112_MIL_Image_1,02_MILvBKN,Skip,-,-,-,-,-,-,-,-,-,-,-,-,-,-,-,-,-,-,-
,,,,,,,,,,,,-,,,,7/23/2020 21:50:54,112_MIL_Image_1,02_MILvBKN,Skip,-,-,-,-,-,-,-,-,-,-,-,-,-,-,-,-,-,-,-
,03_MILvBKN_Static,,,,0,,,,,,,-,,,,,112_MIL_Image_1,03_MILvBKN_Static,Skip,-,-,-,-,-,-,-,-,-,-,-,-,-,-,-,-,-,-,-
,04_MILvMIA,,,,0,,,,,,,-,,,,,112_MIL_Image_1,04_MILvMIA,Skip,-,-,-,-,-,-,-,-,-,-,-,-,-,-,-,-,-,-,-
,05_MILvMIA_Static,,,,0,,,,,,,-,,,,,112_MIL_Image_1,05_MILvMIA_Static,Skip,-,-,-,-,-,-,-,-,-,-,-,-,-,-,-,-,-,-,-
,06_MILvTOR,,,,0,,,,,,,-,,,,,112_MIL_Image_1,06_MILvTOR,Skip,-,-,-,-,-,-,-,-,-,-,-,-,-,-,-,-,-,-,-
,07_MILvTOR_Static,,,,,,,,,,,-,,,,,112_MIL_Image_1,07_MILvTOR_Static,Skip,-,-,-,-,-,-,-,-,-,-,-,-,-,-,-,-,-,-,-
,08_Playoffs,081_PLAYOFFS_AUD_F_v01.mov,1,,1,112,081,001,AUD_F,7.5s,,-,,,Generic for playoffs ,,112_MIL_Image_1,08_Playoffs,\112_MIL_Image_1\08_Playoffs\081_PLAYOFFS_AUD_F_v01.mov,-,nclc,nclc,7508,378219011,10160,1600,6.350,CFR,29.970,355327256,-,-,-,-,-,-,-,-
,,084_PLAYOFFS_RIB_F_v02.mov,2,,2,112,084,010,RIB_F,7.5s,,-,,,,,112_MIL_Image_1,08_Playoffs,\112_MIL_Image_1\08_Playoffs\084_PLAYOFFS_RIB_F_v02.mov,-,nclc,nclc,7508,117977153,9504,144,66.000,CFR,29.970,111040777,-,-,-,-,-,-,-,-
,,088_PLAYOFFS_SCB_v02.mov,2,,2,112,088,017,SCB,7.5s,,-,,,,,112_MIL_Image_1,08_Playoffs,\112_MIL_Image_1\08_Playoffs\088_PLAYOFFS_SCB_v02.mov,-,nclc,nclc,7508,73305546,1920,1080,1.778,CFR,29.970,69070782,-,-,-,-,-,-,-,-
,09_Playoffs_Static,091_PLAYOFFS_STATIC_AUD_F_v01.mov,1,,1,112,091,001,AUD_F,0.03s,,-,,,,,112_MIL_Image_1,09_Playoffs_Static,\112_MIL_Image_1\09_Playoffs_Static\091_PLAYOFFS_STATIC_AUD_F_v01.mov,-,nclc,nclc,34,303866549,10160,1600,6.350,CFR,29.970,1450312,-,-,-,-,-,-,-,-
,,094_PLAYOFFS_STATIC_RIB_F_v02.mov,2,,2,112,094,010,RIB_F,0.03s,,-,,,,,112_MIL_Image_1,09_Playoffs_Static,\112_MIL_Image_1\09_Playoffs_Static\094_PLAYOFFS_STATIC_RIB_F_v02.mov,-,nclc,nclc,34,140797621,9504,144,66.000,CFR,29.970,790332,-,-,-,-,-,-,-,-
,,098_PLAYOFFS_STATIC_SCB_v02.mov,2,,2,112,098,017,SCB,0.03s,,-,,,,,112_MIL_Image_1,09_Playoffs_Static,\112_MIL_Image_1\09_Playoffs_Static\098_PLAYOFFS_STATIC_SCB_v02.mov,-,nclc,nclc,34,20192827,1920,1080,1.778,CFR,29.970,147303,-,-,-,-,-,-,-,-
,10_BucksGeneric,101_BucksGeneric_AUD_F_v01.mov,1,,1,112,101,001,AUD_F,6.67s,,-,,,Screensaver (Cream Jeresy) - during timeouts ,,112_MIL_Image_1,10_BucksGeneric,\112_MIL_Image_1\10_BucksGeneric\101_BucksGeneric_AUD_F_v01.mov,-,nclc,nclc,6674,202975240,10160,1600,6.350,CFR,29.970,169516711,-,-,-,-,-,-,-,-
,,104_BucksGeneric_RIB_F_v01.mov,1,,1,112,104,010,RIB_F,6.67s,,-,,,,,112_MIL_Image_1,10_BucksGeneric,\112_MIL_Image_1\10_BucksGeneric\104_BucksGeneric_RIB_F_v01.mov,-,nclc,nclc,6674,16237844,9504,144,66.000,CFR,29.970,13784070,-,-,-,-,-,-,-,-
,,108_BucksGeneric_SCB_v01.mov,1,,1,112,108,017,SCB,6.67s,,-,,,,,112_MIL_Image_1,10_BucksGeneric,\112_MIL_Image_1\10_BucksGeneric\108_BucksGeneric_SCB_v01.mov,-,nclc,nclc,6674,19000487,1920,1080,1.778,CFR,29.970,15983031,-,-,-,-,-,-,-,-
,11_BucksGeneric_Static,111_BucksGeneric_Static_AUD_F_v01.mov,1,,1,112,111,001,AUD_F,0.03s,,-,,,,,112_MIL_Image_1,11_BucksGeneric_Static,\112_MIL_Image_1\11_BucksGeneric_Static\111_BucksGeneric_Static_AUD_F_v01.mov,-,nclc,nclc,34,252784722,10160,1600,6.350,CFR,29.970,1250838,-,-,-,-,-,-,-,-
,,114_BucksGeneric_Static_RIB_F_v01.mov,1,,1,112,114,010,RIB_F,0.03s,,-,,,,,112_MIL_Image_1,11_BucksGeneric_Static,\112_MIL_Image_1\11_BucksGeneric_Static\114_BucksGeneric_Static_RIB_F_v01.mov,-,nclc,nclc,34,20530409,9504,144,66.000,CFR,29.970,319769,-,-,-,-,-,-,-,-
,,118_BucksGeneric_Static_SCB_v01.mov,1,,1,112,118,017,SCB,0.03s,,-,,,,,112_MIL_Image_1,11_BucksGeneric_Static,\112_MIL_Image_1\11_BucksGeneric_Static\118_BucksGeneric_Static_SCB_v01.mov,-,nclc,nclc,34,31754294,1920,1080,1.778,CFR,29.970,261036,-,-,-,-,-,-,-,-
,12_FEARTHEDEER,121_FEARTHEDEER_AUD_F_v02.mov,2,,1,112,121,001,AUD_F,7.53s,,-,,,Generic for Black Jeresys ,7/22/2020 22:23:31,112_MIL_Image_1,12_FEARTHEDEER,\112_MIL_Image_1\12_FEARTHEDEER\121_FEARTHEDEER_AUD_F_v02.mov,-,nclc,nclc,7541,188903321,10160,1600,6.350,CFR,29.970,178362449,-,-,-,-,-,-,-,-
,,124_FEARTHEDEER_RIB_F_v02.mov,2,,1,112,124,010,RIB_F,7.57s,,-,,,,7/22/2020 22:23:31,112_MIL_Image_1,12_FEARTHEDEER,\112_MIL_Image_1\12_FEARTHEDEER\124_FEARTHEDEER_RIB_F_v02.mov,-,nclc,nclc,7575,30972240,9504,144,66.000,CFR,29.970,29604573,-,-,-,-,-,-,-,-
,,128_FEARTHEDEER_SCB_v01.mov,1,,1,112,128,017,SCB,7.5s,,-,,,,,112_MIL_Image_1,12_FEARTHEDEER,\112_MIL_Image_1\12_FEARTHEDEER\128_FEARTHEDEER_SCB_v01.mov,-,nclc,nclc,7508,19102715,1920,1080,1.778,CFR,29.970,17990346,-,-,-,-,-,-,-,-
,13_FEARTHEDEER_Static,131_FEARTHEDEER_STATIC_AUD_F_v01.mov,1,,1,112,131,001,AUD_F,0.03s,,-,,,,,112_MIL_Image_1,13_FEARTHEDEER_Static,\112_MIL_Image_1\13_FEARTHEDEER_Static\131_FEARTHEDEER_STATIC_AUD_F_v01.mov,-,nclc,nclc,34,180120180,10160,1600,6.350,CFR,29.970,1026544,-,-,-,-,-,-,-,-
,,134_FEARTHEDEER_STATIC_RIB_F_v02.mov,2,,1,112,134,010,RIB_F,0.03s,,-,,,,7/22/2020 22:23:45,112_MIL_Image_1,13_FEARTHEDEER_Static,\112_MIL_Image_1\13_FEARTHEDEER_Static\134_FEARTHEDEER_STATIC_RIB_F_v02.mov,-,nclc,nclc,34,36647316,9504,144,66.000,CFR,29.970,426768,-,-,-,-,-,-,-,-
,,138_FEARTHEDEER_STATIC_SCB_v01.mov,1,,1,112,138,017,SCB,0.03s,,-,,,,,112_MIL_Image_1,13_FEARTHEDEER_Static,\112_MIL_Image_1\13_FEARTHEDEER_Static\138_FEARTHEDEER_STATIC_SCB_v01.mov,-,nclc,nclc,34,15316828,1920,1080,1.778,CFR,29.970,115446,-,-,-,-,-,-,-,-
,14_MILvSAS,141_MILvSAS_AUD_F_v02.mov,2,,1,112,141,001,AUD_F,14s,,-,,,,7/22/2020 22:23:57,112_MIL_Image_1,14_MILvSAS,\112_MIL_Image_1\14_MILvSAS\141_MILvSAS_AUD_F_v02.mov,-,nclc,nclc,14014,311063365,10160,1600,6.350,CFR,29.970,545117736,-,-,-,-,-,-,-,-
,,144_MILvSAS_RIB_F_v02.mov,2,,1,112,144,010,RIB_F,14s,,-,,,,7/22/2020 22:23:58,112_MIL_Image_1,14_MILvSAS,\112_MIL_Image_1\14_MILvSAS\144_MILvSAS_RIB_F_v02.mov,-,nclc,nclc,14014,40978567,9504,144,66.000,CFR,29.970,72112497,-,-,-,-,-,-,-,-
,,148_MILvSAS_SCB_v02.mov,2,,1,112,148,017,SCB,14s,,-,,,,7/22/2020 22:23:58,112_MIL_Image_1,14_MILvSAS,\112_MIL_Image_1\14_MILvSAS\148_MILvSAS_SCB_v02.mov,-,nclc,nclc,14014,54125013,1920,1080,1.778,CFR,29.970,95039166,-,-,-,-,-,-,-,-
,15_MILvSAS_Static,151_MILvSAS_Static_AUD_F_v02.mov,2,,1,112,151,001,AUD_F,0.03s,,-,,,,7/22/2020 22:24:08,112_MIL_Image_1,15_MILvSAS_Static,\112_MIL_Image_1\15_MILvSAS_Static\151_MILvSAS_Static_AUD_F_v02.mov,-,nclc,nclc,34,340266912,10160,1600,6.350,CFR,29.970,1620916,-,-,-,-,-,-,-,-
,,154_MILvSAS_Static_RIB_F_v02.mov,2,,1,112,154,010,RIB_F,0.03s,,-,,,,7/22/2020 22:24:08,112_MIL_Image_1,15_MILvSAS_Static,\112_MIL_Image_1\15_MILvSAS_Static\154_MILvSAS_Static_RIB_F_v02.mov,-,nclc,nclc,34,44989046,9504,144,66.000,CFR,29.970,505638,-,-,-,-,-,-,-,-
,,158_MILvSAS_Static_SCB_v02.mov,2,,1,112,158,017,SCB,0.03s,,-,,,,7/22/2020 22:24:09,112_MIL_Image_1,15_MILvSAS_Static,\112_MIL_Image_1\15_MILvSAS_Static\158_MILvSAS_Static_SCB_v02.mov,-,nclc,nclc,34,42783973,1920,1080,1.778,CFR,29.970,393801,-,-,-,-,-,-,-,-
,16_MILvNOP,161_MILvNOP_AUD_F_v01.mov,1,files missing,,112,161,001,AUD_F,14s,,-,,,,7/22/2020 22:25:42,112_MIL_Image_1,16_MILvNOP,\112_MIL_Image_1\16_MILvNOP\161_MILvNOP_AUD_F_v01.mov,-,nclc,nclc,14014,367189380,10160,1600,6.350,CFR,29.970,643257014,-,-,-,-,-,-,-,-
,,164_MILvNOP_RIB_F_v01.mov,1,files missing,,112,164,010,RIB_F,14s,,-,,,,7/22/2020 22:25:43,112_MIL_Image_1,16_MILvNOP,\112_MIL_Image_1\16_MILvNOP\164_MILvNOP_RIB_F_v01.mov,-,nclc,nclc,14014,50058146,9504,144,66.000,CFR,29.970,87721809,-,-,-,-,-,-,-,-
,,168_MILvNOP_SCB_v01.mov,1,files missing,,112,168,017,SCB,14s,,-,,,,7/22/2020 22:25:45,112_MIL_Image_1,16_MILvNOP,\112_MIL_Image_1\16_MILvNOP\168_MILvNOP_SCB_v01.mov,-,nclc,nclc,14014,63764640,1920,1080,1.778,CFR,29.970,111732192,-,-,-,-,-,-,-,-
,17_MILvNOP_Static,171_MILvNOP_Static_AUD_F_v01.mov,1,files missing,,112,171,001,AUD_F,5s,,-,,,,,112_MIL_Image_1,17_MILvNOP_Static,\112_MIL_Image_1\17_MILvNOP_Static\171_MILvNOP_Static_AUD_F_v01.mov,-,nclc,nclc,5005,421855543,10160,1600,6.350,CFR,29.970,263949408,-,-,-,-,-,-,-,-
,,174_MILvNOP_Static_RIB_F_v01.mov,1,files missing,,112,174,010,RIB_F,5s,,-,,,,7/22/2020 22:27:08,112_MIL_Image_1,17_MILvNOP_Static,\112_MIL_Image_1\17_MILvNOP_Static\174_MILvNOP_Static_RIB_F_v01.mov,-,nclc,nclc,5005,56276974,9504,144,66.000,CFR,29.970,35234077,-,-,-,-,-,-,-,-
,,178_MILvNOP_Static_SCB_v01.mov,1,files missing,,112,178,017,SCB,5s,,-,,,,7/22/2020 22:27:08,112_MIL_Image_1,17_MILvNOP_Static,\112_MIL_Image_1\17_MILvNOP_Static\178_MILvNOP_Static_SCB_v01.mov,-,nclc,nclc,5005,50383165,1920,1080,1.778,CFR,29.970,31546767,-,-,-,-,-,-,-,-
,18_CreamCity,181_CreamCity_AUD_F_v02.mov,2,files missing,,112,181,001,AUD_F,15s,,-,,,,7/23/2020 21:51:06,112_MIL_Image_1,18_CreamCity,\112_MIL_Image_1\18_CreamCity\181_CreamCity_AUD_F_v02.mov,-,nclc,nclc,15015,150179982,10160,1600,6.350,CFR,29.970,282188472,-,-,-,-,-,-,-,-
,,184_CreamCity_RIB_F_v02.mov,2,files missing,,112,184,010,RIB_F,7.57s,,-,,,,7/22/2020 22:27:03,112_MIL_Image_1,18_CreamCity,\112_MIL_Image_1\18_CreamCity\184_CreamCity_RIB_F_v02.mov,-,nclc,nclc,7575,28858570,9504,144,66.000,CFR,29.970,27569514,-,-,-,-,-,-,-,-
,,188_CreamCity_SCB_v02.mov,2,files missing,,112,188,017,SCB,7.57s,,-,,,,,112_MIL_Image_1,18_CreamCity,\112_MIL_Image_1\18_CreamCity\188_CreamCity_SCB_v02.mov,-,nclc,nclc,7575,20021744,1920,1080,1.778,CFR,29.970,19134129,-,-,-,-,-,-,-,-
,19_CreamCity_Static,191_CreamCity_Static_AUD_F_v02.mov,2,files missing,,112,191,001,AUD_F,0.03s,,-,,,,7/22/2020 22:27:02,112_MIL_Image_1,19_CreamCity_Static,\112_MIL_Image_1\19_CreamCity_Static\191_CreamCity_Static_AUD_F_v02.mov,-,nclc,nclc,34,213783443,10160,1600,6.350,CFR,29.970,1148288,-,-,-,-,-,-,-,-
,,194_CreamCity_Static_RIB_F_v02.mov,2,files missing,,112,194,010,RIB_F,0.03s,,-,,,,7/22/2020 22:27:01,112_MIL_Image_1,19_CreamCity_Static,\112_MIL_Image_1\19_CreamCity_Static\194_CreamCity_Static_RIB_F_v02.mov,-,nclc,nclc,34,30377352,9504,144,66.000,CFR,29.970,332399,-,-,-,-,-,-,-,-
,,198_CreamCity_Static_SCB_v02.mov,2,files missing,,112,198,017,SCB,0.03s,,-,,,,7/22/2020 22:27:01,112_MIL_Image_1,19_CreamCity_Static,\112_MIL_Image_1\19_CreamCity_Static\198_CreamCity_Static_SCB_v02.mov,-,nclc,nclc,34,22652045,1920,1080,1.778,CFR,29.970,253602,-,-,-,-,-,-,-,-
113_MIL_Image_2,00_MILvRD1,,,,,,,,,,,-,,,,,113_MIL_Image_2,00_MILvRD1,Skip,-,-,-,-,-,-,-,-,-,-,-,-,-,-,-,-,-,-,-
,01_MILvRD1_Static,,,,,,,,,,,-,,,,,113_MIL_Image_2,01_MILvRD1_Static,Skip,-,-,-,-,-,-,-,-,-,-,-,-,-,-,-,-,-,-,-
,02_MILvRD2,,,,,,,,,,,-,,,,,113_MIL_Image_2,02_MILvRD2,Skip,-,-,-,-,-,-,-,-,-,-,-,-,-,-,-,-,-,-,-
,03_MILvRD2_Static,,,,,,,,,,,-,,,,,113_MIL_Image_2,03_MILvRD2_Static,Skip,-,-,-,-,-,-,-,-,-,-,-,-,-,-,-,-,-,-,-
,04_MILvRD3,,,,,,,,,,,-,,,,,113_MIL_Image_2,04_MILvRD3,Skip,-,-,-,-,-,-,-,-,-,-,-,-,-,-,-,-,-,-,-
,05_MILvRD3_Static,,,,,,,,,,,-,,,,,113_MIL_Image_2,05_MILvRD3_Static,Skip,-,-,-,-,-,-,-,-,-,-,-,-,-,-,-,-,-,-,-
,06_MILvRD4,,,,,,,,,,,-,,,,,113_MIL_Image_2,06_MILvRD4,Skip,-,-,-,-,-,-,-,-,-,-,-,-,-,-,-,-,-,-,-
,07_MILvRD4_Static,,,,,,,,,,,-,,,,,113_MIL_Image_2,07_MILvRD4_Static,Skip,-,-,-,-,-,-,-,-,-,-,-,-,-,-,-,-,-,-,-
114_MIL_Video,00_FearTheDeerHighlight,000_FearTheDeerHighlight_AUDIO_v01.mov,1,These looks need to include AUD and RIB,,114,000,024,AUDIO,48.43s,,-,,,Pair with 112/10 AUD,7/22/2020 22:33:46,114_MIL_Video,00_FearTheDeerHighlight,\114_MIL_Video\00_FearTheDeerHighlight\000_FearTheDeerHighlight_AUDIO_v01.mov,-,nclc,nclc,48482,79378,16,16,1.000,CFR,29.970,10674159,PCM,Little / Signed,sowt,48482,2,L R,48000,16
,,008_FearTheDeerHighlight_SCB_v01.mov,1,,,114,008,017,SCB,48.43s,,-,,,,7/22/2020 22:33:46,114_MIL_Video,00_FearTheDeerHighlight,\114_MIL_Video\00_FearTheDeerHighlight\008_FearTheDeerHighlight_SCB_v01.mov,-,nclc,nclc,48482,497602238,1920,1080,1.778,CFR,29.970,3025775150,PCM,Little / Signed,sowt,48482,2,L R,48000,16
,,,,,,,,,,,,-,,,,,114_MIL_Video,00_FearTheDeerHighlight,Skip,-,-,-,-,-,-,-,-,-,-,-,-,-,-,-,-,-,-,-
,,,,,,,,,,,,-,,,,,114_MIL_Video,00_FearTheDeerHighlight,Skip,-,-,-,-,-,-,-,-,-,-,-,-,-,-,-,-,-,-,-
,01_GoBucksGoHighlight,010_GoBucksGoHighlight_AUDIO_v01.mov,1,These looks need to include AUD and RIB,,114,010,024,AUDIO,48.03s,,-,,,Pair with 112/10 AUD,,114_MIL_Video,01_GoBucksGoHighlight,\114_MIL_Video\01_GoBucksGoHighlight\010_GoBucksGoHighlight_AUDIO_v01.mov,-,nclc,nclc,48082,79666,16,16,1.000,CFR,29.970,10757474,PCM,Little / Signed,sowt,48082,2,L R,48000,16
,,018_GoBucksGoHighlight_SCB_v01.mov,1,,,114,018,017,SCB,48.03s,,-,,,,,114_MIL_Video,01_GoBucksGoHighlight,\114_MIL_Video\01_GoBucksGoHighlight\018_GoBucksGoHighlight_SCB_v01.mov,-,nclc,nclc,48082,400330292,1920,1080,1.778,CFR,29.970,2416334090,PCM,Little / Signed,sowt,48082,2,L R,48000,16
,,,,,,,,,,,,-,,,,,114_MIL_Video,01_GoBucksGoHighlight,Skip,-,-,-,-,-,-,-,-,-,-,-,-,-,-,-,-,-,-,-
,,,,,,,,,,,,-,,,,,114_MIL_Video,01_GoBucksGoHighlight,Skip,-,-,-,-,-,-,-,-,-,-,-,-,-,-,-,-,-,-,-
,02_CreamCityHighlight,020_CreamCityHighlight_AUDIO_v01.mov,1,These looks need to include AUD and RIB,,114,020,024,AUDIO,47.43s,,-,,,Pair with 112/10 AUD,,114_MIL_Video,02_CreamCityHighlight,\114_MIL_Video\02_CreamCityHighlight\020_CreamCityHighlight_AUDIO_v01.mov,-,nclc,nclc,47481,79474,16,16,1.000,CFR,29.970,10718577,PCM,Little / Signed,sowt,47481,2,L R,48000,16
,,028_CreamCityHighlight_SCB_v01.mov,1,,,114,028,017,SCB,47.43s,,-,,,,,114_MIL_Video,02_CreamCityHighlight,\114_MIL_Video\02_CreamCityHighlight\028_CreamCityHighlight_SCB_v01.mov,-,nclc,nclc,47481,432006560,1920,1080,1.778,CFR,29.970,2574249363,PCM,Little / Signed,sowt,47481,2,L R,48000,16
,,,,,,,,,,,,-,,,,,114_MIL_Video,02_CreamCityHighlight,Skip,-,-,-,-,-,-,-,-,-,-,-,-,-,-,-,-,-,-,-
,,,,,,,,,,,,-,,,,,114_MIL_Video,02_CreamCityHighlight,Skip,-,-,-,-,-,-,-,-,-,-,-,-,-,-,-,-,-,-,-
,03_GAntetokounmpoHighlight,030_GAntetokounmpoHighlight_AUDIO_v01.mov,1,These looks need to include AUD and RIB,,114,030,024,AUDIO,38.13s,,-,,,Pair 116/011,,114_MIL_Video,03_GAntetokounmpoHighlight,\114_MIL_Video\03_GAntetokounmpoHighlight\030_GAntetokounmpoHighlight_AUDIO_v01.mov,-,nclc,nclc,38172,76168,16,16,1.000,CFR,29.970,7891379,PCM,Little / Signed,sowt,38172,2,L R,48000,16
,,038_GAntetokounmpoHighlight_SCB_v01.mov,1,,,114,038,017,SCB,38.13s,,-,,,,,114_MIL_Video,03_GAntetokounmpoHighlight,\114_MIL_Video\03_GAntetokounmpoHighlight\038_GAntetokounmpoHighlight_SCB_v01.mov,-,nclc,nclc,38172,359011252,1920,1080,1.778,CFR,29.970,1720527912,PCM,Little / Signed,sowt,38172,2,L R,48000,16
,,,,,,,,,,,,-,,,,,114_MIL_Video,03_GAntetokounmpoHighlight,Skip,-,-,-,-,-,-,-,-,-,-,-,-,-,-,-,-,-,-,-
,,,,,,,,,,,,-,,,,,114_MIL_Video,03_GAntetokounmpoHighlight,Skip,-,-,-,-,-,-,-,-,-,-,-,-,-,-,-,-,-,-,-
,04_MiddletonHighlight,040_MiddletonHighlight_AUDIO_v01.mov,1,These looks need to include AUD and RIB,,114,040,024,AUDIO,32.77s,,-,,,Pair 116/091,,114_MIL_Video,04_MiddletonHighlight,\114_MIL_Video\04_MiddletonHighlight\040_MiddletonHighlight_AUDIO_v01.mov,-,nclc,nclc,32800,78166,16,16,1.000,CFR,29.970,6800985,PCM,Little / Signed,sowt,32800,2,L R,48000,16
,,048_MiddletonHighlight_SCB_v01.mov,1,,,114,048,017,SCB,32.77s,,-,,,,,114_MIL_Video,04_MiddletonHighlight,\114_MIL_Video\04_MiddletonHighlight\048_MiddletonHighlight_SCB_v01.mov,-,nclc,nclc,32800,392662739,1920,1080,1.778,CFR,29.970,1616371109,PCM,Little / Signed,sowt,32800,2,L R,48000,16
,,,,,,,,,,,,-,,,,,114_MIL_Video,04_MiddletonHighlight,Skip,-,-,-,-,-,-,-,-,-,-,-,-,-,-,-,-,-,-,-
,,,,,,,,,,,,-,,,,,114_MIL_Video,04_MiddletonHighlight,Skip,-,-,-,-,-,-,-,-,-,-,-,-,-,-,-,-,-,-,-
,05_BledsoeHighlight,050_BledsoeHighlight_AUDIO_v01.mov,1,These looks need to include AUD and RIB,,114,050,024,AUDIO,37.83s,,-,,,Pair 116/71,,114_MIL_Video,05_BledsoeHighlight,\114_MIL_Video\05_BledsoeHighlight\050_BledsoeHighlight_AUDIO_v01.mov,-,nclc,nclc,37872,78612,16,16,1.000,CFR,29.970,8077594,PCM,Little / Signed,sowt,37872,2,L R,48000,16
,,058_BledsoeHighlight_SCB_v01.mov,1,,,114,058,017,SCB,37.83s,,-,,,,,114_MIL_Video,05_BledsoeHighlight,\114_MIL_Video\05_BledsoeHighlight\058_BledsoeHighlight_SCB_v01.mov,-,nclc,nclc,37872,379863510,1920,1080,1.778,CFR,29.970,1805941537,PCM,Little / Signed,sowt,37872,2,L R,48000,16
,,,,,,,,,,,,-,,,,,114_MIL_Video,05_BledsoeHighlight,Skip,-,-,-,-,-,-,-,-,-,-,-,-,-,-,-,-,-,-,-
,,,,,,,,,,,,-,,,,,114_MIL_Video,05_BledsoeHighlight,Skip,-,-,-,-,-,-,-,-,-,-,-,-,-,-,-,-,-,-,-
,06_BLopezHighlight,060_BLopezHighlight_AUDIO_v01.mov,1,These looks need to include AUD and RIB,,114,060,024,AUDIO,32.37s,,-,,,Pair 116/31,,114_MIL_Video,06_BLopezHighlight,\114_MIL_Video\06_BLopezHighlight\060_BLopezHighlight_AUDIO_v01.mov,-,nclc,nclc,32400,80405,16,16,1.000,CFR,29.970,6819225,PCM,Little / Signed,sowt,32400,2,L R,48000,16
,,068_BLopezHighlight_SCB_v01.mov,1,,,114,068,017,SCB,32.37s,,-,,,,,114_MIL_Video,06_BLopezHighlight,\114_MIL_Video\06_BLopezHighlight\068_BLopezHighlight_SCB_v01.mov,-,nclc,nclc,32400,435177388,1920,1080,1.778,CFR,29.970,1768910769,PCM,Little / Signed,sowt,32400,2,L R,48000,16
,,,,,,,,,,,,-,,,,,114_MIL_Video,06_BLopezHighlight,Skip,-,-,-,-,-,-,-,-,-,-,-,-,-,-,-,-,-,-,-
,,,,,,,,,,,,-,,,,,114_MIL_Video,06_BLopezHighlight,Skip,-,-,-,-,-,-,-,-,-,-,-,-,-,-,-,-,-,-,-
,07_MatthewsHighlight,070_MatthewsHighlight_AUDIO_v01.mov,1,These looks need to include AUD and RIB,,114,070,024,AUDIO,36.53s,,-,,,Pair 116/21,,114_MIL_Video,07_MatthewsHighlight,\114_MIL_Video\07_MatthewsHighlight\070_MatthewsHighlight_AUDIO_v01.mov,-,nclc,nclc,36570,77502,16,16,1.000,CFR,29.970,7725420,PCM,Little / Signed,sowt,36570,2,L R,48000,16
,,078_MatthewsHighlight_SCB_v01.mov,1,,,114,078,017,SCB,36.53s,,-,,,,7/22/2020 22:33:41,114_MIL_Video,07_MatthewsHighlight,\114_MIL_Video\07_MatthewsHighlight\078_MatthewsHighlight_SCB_v01.mov,-,nclc,nclc,36570,380808728,1920,1080,1.778,CFR,29.970,1748138429,PCM,Little / Signed,sowt,36570,2,L R,48000,16
,,,,,,,,,,,,-,,,,,114_MIL_Video,07_MatthewsHighlight,Skip,-,-,-,-,-,-,-,-,-,-,-,-,-,-,-,-,-,-,-
,,,,,,,,,,,,-,,,,,114_MIL_Video,07_MatthewsHighlight,Skip,-,-,-,-,-,-,-,-,-,-,-,-,-,-,-,-,-,-,-
,08_DiVincenzoHighlight,080_DiVincenzoHighlight_AUDIO_v01.mov,1,These looks need to include AUD and RIB,,114,080,024,AUDIO,30s,,-,,,Pair 116/61,,114_MIL_Video,08_DiVincenzoHighlight,\114_MIL_Video\08_DiVincenzoHighlight\080_DiVincenzoHighlight_AUDIO_v01.mov,-,nclc,nclc,30030,74430,16,16,1.000,CFR,29.970,6272017,PCM,Little / Signed,sowt,30030,2,L R,48000,16
,,088_DiVincenzoHighlight_SCB_v01.mov,1,,,114,088,017,SCB,30s,,-,,,,7/22/2020 22:33:41,114_MIL_Video,08_DiVincenzoHighlight,\114_MIL_Video\08_DiVincenzoHighlight\088_DiVincenzoHighlight_SCB_v01.mov,-,nclc,nclc,30030,370518652,1920,1080,1.778,CFR,29.970,1396828407,PCM,Little / Signed,sowt,30030,2,L R,48000,16
,,,,,,,,,,,,-,,,,,114_MIL_Video,08_DiVincenzoHighlight,Skip,-,-,-,-,-,-,-,-,-,-,-,-,-,-,-,-,-,-,-
,,,,,,,,,,,,-,,,,,114_MIL_Video,08_DiVincenzoHighlight,Skip,-,-,-,-,-,-,-,-,-,-,-,-,-,-,-,-,-,-,-
,09_HillHighlight,090_HillHighlight_AUDIO_v01.mov,1,These looks need to include AUD and RIB,,114,090,024,AUDIO,39.4s,,-,,,Pair 116/101,,114_MIL_Video,09_HillHighlight,\114_MIL_Video\09_HillHighlight\090_HillHighlight_AUDIO_v01.mov,-,nclc,nclc,39440,78242,16,16,1.000,CFR,29.970,8171252,PCM,Little / Signed,sowt,39440,2,L R,48000,16
,,098_HillHighlight_SCB_v01.mov,1,,,114,098,017,SCB,39.4s,,-,,,,,114_MIL_Video,09_HillHighlight,\114_MIL_Video\09_HillHighlight\098_HillHighlight_SCB_v01.mov,-,nclc,nclc,39440,425731361,1920,1080,1.778,CFR,29.970,2106611305,PCM,Little / Signed,sowt,39440,2,L R,48000,16
,,,,,,,,,,,,-,,,,,114_MIL_Video,09_HillHighlight,Skip,-,-,-,-,-,-,-,-,-,-,-,-,-,-,-,-,-,-,-
,,,,,,,,,,,,-,,,,,114_MIL_Video,09_HillHighlight,Skip,-,-,-,-,-,-,-,-,-,-,-,-,-,-,-,-,-,-,-
,10_ConnaughtonHighlight,100_ConnaughtonHighlight_AUDIO_v01.mov,1,These looks need to include AUD and RIB,,114,100,024,AUDIO,39.47s,,-,,,Pair 116/51,7/22/2020 22:33:40,114_MIL_Video,10_ConnaughtonHighlight,\114_MIL_Video\10_ConnaughtonHighlight\100_ConnaughtonHighlight_AUDIO_v01.mov,-,nclc,nclc,39507,78406,16,16,1.000,CFR,29.970,8167956,PCM,Little / Signed,sowt,39507,2,L R,48000,16
,,108_ConnaughtonHighlight_SCB_v01.mov,1,,,114,108,017,SCB,39.47s,,-,,,,7/22/2020 22:33:40,114_MIL_Video,10_ConnaughtonHighlight,\114_MIL_Video\10_ConnaughtonHighlight\108_ConnaughtonHighlight_SCB_v01.mov,-,nclc,nclc,39507,362611038,1920,1080,1.778,CFR,29.970,1798452557,PCM,Little / Signed,sowt,39507,2,L R,48000,16
,,,,,,,,,,,,-,,,,,114_MIL_Video,10_ConnaughtonHighlight,Skip,-,-,-,-,-,-,-,-,-,-,-,-,-,-,-,-,-,-,-
,,,,,,,,,,,,-,,,,,114_MIL_Video,10_ConnaughtonHighlight,Skip,-,-,-,-,-,-,-,-,-,-,-,-,-,-,-,-,-,-,-
,11_RLopezHighlight,100_ConnaughtonHighlight_AUDIO_v01.mov,1,These looks need to include AUD and RIB,,114,100,024,AUDIO,,,-F,,Wrong file name?,Pair 116/41,,114_MIL_Video,11_RLopezHighlight,\114_MIL_Video\11_RLopezHighlight\100_ConnaughtonHighlight_AUDIO_v01.mov,-F,No File,No File,No File,No File,No File,No File,No File,No File,No File,No File,No File,No File,No File,No File,No File,No File,No File,No File
,,108_ConnaughtonHighlight_SCB_v01.mov,1,,,114,108,017,SCB,,,-F,,Wrong file name?,,7/22/2020 22:33:37,114_MIL_Video,11_RLopezHighlight,\114_MIL_Video\11_RLopezHighlight\108_ConnaughtonHighlight_SCB_v01.mov,-F,No File,No File,No File,No File,No File,No File,No File,No File,No File,No File,No File,No File,No File,No File,No File,No File,No File,No File
,,,,,,,,,,,,-,,,,,114_MIL_Video,11_RLopezHighlight,Skip,-,-,-,-,-,-,-,-,-,-,-,-,-,-,-,-,-,-,-
,,,,,,,,,,,,-,,,,,114_MIL_Video,11_RLopezHighlight,Skip,-,-,-,-,-,-,-,-,-,-,-,-,-,-,-,-,-,-,-
115_MIL_Misc,,,,,,,,,,,,-,,,,,115_MIL_Misc,11_RLopezHighlight,Skip,-,-,-,-,-,-,-,-,-,-,-,-,-,-,-,-,-,-,-
116_MIL_Intros_1,00_IntroVideo_WhiteJersey,000_WhiteJerseyIntro_AUDIO_v01.mov,1,,1,116,000,024,AUDIO,1m20s,,-,,,For white ,,116_MIL_Intros_1,00_IntroVideo_WhiteJersey,\116_MIL_Intros_1\00_IntroVideo_WhiteJersey\000_WhiteJerseyIntro_AUDIO_v01.mov,-,nclc,nclc,80080,90164,16,16,1.000,CFR,29.970,16289351,PCM,Little / Signed,sowt,80081,2,L R,48000,16
,,001_WhiteJerseyIntro_AUD_F_v02.mov,2,,1,116,001,001,AUD_F,1m20.03s,,-,,,,7/22/2020 22:35:22,116_MIL_Intros_1,00_IntroVideo_WhiteJersey,\116_MIL_Intros_1\00_IntroVideo_WhiteJersey\001_WhiteJerseyIntro_AUD_F_v02.mov,-,nclc,nclc,80114,1585295869,10160,1600,6.350,CFR,29.970,15922925791,PCM,Little / Signed,sowt,80114,2,L R,44100,16
,,004_WhiteJerseyIntro_RIB_F_V04.mov,4,,3,116,004,010,RIB_F,1m20.03s,,-,,,,7/22/2020 22:35:18,116_MIL_Intros_1,00_IntroVideo_WhiteJersey,\116_MIL_Intros_1\00_IntroVideo_WhiteJersey\004_WhiteJerseyIntro_RIB_F_V04.mov,-,nclc,nclc,80114,91382734,9504,144,66.000,CFR,29.970,929522428,PCM,Little / Signed,sowt,80114,2,L R,44100,16
,,008_WhiteJerseyIntro_SCB_v03.mov,3,,2,116,008,017,SCB,1m20.03s,,-,,,,,116_MIL_Intros_1,00_IntroVideo_WhiteJersey,\116_MIL_Intros_1\00_IntroVideo_WhiteJersey\008_WhiteJerseyIntro_SCB_v03.mov,-,nclc,nclc,80114,252107531,1920,1080,1.778,CFR,29.970,2552136909,PCM,Little / Signed,sowt,80114,2,L R,44100,16
,01_GiannisHeadshot_WhiteJersey,011_GiannisHeadshot_whitejersey_AUD_F_v03.mov,3,,1,116,011,001,AUD_F,14s,,-,,,Can be used during hot timeouts and highlight packages ,,116_MIL_Intros_1,01_GiannisHeadshot_WhiteJersey,\116_MIL_Intros_1\01_GiannisHeadshot_WhiteJersey\011_GiannisHeadshot_whitejersey_AUD_F_v03.mov,-,nclc,nclc,14014,1873546704,10160,1600,6.350,CFR,29.970,3282569574,-,-,-,-,-,-,-,-
,,014_GiannisHeadshot_whitejersey_RIB_F_v03.mov,3,,2,116,014,010,RIB_F,14s,,-,,,,7/22/2020 22:35:17,116_MIL_Intros_1,01_GiannisHeadshot_WhiteJersey,\116_MIL_Intros_1\01_GiannisHeadshot_WhiteJersey\014_GiannisHeadshot_whitejersey_RIB_F_v03.mov,-,nclc,nclc,14014,197600824,9504,144,66.000,CFR,29.970,354385296,PCM,Little / Signed,sowt,14014,2,L R,44100,16
,,018_GiannisHeadshot_whitejersey_SCB_v02.mov,2,,1,116,018,017,SCB,14s,,-,,,,7/23/2020 21:52:49,116_MIL_Intros_1,01_GiannisHeadshot_WhiteJersey,\116_MIL_Intros_1\01_GiannisHeadshot_WhiteJersey\018_GiannisHeadshot_whitejersey_SCB_v02.mov,-,nclc,nclc,14014,246552235,1920,1080,1.778,CFR,29.970,434471097,PCM,Little / Signed,sowt,14014,2,L R,44100,16
,02_MatthewsHeadshot_WhiteJersey,021_MatthewsHeadshot_whitejersey_AUD_F_v02.mov,2,,1,116,021,001,AUD_F,15s,,-,,,,7/22/2020 22:35:13,116_MIL_Intros_1,02_MatthewsHeadshot_WhiteJersey,\116_MIL_Intros_1\02_MatthewsHeadshot_WhiteJersey\021_MatthewsHeadshot_whitejersey_AUD_F_v02.mov,-,nclc,nclc,15015,2020070143,10160,1600,6.350,CFR,29.970,3794637722,PCM,Little / Signed,sowt,15015,2,L R,44100,16
,,024_MatthewsHeadshot_whitejersey_RIB_F_v02.mov,2,,1,116,024,010,RIB_F,15s,,-,,,,7/22/2020 22:35:13,116_MIL_Intros_1,02_MatthewsHeadshot_WhiteJersey,\116_MIL_Intros_1\02_MatthewsHeadshot_WhiteJersey\024_MatthewsHeadshot_whitejersey_RIB_F_v02.mov,-,nclc,nclc,15015,193050692,9504,144,66.000,CFR,29.970,370752524,PCM,Little / Signed,sowt,15015,2,L R,44100,16
,,028_MatthewsHeadshot_whitejersey_SCB_v02.mov,2,,1,116,028,017,SCB,15s,,-,,,,7/22/2020 22:35:13,116_MIL_Intros_1,02_MatthewsHeadshot_WhiteJersey,\116_MIL_Intros_1\02_MatthewsHeadshot_WhiteJersey\028_MatthewsHeadshot_whitejersey_SCB_v02.mov,-,nclc,nclc,15015,255900968,1920,1080,1.778,CFR,29.970,483048945,PCM,Little / Signed,sowt,15015,2,L R,44100,16
,03_BLopezHeadshot_WhiteJersey,031_BLopezHeadshot_whitejersey_AUD_F_v01.mov,1,,1,116,031,001,AUD_F,15s,,-,,,,,116_MIL_Intros_1,03_BLopezHeadshot_WhiteJersey,\116_MIL_Intros_1\03_BLopezHeadshot_WhiteJersey\031_BLopezHeadshot_whitejersey_AUD_F_v01.mov,-,nclc,nclc,15015,1970823780,10160,1600,6.350,CFR,29.970,3702210635,PCM,Little / Signed,sowt,15015,2,L R,44100,16
,,034_BLopezHeadshot_whitejersey_RIB_F_v01.mov,1,,1,116,034,010,RIB_F,15s,,-,,,,,116_MIL_Intros_1,03_BLopezHeadshot_WhiteJersey,\116_MIL_Intros_1\03_BLopezHeadshot_WhiteJersey\034_BLopezHeadshot_whitejersey_RIB_F_v01.mov,-,nclc,nclc,15015,195088220,9504,144,66.000,CFR,29.970,374581809,PCM,Little / Signed,sowt,15015,2,L R,44100,16
,,038_BLopezHeadshot_whitejersey_SCB_v01.mov,1,,1,116,038,017,SCB,15s,,-,,,,,116_MIL_Intros_1,03_BLopezHeadshot_WhiteJersey,\116_MIL_Intros_1\03_BLopezHeadshot_WhiteJersey\038_BLopezHeadshot_whitejersey_SCB_v01.mov,-,nclc,nclc,15015,241849519,1920,1080,1.778,CFR,29.970,456678607,PCM,Little / Signed,sowt,15015,2,L R,44100,16
,04_RLopezHeadshot_WhiteJersey,041_RLopezHeadshot_whitejersey_AUD_F_v01.mov,1,,,116,041,001,AUD_F,15s,,-,,,,7/22/2020 22:36:23,116_MIL_Intros_1,04_RLopezHeadshot_WhiteJersey,\116_MIL_Intros_1\04_RLopezHeadshot_WhiteJersey\041_RLopezHeadshot_whitejersey_AUD_F_v01.mov,-,nclc,nclc,15015,2062099114,10160,1600,6.350,CFR,29.970,3870855583,-,-,-,-,-,-,-,-
,,044_RLopezHeadshot_whitejersey_RIB_F_v01.mov,1,,,116,044,010,RIB_F,15s,,-,,,,7/22/2020 22:36:24,116_MIL_Intros_1,04_RLopezHeadshot_WhiteJersey,\116_MIL_Intros_1\04_RLopezHeadshot_WhiteJersey\044_RLopezHeadshot_whitejersey_RIB_F_v01.mov,-,nclc,nclc,15015,185917885,9504,144,66.000,CFR,29.970,354706331,-,-,-,-,-,-,-,-
,,048_RLopezHeadshot_whitejersey_SCB_v01.mov,1,,,116,048,017,SCB,15s,,-,,,,7/22/2020 22:36:27,116_MIL_Intros_1,04_RLopezHeadshot_WhiteJersey,\116_MIL_Intros_1\04_RLopezHeadshot_WhiteJersey\048_RLopezHeadshot_whitejersey_SCB_v01.mov,-,nclc,nclc,15015,252539798,1920,1080,1.778,CFR,29.970,474081796,-,-,-,-,-,-,-,-
,05_ConnaughtonHeadshot_WhiteJersey,051_ConnaughtonHeadshot_whitejersey_AUD_F_v01.mov,1,,,116,051,001,AUD_F,15s,,-,,,,,116_MIL_Intros_1,05_ConnaughtonHeadshot_WhiteJersey,\116_MIL_Intros_1\05_ConnaughtonHeadshot_WhiteJersey\051_ConnaughtonHeadshot_whitejersey_AUD_F_v01.mov,-,nclc,nclc,15015,1965826935,10160,1600,6.350,CFR,29.970,3692827425,PCM,Little / Signed,sowt,15015,2,L R,44100,16
,,054_ConnaughtonHeadshot_whitejersey_RIB_F_v01.mov,1,,,116,054,010,RIB_F,15s,,-,,,,7/22/2020 22:36:28,116_MIL_Intros_1,05_ConnaughtonHeadshot_WhiteJersey,\116_MIL_Intros_1\05_ConnaughtonHeadshot_WhiteJersey\054_ConnaughtonHeadshot_whitejersey_RIB_F_v01.mov,-,nclc,nclc,15015,193453848,9504,144,66.000,CFR,29.970,371506622,PCM,Little / Signed,sowt,15015,2,L R,44100,16
,,058_ConnaughtonHeadshot_whitejersey_SCB_v01.mov,1,,,116,058,017,SCB,15s,,-,,,,7/22/2020 22:36:29,116_MIL_Intros_1,05_ConnaughtonHeadshot_WhiteJersey,\116_MIL_Intros_1\05_ConnaughtonHeadshot_WhiteJersey\058_ConnaughtonHeadshot_whitejersey_SCB_v01.mov,-,nclc,nclc,15015,204863160,1920,1080,1.778,CFR,29.970,387254747,PCM,Little / Signed,sowt,15015,2,L R,44100,16
,06_DiVincenzoHeadshot_WhiteJersey,061_DiVincenzoHeadshot_whitejersey_AUD_F_v01.mov,1,,,116,061,001,AUD_F,15s,,-,,,,7/22/2020 22:36:29,116_MIL_Intros_1,06_DiVincenzoHeadshot_WhiteJersey,\116_MIL_Intros_1\06_DiVincenzoHeadshot_WhiteJersey\061_DiVincenzoHeadshot_whitejersey_AUD_F_v01.mov,-,nclc,nclc,15015,2035823855,10160,1600,6.350,CFR,29.970,3824210621,PCM,Little / Signed,sowt,15015,2,L R,44100,16
,,064_DiVincenzoHeadshot_whitejersey_RIB_F_v01.mov,1,,,116,064,010,RIB_F,15s,,-,,,,,116_MIL_Intros_1,06_DiVincenzoHeadshot_WhiteJersey,\116_MIL_Intros_1\06_DiVincenzoHeadshot_WhiteJersey\064_DiVincenzoHeadshot_whitejersey_RIB_F_v01.mov,-,nclc,nclc,15015,191979145,9504,144,66.000,CFR,29.970,368746348,PCM,Little / Signed,sowt,15015,2,L R,44100,16
,,068_DiVincenzoHeadshot_whitejersey_SCB_v01.mov,1,,,116,068,017,SCB,15s,,-,,,,,116_MIL_Intros_1,06_DiVincenzoHeadshot_WhiteJersey,\116_MIL_Intros_1\06_DiVincenzoHeadshot_WhiteJersey\068_DiVincenzoHeadshot_whitejersey_SCB_v01.mov,-,nclc,nclc,15015,253737893,1920,1080,1.778,CFR,29.970,478994172,PCM,Little / Signed,sowt,15015,2,L R,44100,16
,07_BledsoeHeadshot_WhiteJersey,071_BledsoeHeadshot_whitejersey_AUD_F_v01.mov,1,,,116,071,001,AUD_F,15s,,-,,,,7/22/2020 22:39:09,116_MIL_Intros_1,07_BledsoeHeadshot_WhiteJersey,\116_MIL_Intros_1\07_BledsoeHeadshot_WhiteJersey\071_BledsoeHeadshot_whitejersey_AUD_F_v01.mov,-,nclc,nclc,15015,2052322636,10160,1600,6.350,CFR,29.970,3855173976,PCM,Little / Signed,sowt,15015,2,L R,44100,16
,,074_BledsoeHeadshot_whitejersey_RIB_F_v01.mov,1,,,116,074,010,RIB_F,15s,,-,,,,7/22/2020 22:39:09,116_MIL_Intros_1,07_BledsoeHeadshot_WhiteJersey,\116_MIL_Intros_1\07_BledsoeHeadshot_WhiteJersey\074_BledsoeHeadshot_whitejersey_RIB_F_v01.mov,-,nclc,nclc,15015,184785722,9504,144,66.000,CFR,29.970,355242574,PCM,Little / Signed,sowt,15015,2,L R,44100,16
,,078_BledsoeHeadshot_whitejersey_SCB_v01.mov,1,,,116,078,017,SCB,15s,,-,,,,7/22/2020 22:39:10,116_MIL_Intros_1,07_BledsoeHeadshot_WhiteJersey,\116_MIL_Intros_1\07_BledsoeHeadshot_WhiteJersey\078_BledsoeHeadshot_whitejersey_SCB_v01.mov,-,nclc,nclc,15015,306375087,1920,1080,1.778,CFR,29.970,577785161,PCM,Little / Signed,sowt,15015,2,L R,44100,16
,08_IlyasovaHeadshot_WhiteJersey,081_IlyasovaHeadshot_whitejersey_AUD_F_v01.mov,1,,,116,081,001,AUD_F,15s,,-,,,,7/22/2020 22:39:13,116_MIL_Intros_1,08_IlyasovaHeadshot_WhiteJersey,\116_MIL_Intros_1\08_IlyasovaHeadshot_WhiteJersey\081_IlyasovaHeadshot_whitejersey_AUD_F_v01.mov,-,nclc,nclc,15015,1910003739,10160,1600,6.350,CFR,29.970,3588056563,PCM,Little / Signed,sowt,15015,2,L R,44100,16
,,084_IlyasovaHeadshot_whitejersey_RIB_F_v01.mov,1,,,116,084,010,RIB_F,15s,,-,,,,7/22/2020 22:39:14,116_MIL_Intros_1,08_IlyasovaHeadshot_WhiteJersey,\116_MIL_Intros_1\08_IlyasovaHeadshot_WhiteJersey\084_IlyasovaHeadshot_whitejersey_RIB_F_v01.mov,-,nclc,nclc,15015,189031637,9504,144,66.000,CFR,29.970,363209146,PCM,Little / Signed,sowt,15015,2,L R,44100,16
,,088_IlyasovaHeadshot_whitejersey_SCB_v01.mov,1,,,116,088,017,SCB,15s,,-,,,,7/22/2020 22:39:14,116_MIL_Intros_1,08_IlyasovaHeadshot_WhiteJersey,\116_MIL_Intros_1\08_IlyasovaHeadshot_WhiteJersey\088_IlyasovaHeadshot_whitejersey_SCB_v01.mov,-,nclc,nclc,15015,192385351,1920,1080,1.778,CFR,29.970,363837948,PCM,Little / Signed,sowt,15015,2,L R,44100,16
,09_MiddletonHeadshot_WhiteJersey,091_MiddletonHeadshot_whitejersey_AUD_F_v02.mov,2,,1,116,091,001,AUD_F,15s,,-,,,,,116_MIL_Intros_1,09_MiddletonHeadshot_WhiteJersey,\116_MIL_Intros_1\09_MiddletonHeadshot_WhiteJersey\091_MiddletonHeadshot_whitejersey_AUD_F_v02.mov,-,nclc,nclc,15015,2129972128,10160,1600,6.350,CFR,29.970,4000907859,PCM,Little / Signed,sowt,15015,2,L R,44100,16
,,094_MiddletonHeadshot_whitejersey_RIB_F_v02.mov,2,,1,116,094,010,RIB_F,15s,,-,,,,,116_MIL_Intros_1,09_MiddletonHeadshot_WhiteJersey,\116_MIL_Intros_1\09_MiddletonHeadshot_WhiteJersey\094_MiddletonHeadshot_whitejersey_RIB_F_v02.mov,-,nclc,nclc,15015,192215726,9504,144,66.000,CFR,29.970,369182792,PCM,Little / Signed,sowt,15015,2,L R,44100,16
,,098_MiddletonHeadshot_whitejersey_SCB_v02.mov,2,,1,116,098,017,SCB,15s,,-,,,,7/22/2020 22:39:17,116_MIL_Intros_1,09_MiddletonHeadshot_WhiteJersey,\116_MIL_Intros_1\09_MiddletonHeadshot_WhiteJersey\098_MiddletonHeadshot_whitejersey_SCB_v02.mov,-,nclc,nclc,15015,247809203,1920,1080,1.778,CFR,29.970,467859179,PCM,Little / Signed,sowt,15015,2,L R,44100,16
,10_HillHeadshot_WhiteJersey,101_HillHeadshot_whitejersey_AUD_F_v01.mov,1,,,116,101,001,AUD_F,15s,,-,,,,7/22/2020 22:39:17,116_MIL_Intros_1,10_HillHeadshot_WhiteJersey,\116_MIL_Intros_1\10_HillHeadshot_WhiteJersey\101_HillHeadshot_whitejersey_AUD_F_v01.mov,-,nclc,nclc,15015,1861162447,10160,1600,6.350,CFR,29.970,3496392241,PCM,Little / Signed,sowt,15015,2,L R,44100,16
,,104_HillHeadshot_whitejersey_RIB_F_v01.mov,1,,,116,104,010,RIB_F,15s,,-,,,,7/22/2020 22:39:21,116_MIL_Intros_1,10_HillHeadshot_WhiteJersey,\116_MIL_Intros_1\10_HillHeadshot_WhiteJersey\104_HillHeadshot_whitejersey_RIB_F_v01.mov,-,nclc,nclc,15015,188771680,9504,144,66.000,CFR,29.970,362726293,PCM,Little / Signed,sowt,15015,2,L R,44100,16
,,108_HillHeadshot_whitejersey_SCB_v01.mov,1,,,116,108,017,SCB,15s,,-,,,,7/22/2020 22:39:22,116_MIL_Intros_1,10_HillHeadshot_WhiteJersey,\116_MIL_Intros_1\10_HillHeadshot_WhiteJersey\108_HillHeadshot_whitejersey_SCB_v01.mov,-,nclc,nclc,15015,227123889,1920,1080,1.778,CFR,29.970,429042932,PCM,Little / Signed,sowt,15015,2,L R,44100,16
,11_KorverHeadshot_WhiteJersey,111_KorverHeadshot_whitejersey_AUD_F_v01.mov,1,,,116,111,001,AUD_F,15s,,-,,,,,116_MIL_Intros_1,11_KorverHeadshot_WhiteJersey,\116_MIL_Intros_1\11_KorverHeadshot_WhiteJersey\111_KorverHeadshot_whitejersey_AUD_F_v01.mov,-,nclc,nclc,15015,2118411301,10160,1600,6.350,CFR,29.970,3979215056,PCM,Little / Signed,sowt,15015,2,L R,44100,16
,,114_KorverHeadshot_whitejersey_RIB_F_v01.mov,1,,,116,114,010,RIB_F,15s,,-,,,,,116_MIL_Intros_1,11_KorverHeadshot_WhiteJersey,\116_MIL_Intros_1\11_KorverHeadshot_WhiteJersey\114_KorverHeadshot_whitejersey_RIB_F_v01.mov,-,nclc,nclc,15015,192179677,9504,144,66.000,CFR,29.970,369120360,PCM,Little / Signed,sowt,15015,2,L R,44100,16
,,118_KorverHeadshot_whitejersey_SCB_v01.mov,1,,,116,118,017,SCB,15s,,-,,,,,116_MIL_Intros_1,11_KorverHeadshot_WhiteJersey,\116_MIL_Intros_1\11_KorverHeadshot_WhiteJersey\118_KorverHeadshot_whitejersey_SCB_v01.mov,-,nclc,nclc,15015,244128301,1920,1080,1.778,CFR,29.970,460955777,PCM,Little / Signed,sowt,15015,2,L R,44100,16
,12_BrownHeadshot_WhiteJersey,121_BrownHeadshot_whitejersey_AUD_F_v01.mov,1,,,116,121,001,AUD_F,14s,,-,,,,,116_MIL_Intros_1,12_BrownHeadshot_WhiteJersey,\116_MIL_Intros_1\12_BrownHeadshot_WhiteJersey\121_BrownHeadshot_whitejersey_AUD_F_v01.mov,-,nclc,nclc,14014,2281952634,10160,1600,6.350,CFR,29.970,3998459626,-,-,-,-,-,-,-,-
,,124_BrownHeadshot_whitejersey_RIB_F_v01.mov,1,,,116,124,010,RIB_F,14s,,-,,,,,116_MIL_Intros_1,12_BrownHeadshot_WhiteJersey,\116_MIL_Intros_1\12_BrownHeadshot_WhiteJersey\124_BrownHeadshot_whitejersey_RIB_F_v01.mov,-,nclc,nclc,14014,187406156,9504,144,66.000,CFR,29.970,334043398,-,-,-,-,-,-,-,-
,,128_BrownHeadshot_whitejersey_SCB_v01.mov,1,,,116,128,017,SCB,15s,,-,,,,,116_MIL_Intros_1,12_BrownHeadshot_WhiteJersey,\116_MIL_Intros_1\12_BrownHeadshot_WhiteJersey\128_BrownHeadshot_whitejersey_SCB_v01.mov,-,nclc,nclc,15015,392673499,1920,1080,1.778,CFR,29.970,737086112,-,-,-,-,-,-,-,-
,13_WilsonHeadshot_WhiteJersey,131_WilsonHeadshot_whitejersey_AUD_F_v01.mov,1,,,116,131,001,AUD_F,14s,,-,,,,7/22/2020 22:39:22,116_MIL_Intros_1,13_WilsonHeadshot_WhiteJersey,\116_MIL_Intros_1\13_WilsonHeadshot_WhiteJersey\131_WilsonHeadshot_whitejersey_AUD_F_v01.mov,-,nclc,nclc,14014,2248610371,10160,1600,6.350,CFR,29.970,3939531748,-,-,-,-,-,-,-,-
,,134_WilsonlHeadshot_whitejersey_RIB_F_v01.mov,1,,,116,134,010,RIB_F,14s,,-,,,,,116_MIL_Intros_1,13_WilsonHeadshot_WhiteJersey,\116_MIL_Intros_1\13_WilsonHeadshot_WhiteJersey\134_WilsonlHeadshot_whitejersey_RIB_F_v01.mov,-,nclc,nclc,14014,188281472,9504,144,66.000,CFR,29.970,329907987,-,-,-,-,-,-,-,-
,,138_WilsonHeadshot_whitejersey_SCB_v01.mov,1,,,116,138,017,SCB,15s,,-,,,,7/22/2020 22:39:26,116_MIL_Intros_1,13_WilsonHeadshot_WhiteJersey,\116_MIL_Intros_1\13_WilsonHeadshot_WhiteJersey\138_WilsonHeadshot_whitejersey_SCB_v01.mov,-,nclc,nclc,15015,400640307,1920,1080,1.778,CFR,29.970,752038799,-,-,-,-,-,-,-,-
,14_ThanasisHeadshot_WhiteJersey,141_ThanasisHeadshot_whitejersey_AUD_F_v02.mov,2,,,116,141,001,AUD_F,14s,,-,,,,7/22/2020 22:39:30,116_MIL_Intros_1,14_ThanasisHeadshot_WhiteJersey,\116_MIL_Intros_1\14_ThanasisHeadshot_WhiteJersey\141_ThanasisHeadshot_whitejersey_AUD_F_v02.mov,-,nclc,nclc,14014,2243511119,10160,1600,6.350,CFR,29.970,3931129623,-,-,-,-,-,-,-,-
,,144_ThanasisHeadshot_whitejersey_RIB_F_v02.mov,2,,,116,144,010,RIB_F,14s,,-,,,,7/22/2020 22:39:25,116_MIL_Intros_1,14_ThanasisHeadshot_WhiteJersey,\116_MIL_Intros_1\14_ThanasisHeadshot_WhiteJersey\144_ThanasisHeadshot_whitejersey_RIB_F_v02.mov,-,nclc,nclc,14014,197801324,9504,144,66.000,CFR,29.970,352253443,-,-,-,-,-,-,-,-
,,148_ThanasisHeadshot_whitejersey_SCB_v02.mov,2,,,116,148,017,SCB,15s,,-,,,,,116_MIL_Intros_1,14_ThanasisHeadshot_WhiteJersey,\116_MIL_Intros_1\14_ThanasisHeadshot_WhiteJersey\148_ThanasisHeadshot_whitejersey_SCB_v02.mov,-,nclc,nclc,15015,296868637,1920,1080,1.778,CFR,29.970,557272823,-,-,-,-,-,-,-,-
,15_WilliamsHeadshot_WhiteJersey,151_WilliamsHeadshot_whitejersey_AUD_F_v01.mov,1,,,116,151,001,AUD_F,14s,,-,,,,7/22/2020 22:39:26,116_MIL_Intros_1,15_WilliamsHeadshot_WhiteJersey,\116_MIL_Intros_1\15_WilliamsHeadshot_WhiteJersey\151_WilliamsHeadshot_whitejersey_AUD_F_v01.mov,-,nclc,nclc,14014,1816045078,10160,1600,6.350,CFR,29.970,3187547164,-,-,-,-,-,-,-,-
,,154_WilliamsHeadshot_whitejersey_RIB_F_v01.mov,1,,,116,154,010,RIB_F,14s,,-,,,,,116_MIL_Intros_1,15_WilliamsHeadshot_WhiteJersey,\116_MIL_Intros_1\15_WilliamsHeadshot_WhiteJersey\154_WilliamsHeadshot_whitejersey_RIB_F_v01.mov,-,nclc,nclc,14014,186641817,9504,144,66.000,CFR,29.970,333763348,-,-,-,-,-,-,-,-
,,158_WilliamsHeadshot_whitejersey_SCB_v01.mov,1,,,116,158,017,SCB,15s,,-,,,,,116_MIL_Intros_1,15_WilliamsHeadshot_WhiteJersey,\116_MIL_Intros_1\15_WilliamsHeadshot_WhiteJersey\158_WilliamsHeadshot_whitejersey_SCB_v01.mov,-,nclc,nclc,15015,206083261,1920,1080,1.778,CFR,29.970,387437549,-,-,-,-,-,-,-,-
,16_MasonHeadshot_WhiteJersey,161_MasonHeadshot_whitejersey_AUD_F_v01.mov,1,,,116,161,001,AUD_F,14s,,-,,,,7/22/2020 22:40:07,116_MIL_Intros_1,16_MasonHeadshot_WhiteJersey,\116_MIL_Intros_1\16_MasonHeadshot_WhiteJersey\161_MasonHeadshot_whitejersey_AUD_F_v01.mov,-,nclc,nclc,14014,2440501973,10160,1600,6.350,CFR,29.970,4278680165,PCM,Little / Signed,sowt,14014,2,L R,44100,16
,,164_MasonHeadshot_whitejersey_RIB_F_v01.mov,1,,,116,164,010,RIB_F,14s,,-,,,,,116_MIL_Intros_1,16_MasonHeadshot_WhiteJersey,\116_MIL_Intros_1\16_MasonHeadshot_WhiteJersey\164_MasonHeadshot_whitejersey_RIB_F_v01.mov,-,nclc,nclc,14014,189355080,9504,144,66.000,CFR,29.970,337457393,-,-,-,-,-,-,-,-
,,168_MasonHeadshot_whitejersey_SCB_v01.mov,1,,,116,168,017,SCB,15s,,-,,,,7/22/2020 22:40:07,116_MIL_Intros_1,16_MasonHeadshot_WhiteJersey,\116_MIL_Intros_1\16_MasonHeadshot_WhiteJersey\168_MasonHeadshot_whitejersey_SCB_v01.mov,-,nclc,nclc,15015,426316616,1920,1080,1.778,CFR,29.970,800230082,-,-,-,-,-,-,-,-
,17_ReynoldsHeadshot_WhiteJersey,171_ReynoldsHeadshot_whitejersey_AUD_F_v01.mov,1,,,116,171,001,AUD_F,14s,,-,,,,7/22/2020 22:40:04,116_MIL_Intros_1,17_ReynoldsHeadshot_WhiteJersey,\116_MIL_Intros_1\17_ReynoldsHeadshot_WhiteJersey\171_ReynoldsHeadshot_whitejersey_AUD_F_v01.mov,-,nclc,nclc,14014,2396994398,10160,1600,6.350,CFR,29.970,4199464951,-,-,-,-,-,-,-,-
,,174_ReynoldsHeadshot_whitejersey_RIB_F_v01.mov,1,,,116,174,010,RIB_F,14s,,-,,,,7/22/2020 22:40:04,116_MIL_Intros_1,17_ReynoldsHeadshot_WhiteJersey,\116_MIL_Intros_1\17_ReynoldsHeadshot_WhiteJersey\174_ReynoldsHeadshot_whitejersey_RIB_F_v01.mov,-,nclc,nclc,14014,191566193,9504,144,66.000,CFR,29.970,341330793,-,-,-,-,-,-,-,-
,,178_ReynoldsHeadshot_whitejersey_SCB_v01.mov,1,,,116,178,017,SCB,15s,,-,,,,7/22/2020 22:40:04,116_MIL_Intros_1,17_ReynoldsHeadshot_WhiteJersey,\116_MIL_Intros_1\17_ReynoldsHeadshot_WhiteJersey\178_ReynoldsHeadshot_whitejersey_SCB_v01.mov,-,nclc,nclc,15015,432626885,1920,1080,1.778,CFR,29.970,812073704,-,-,-,-,-,-,-,-
117_MIL_Intros_2,00_IntroVideo_BlackJersey,000_BlackJerseyIntro_AUDIO_v01.mov,1,Audio is definitely too short,1,117,000,024,AUDIO,48.77s,,-,,,,,117_MIL_Intros_2,00_IntroVideo_BlackJersey,\117_MIL_Intros_2\00_IntroVideo_BlackJersey\000_BlackJerseyIntro_AUDIO_v01.mov,-,nclc,nclc,48816,89216,16,16,1.000,CFR,29.970,13031860,PCM,Little / Signed,sowt,65000,2,L R,48000,16
,,001_BlackJerseyIntro_AUD_F_v01.mov,1,,1,117,001,001,AUD_F,1m19.93s,,-,,,,,117_MIL_Intros_2,00_IntroVideo_BlackJersey,\117_MIL_Intros_2\00_IntroVideo_BlackJersey\001_BlackJerseyIntro_AUD_F_v01.mov,-,nclc,nclc,80014,2084470256,10160,1600,6.350,CFR,29.970,20862417074,PCM,Little / Signed,sowt,80014,2,L R,44100,16
,,004_BlackJerseyIntro_RIB_F_V01.mov,1,,1,117,004,010,RIB_F,1m19.93s,,-,,,,,117_MIL_Intros_2,00_IntroVideo_BlackJersey,\117_MIL_Intros_2\00_IntroVideo_BlackJersey\004_BlackJerseyIntro_RIB_F_V01.mov,-,nclc,nclc,80014,190453016,9504,144,66.000,CFR,29.970,1919095567,PCM,Little / Signed,sowt,80014,2,L R,44100,16
,,008_BlackJerseyIntro_SCB_v01.mov,1,,1,117,008,017,SCB,1m19.93s,,-,,,,,117_MIL_Intros_2,00_IntroVideo_BlackJersey,\117_MIL_Intros_2\00_IntroVideo_BlackJersey\008_BlackJerseyIntro_SCB_v01.mov,-,nclc,nclc,80014,284722268,1920,1080,1.778,CFR,29.970,2861934606,PCM,Little / Signed,sowt,80014,2,L R,44100,16
,01_GiannisHeadshot_BlackJersey,011_GiannisHeadshot_blackjersey_AUD_F_v01.mov,1,,1,117,011,001,AUD_F,14s,,-,,,,,117_MIL_Intros_2,01_GiannisHeadshot_BlackJersey,\117_MIL_Intros_2\01_GiannisHeadshot_BlackJersey\011_GiannisHeadshot_blackjersey_AUD_F_v01.mov,-,nclc,nclc,14014,1657362165,10160,1600,6.350,CFR,29.970,2908125489,PCM,Little / Signed,sowt,14014,2,L R,44100,16
,,014_GiannisHeadshot_blackjersey_RIB_F_V01.mov,1,,1,117,014,010,RIB_F,14s,,-,,,,,117_MIL_Intros_2,01_GiannisHeadshot_BlackJersey,\117_MIL_Intros_2\01_GiannisHeadshot_BlackJersey\014_GiannisHeadshot_blackjersey_RIB_F_V01.mov,-,nclc,nclc,14014,166148397,9504,144,66.000,CFR,29.970,295161377,PCM,Little / Signed,sowt,14014,2,L R,44100,16
,,018_GiannisHeadshot_blackjersey_SCB_v01.mov,1,,1,117,018,017,SCB,14s,,-,,,,,117_MIL_Intros_2,01_GiannisHeadshot_BlackJersey,\117_MIL_Intros_2\01_GiannisHeadshot_BlackJersey\018_GiannisHeadshot_blackjersey_SCB_v01.mov,-,nclc,nclc,14014,179935420,1920,1080,1.778,CFR,29.970,317760868,PCM,Little / Signed,sowt,14014,2,L R,44100,16
,02_MatthewsHeadshot_BlackJersey,,,,,,,,,,,-,,,,,117_MIL_Intros_2,02_MatthewsHeadshot_BlackJersey,Skip,-,-,-,-,-,-,-,-,-,-,-,-,-,-,-,-,-,-,-
,,,,,,,,,,,,-,,,,,117_MIL_Intros_2,02_MatthewsHeadshot_BlackJersey,Skip,-,-,-,-,-,-,-,-,-,-,-,-,-,-,-,-,-,-,-
,,,,,,,,,,,,-,,,,,117_MIL_Intros_2,02_MatthewsHeadshot_BlackJersey,Skip,-,-,-,-,-,-,-,-,-,-,-,-,-,-,-,-,-,-,-
,03_BLopezHeadshot_BlackJersey,,,,,,,,,,,-,,,,,117_MIL_Intros_2,03_BLopezHeadshot_BlackJersey,Skip,-,-,-,-,-,-,-,-,-,-,-,-,-,-,-,-,-,-,-
,,,,,,,,,,,,-,,,,,117_MIL_Intros_2,03_BLopezHeadshot_BlackJersey,Skip,-,-,-,-,-,-,-,-,-,-,-,-,-,-,-,-,-,-,-
,,,,,,,,,,,,-,,,,,117_MIL_Intros_2,03_BLopezHeadshot_BlackJersey,Skip,-,-,-,-,-,-,-,-,-,-,-,-,-,-,-,-,-,-,-
,04_RLopezHeadshot_BlackJersey,,,,,,,,,,,-,,,,,117_MIL_Intros_2,04_RLopezHeadshot_BlackJersey,Skip,-,-,-,-,-,-,-,-,-,-,-,-,-,-,-,-,-,-,-
,05_ConnaughtonHeadshot_BlackJersey,,,,,,,,,,,-,,,,,117_MIL_Intros_2,05_ConnaughtonHeadshot_BlackJersey,Skip,-,-,-,-,-,-,-,-,-,-,-,-,-,-,-,-,-,-,-
,06_DiVincenzoHeadshot_BlackJersey,,,,,,,,,,,-,,,,,117_MIL_Intros_2,06_DiVincenzoHeadshot_BlackJersey,Skip,-,-,-,-,-,-,-,-,-,-,-,-,-,-,-,-,-,-,-
,07_BledsoeHeadshot_BlackJersey,,,,,,,,,,,-,,,,,117_MIL_Intros_2,07_BledsoeHeadshot_BlackJersey,Skip,-,-,-,-,-,-,-,-,-,-,-,-,-,-,-,-,-,-,-
,08_IlyasovaHeadshot_BlackJersey,,,,,,,,,,,-,,,,,117_MIL_Intros_2,08_IlyasovaHeadshot_BlackJersey,Skip,-,-,-,-,-,-,-,-,-,-,-,-,-,-,-,-,-,-,-
,09_MiddletonHeadshot_BlackJersey,,,,,,,,,,,-,,,,,117_MIL_Intros_2,09_MiddletonHeadshot_BlackJersey,Skip,-,-,-,-,-,-,-,-,-,-,-,-,-,-,-,-,-,-,-
,10_HillHeadshot_BlackJersey,,,,,,,,,,,-,,,,,117_MIL_Intros_2,10_HillHeadshot_BlackJersey,Skip,-,-,-,-,-,-,-,-,-,-,-,-,-,-,-,-,-,-,-
,11_KorverHeadshot_BlackJersey,,,,,,,,,,,-,,,,,117_MIL_Intros_2,11_KorverHeadshot_BlackJersey,Skip,-,-,-,-,-,-,-,-,-,-,-,-,-,-,-,-,-,-,-
,12_BrownHeadshot_BlackJersey,,,,,,,,,,,-,,,,,117_MIL_Intros_2,12_BrownHeadshot_BlackJersey,Skip,-,-,-,-,-,-,-,-,-,-,-,-,-,-,-,-,-,-,-
,13_WilsonHeadshot_BlackJersey,,,,,,,,,,,-,,,,,117_MIL_Intros_2,13_WilsonHeadshot_BlackJersey,Skip,-,-,-,-,-,-,-,-,-,-,-,-,-,-,-,-,-,-,-
,14_ThanasisHeadshot_BlackJersey,,,,,,,,,,,-,,,,,117_MIL_Intros_2,14_ThanasisHeadshot_BlackJersey,Skip,-,-,-,-,-,-,-,-,-,-,-,-,-,-,-,-,-,-,-
,15_WilliamsHeadshot_BlackJersey,,,,,,,,,,,-,,,,,117_MIL_Intros_2,15_WilliamsHeadshot_BlackJersey,Skip,-,-,-,-,-,-,-,-,-,-,-,-,-,-,-,-,-,-,-
,16_MasonHeadshot_BlackJersey,,,,,,,,,,,-,,,,,117_MIL_Intros_2,16_MasonHeadshot_BlackJersey,Skip,-,-,-,-,-,-,-,-,-,-,-,-,-,-,-,-,-,-,-
,17_ReynoldsHeadshot_BlackJersey,,,,,,,,,,,-,,,,,117_MIL_Intros_2,17_ReynoldsHeadshot_BlackJersey,Skip,-,-,-,-,-,-,-,-,-,-,-,-,-,-,-,-,-,-,-
118_MIL_Intros_3,,,,,,,,,,,,-,,,,,118_MIL_Intros_3,17_ReynoldsHeadshot_BlackJersey,Skip,-,-,-,-,-,-,-,-,-,-,-,-,-,-,-,-,-,-,-
119_MIL_CRN_ROTATE,00_BucksProShop,007_BucksProShop_CRN_v01.mov,1,,,119,007,014,CRN,0.03s,,-,,,,7/23/2020 12:37:27,119_MIL_CRN_ROTATE,00_BucksProShop,\119_MIL_CRN_ROTATE\00_BucksProShop\007_BucksProShop_CRN_v01.mov,-,nclc,nclc,34,18972928,3328,208,16.000,CFR,29.970,112897,-,-,-,-,-,-,-,-
,01_FearTheDeer,017_FTD_CRN_v01.mov,1,,,119,017,014,CRN,0.03s,,-,,,,7/23/2020 12:37:33,119_MIL_CRN_ROTATE,01_FearTheDeer,\119_MIL_CRN_ROTATE\01_FearTheDeer\017_FTD_CRN_v01.mov,-,nclc,nclc,34,11495533,3328,208,16.000,CFR,29.970,83510,-,-,-,-,-,-,-,-
,,,,,,,,,,,,-,,,,,119_MIL_CRN_ROTATE,01_FearTheDeer,Skip,-,-,-,-,-,-,-,-,-,-,-,-,-,-,-,-,-,-,-
,,,,,,,,,,,,-,,,,,119_MIL_CRN_ROTATE,01_FearTheDeer,Skip,-,-,-,-,-,-,-,-,-,-,-,-,-,-,-,-,-,-,-
,,,,,,,,,,,,-,,,,,119_MIL_CRN_ROTATE,01_FearTheDeer,Skip,-,-,-,-,-,-,-,-,-,-,-,-,-,-,-,-,-,-,-
,,,,,,,,,,,,-,,,,,119_MIL_CRN_ROTATE,01_FearTheDeer,Skip,-,-,-,-,-,-,-,-,-,-,-,-,-,-,-,-,-,-,-
,,,,,,,,,,,,-,,,,,119_MIL_CRN_ROTATE,01_FearTheDeer,Skip,-,-,-,-,-,-,-,-,-,-,-,-,-,-,-,-,-,-,-
,,,,,,,,,,,,-,,,,,119_MIL_CRN_ROTATE,01_FearTheDeer,Skip,-,-,-,-,-,-,-,-,-,-,-,-,-,-,-,-,-,-,-
,,,,,,,,,,,,-,,,,,119_MIL_CRN_ROTATE,01_FearTheDeer,Skip,-,-,-,-,-,-,-,-,-,-,-,-,-,-,-,-,-,-,-
,,,,,,,,,,,,-,,,,,119_MIL_CRN_ROTATE,01_FearTheDeer,Skip,-,-,-,-,-,-,-,-,-,-,-,-,-,-,-,-,-,-,-
,,,,,,,,,,,,-,,,,,119_MIL_CRN_ROTATE,01_FearTheDeer,Skip,-,-,-,-,-,-,-,-,-,-,-,-,-,-,-,-,-,-,-
,,,,,,,,,,,,-,,,,,119_MIL_CRN_ROTATE,01_FearTheDeer,Skip,-,-,-,-,-,-,-,-,-,-,-,-,-,-,-,-,-,-,-
,,,,,,,,,,,,-,,,,,119_MIL_CRN_ROTATE,01_FearTheDeer,Skip,-,-,-,-,-,-,-,-,-,-,-,-,-,-,-,-,-,-,-
,,,,,,,,,,,,-,,,,,119_MIL_CRN_ROTATE,01_FearTheDeer,Skip,-,-,-,-,-,-,-,-,-,-,-,-,-,-,-,-,-,-,-
,,,,,,,,,,,,-,,,,,119_MIL_CRN_ROTATE,01_FearTheDeer,Skip,-,-,-,-,-,-,-,-,-,-,-,-,-,-,-,-,-,-,-
,,,,,,,,,,,,-,,,,,119_MIL_CRN_ROTATE,01_FearTheDeer,Skip,-,-,-,-,-,-,-,-,-,-,-,-,-,-,-,-,-,-,-
,,,,,,,,,,,,-,,,,,119_MIL_CRN_ROTATE,01_FearTheDeer,Skip,-,-,-,-,-,-,-,-,-,-,-,-,-,-,-,-,-,-,-
,,,,,,,,,,,,-,,,,,119_MIL_CRN_ROTATE,01_FearTheDeer,Skip,-,-,-,-,-,-,-,-,-,-,-,-,-,-,-,-,-,-,-
,,,,,,,,,,,,-,,,,,119_MIL_CRN_ROTATE,01_FearTheDeer,Skip,-,-,-,-,-,-,-,-,-,-,-,-,-,-,-,-,-,-,-
,,,,,,,,,,,,-,,,,,119_MIL_CRN_ROTATE,01_FearTheDeer,Skip,-,-,-,-,-,-,-,-,-,-,-,-,-,-,-,-,-,-,-
,,,,,,,,,,,,-,,,,,119_MIL_CRN_ROTATE,01_FearTheDeer,Skip,-,-,-,-,-,-,-,-,-,-,-,-,-,-,-,-,-,-,-
,,,,,,,,,,,,-,,,,,119_MIL_CRN_ROTATE,01_FearTheDeer,Skip,-,-,-,-,-,-,-,-,-,-,-,-,-,-,-,-,-,-,-
,,,,,,,,,,,,-,,,,,119_MIL_CRN_ROTATE,01_FearTheDeer,Skip,-,-,-,-,-,-,-,-,-,-,-,-,-,-,-,-,-,-,-
,,,,,,,,,,,,-,,,,,119_MIL_CRN_ROTATE,01_FearTheDeer,Skip,-,-,-,-,-,-,-,-,-,-,-,-,-,-,-,-,-,-,-
,,,,,,,,,,,,-,,,,,119_MIL_CRN_ROTATE,01_FearTheDeer,Skip,-,-,-,-,-,-,-,-,-,-,-,-,-,-,-,-,-,-,-
,,,,,,,,,,,,-,,,,,119_MIL_CRN_ROTATE,01_FearTheDeer,Skip,-,-,-,-,-,-,-,-,-,-,-,-,-,-,-,-,-,-,-
,,,,,,,,,,,,-,,,,,119_MIL_CRN_ROTATE,01_FearTheDeer,Skip,-,-,-,-,-,-,-,-,-,-,-,-,-,-,-,-,-,-,-
,,,,,,,,,,,,-,,,,,119_MIL_CRN_ROTATE,01_FearTheDeer,Skip,-,-,-,-,-,-,-,-,-,-,-,-,-,-,-,-,-,-,-
,,,,,,,,,,,,-,,,,,119_MIL_CRN_ROTATE,01_FearTheDeer,Skip,-,-,-,-,-,-,-,-,-,-,-,-,-,-,-,-,-,-,-
,,,,,,,,,,,,-,,,,,119_MIL_CRN_ROTATE,01_FearTheDeer,Skip,-,-,-,-,-,-,-,-,-,-,-,-,-,-,-,-,-,-,-
,,,,,,,,,,,,-,,,,,119_MIL_CRN_ROTATE,01_FearTheDeer,Skip,-,-,-,-,-,-,-,-,-,-,-,-,-,-,-,-,-,-,-
,,,,,,,,,,,,-,,,,,119_MIL_CRN_ROTATE,01_FearTheDeer,Skip,-,-,-,-,-,-,-,-,-,-,-,-,-,-,-,-,-,-,-
,,,,,,,,,,,,-,,,,,119_MIL_CRN_ROTATE,01_FearTheDeer,Skip,-,-,-,-,-,-,-,-,-,-,-,-,-,-,-,-,-,-,-
,,,,,,,,,,,,-,,,,,119_MIL_CRN_ROTATE,01_FearTheDeer,Skip,-,-,-,-,-,-,-,-,-,-,-,-,-,-,-,-,-,-,-
,,,,,,,,,,,,-,,,,,119_MIL_CRN_ROTATE,01_FearTheDeer,Skip,-,-,-,-,-,-,-,-,-,-,-,-,-,-,-,-,-,-,-
,,,,,,,,,,,,-,,,,,119_MIL_CRN_ROTATE,01_FearTheDeer,Skip,-,-,-,-,-,-,-,-,-,-,-,-,-,-,-,-,-,-,-
,,,,,,,,,,,,-,,,,,119_MIL_CRN_ROTATE,01_FearTheDeer,Skip,-,-,-,-,-,-,-,-,-,-,-,-,-,-,-,-,-,-,-
,,,,,,,,,,,,-,,,,,119_MIL_CRN_ROTATE,01_FearTheDeer,Skip,-,-,-,-,-,-,-,-,-,-,-,-,-,-,-,-,-,-,-
,,,,,,,,,,,,-,,,,,119_MIL_CRN_ROTATE,01_FearTheDeer,Skip,-,-,-,-,-,-,-,-,-,-,-,-,-,-,-,-,-,-,-
,,,,,,,,,,,,-,,,,,119_MIL_CRN_ROTATE,01_FearTheDeer,Skip,-,-,-,-,-,-,-,-,-,-,-,-,-,-,-,-,-,-,-
,,,,,,,,,,,,-,,,,,119_MIL_CRN_ROTATE,01_FearTheDeer,Skip,-,-,-,-,-,-,-,-,-,-,-,-,-,-,-,-,-,-,-
,,,,,,,,,,,,-,,,,,119_MIL_CRN_ROTATE,01_FearTheDeer,Skip,-,-,-,-,-,-,-,-,-,-,-,-,-,-,-,-,-,-,-
,,,,,,,,,,,,-,,,,,119_MIL_CRN_ROTATE,01_FearTheDeer,Skip,-,-,-,-,-,-,-,-,-,-,-,-,-,-,-,-,-,-,-
,,,,,,,,,,,,-,,,,,119_MIL_CRN_ROTATE,01_FearTheDeer,Skip,-,-,-,-,-,-,-,-,-,-,-,-,-,-,-,-,-,-,-
,,,,,,,,,,,,-,,,,,119_MIL_CRN_ROTATE,01_FearTheDeer,Skip,-,-,-,-,-,-,-,-,-,-,-,-,-,-,-,-,-,-,-
,,,,,,,,,,,,-,,,,,119_MIL_CRN_ROTATE,01_FearTheDeer,Skip,-,-,-,-,-,-,-,-,-,-,-,-,-,-,-,-,-,-,-
,,,,,,,,,,,,-,,,,,119_MIL_CRN_ROTATE,01_FearTheDeer,Skip,-,-,-,-,-,-,-,-,-,-,-,-,-,-,-,-,-,-,-
,,,,,,,,,,,,-,,,,,119_MIL_CRN_ROTATE,01_FearTheDeer,Skip,-,-,-,-,-,-,-,-,-,-,-,-,-,-,-,-,-,-,-
,,,,,,,,,,,,-,,,,,119_MIL_CRN_ROTATE,01_FearTheDeer,Skip,-,-,-,-,-,-,-,-,-,-,-,-,-,-,-,-,-,-,-
,,,,,,,,,,,,-,,,,,119_MIL_CRN_ROTATE,01_FearTheDeer,Skip,-,-,-,-,-,-,-,-,-,-,-,-,-,-,-,-,-,-,-
,,,,,,,,,,,,-,,,,,119_MIL_CRN_ROTATE,01_FearTheDeer,Skip,-,-,-,-,-,-,-,-,-,-,-,-,-,-,-,-,-,-,-
,,,,,,,,,,,,-,,,,,119_MIL_CRN_ROTATE,01_FearTheDeer,Skip,-,-,-,-,-,-,-,-,-,-,-,-,-,-,-,-,-,-,-
,,,,,,,,,,,,-,,,,,119_MIL_CRN_ROTATE,01_FearTheDeer,Skip,-,-,-,-,-,-,-,-,-,-,-,-,-,-,-,-,-,-,-
,,,,,,,,,,,,-,,,,,119_MIL_CRN_ROTATE,01_FearTheDeer,Skip,-,-,-,-,-,-,-,-,-,-,-,-,-,-,-,-,-,-,-
,,,,,,,,,,,,-,,,,,119_MIL_CRN_ROTATE,01_FearTheDeer,Skip,-,-,-,-,-,-,-,-,-,-,-,-,-,-,-,-,-,-,-
,,,,,,,,,,,,-,,,,,119_MIL_CRN_ROTATE,01_FearTheDeer,Skip,-,-,-,-,-,-,-,-,-,-,-,-,-,-,-,-,-,-,-
,,,,,,,,,,,,-,,,,,119_MIL_CRN_ROTATE,01_FearTheDeer,Skip,-,-,-,-,-,-,-,-,-,-,-,-,-,-,-,-,-,-,-
,,,,,,,,,,,,-,,,,,119_MIL_CRN_ROTATE,01_FearTheDeer,Skip,-,-,-,-,-,-,-,-,-,-,-,-,-,-,-,-,-,-,-
,,,,,,,,,,,,-,,,,,119_MIL_CRN_ROTATE,01_FearTheDeer,Skip,-,-,-,-,-,-,-,-,-,-,-,-,-,-,-,-,-,-,-
,,,,,,,,,,,,-,,,,,119_MIL_CRN_ROTATE,01_FearTheDeer,Skip,-,-,-,-,-,-,-,-,-,-,-,-,-,-,-,-,-,-,-
,,,,,,,,,,,,-,,,,,119_MIL_CRN_ROTATE,01_FearTheDeer,Skip,-,-,-,-,-,-,-,-,-,-,-,-,-,-,-,-,-,-,-
,,,,,,,,,,,,-,,,,,119_MIL_CRN_ROTATE,01_FearTheDeer,Skip,-,-,-,-,-,-,-,-,-,-,-,-,-,-,-,-,-,-,-
,,,,,,,,,,,,-,,,,,119_MIL_CRN_ROTATE,01_FearTheDeer,Skip,-,-,-,-,-,-,-,-,-,-,-,-,-,-,-,-,-,-,-
,,,,,,,,,,,,-,,,,,119_MIL_CRN_ROTATE,01_FearTheDeer,Skip,-,-,-,-,-,-,-,-,-,-,-,-,-,-,-,-,-,-,-
,,,,,,,,,,,,-,,,,,119_MIL_CRN_ROTATE,01_FearTheDeer,Skip,-,-,-,-,-,-,-,-,-,-,-,-,-,-,-,-,-,-,-
,,,,,,,,,,,,-,,,,,119_MIL_CRN_ROTATE,01_FearTheDeer,Skip,-,-,-,-,-,-,-,-,-,-,-,-,-,-,-,-,-,-,-
,,,,,,,,,,,,-,,,,,119_MIL_CRN_ROTATE,01_FearTheDeer,Skip,-,-,-,-,-,-,-,-,-,-,-,-,-,-,-,-,-,-,-
,,,,,,,,,,,,-,,,,,119_MIL_CRN_ROTATE,01_FearTheDeer,Skip,-,-,-,-,-,-,-,-,-,-,-,-,-,-,-,-,-,-,-
,,,,,,,,,,,,-,,,,,119_MIL_CRN_ROTATE,01_FearTheDeer,Skip,-,-,-,-,-,-,-,-,-,-,-,-,-,-,-,-,-,-,-
,,,,,,,,,,,,-,,,,,119_MIL_CRN_ROTATE,01_FearTheDeer,Skip,-,-,-,-,-,-,-,-,-,-,-,-,-,-,-,-,-,-,-
,,,,,,,,,,,,-,,,,,119_MIL_CRN_ROTATE,01_FearTheDeer,Skip,-,-,-,-,-,-,-,-,-,-,-,-,-,-,-,-,-,-,-
,,,,,,,,,,,,-,,,,,119_MIL_CRN_ROTATE,01_FearTheDeer,Skip,-,-,-,-,-,-,-,-,-,-,-,-,-,-,-,-,-,-,-
,,,,,,,,,,,,-,,,,,119_MIL_CRN_ROTATE,01_FearTheDeer,Skip,-,-,-,-,-,-,-,-,-,-,-,-,-,-,-,-,-,-,-
,,,,,,,,,,,,-,,,,,119_MIL_CRN_ROTATE,01_FearTheDeer,Skip,-,-,-,-,-,-,-,-,-,-,-,-,-,-,-,-,-,-,-
,,,,,,,,,,,,-,,,,,119_MIL_CRN_ROTATE,01_FearTheDeer,Skip,-,-,-,-,-,-,-,-,-,-,-,-,-,-,-,-,-,-,-
,,,,,,,,,,,,-,,,,,119_MIL_CRN_ROTATE,01_FearTheDeer,Skip,-,-,-,-,-,-,-,-,-,-,-,-,-,-,-,-,-,-,-
,,,,,,,,,,,,-,,,,,119_MIL_CRN_ROTATE,01_FearTheDeer,Skip,-,-,-,-,-,-,-,-,-,-,-,-,-,-,-,-,-,-,-
,,,,,,,,,,,,-,,,,,119_MIL_CRN_ROTATE,01_FearTheDeer,Skip,-,-,-,-,-,-,-,-,-,-,-,-,-,-,-,-,-,-,-
,,,,,,,,,,,,-,,,,,119_MIL_CRN_ROTATE,01_FearTheDeer,Skip,-,-,-,-,-,-,-,-,-,-,-,-,-,-,-,-,-,-,-
,,,,,,,,,,,,-,,,,,119_MIL_CRN_ROTATE,01_FearTheDeer,Skip,-,-,-,-,-,-,-,-,-,-,-,-,-,-,-,-,-,-,-
,,,,,,,,,,,,-,,,,,119_MIL_CRN_ROTATE,01_FearTheDeer,Skip,-,-,-,-,-,-,-,-,-,-,-,-,-,-,-,-,-,-,-
,,,,,,,,,,,,-,,,,,119_MIL_CRN_ROTATE,01_FearTheDeer,Skip,-,-,-,-,-,-,-,-,-,-,-,-,-,-,-,-,-,-,-
,,,,,,,,,,,,-,,,,,119_MIL_CRN_ROTATE,01_FearTheDeer,Skip,-,-,-,-,-,-,-,-,-,-,-,-,-,-,-,-,-,-,-
,,,,,,,,,,,,-,,,,,119_MIL_CRN_ROTATE,01_FearTheDeer,Skip,-,-,-,-,-,-,-,-,-,-,-,-,-,-,-,-,-,-,-
,,,,,,,,,,,,-,,,,,119_MIL_CRN_ROTATE,01_FearTheDeer,Skip,-,-,-,-,-,-,-,-,-,-,-,-,-,-,-,-,-,-,-
,,,,,,,,,,,,-,,,,,119_MIL_CRN_ROTATE,01_FearTheDeer,Skip,-,-,-,-,-,-,-,-,-,-,-,-,-,-,-,-,-,-,-
,,,,,,,,,,,,-,,,,,119_MIL_CRN_ROTATE,01_FearTheDeer,Skip,-,-,-,-,-,-,-,-,-,-,-,-,-,-,-,-,-,-,-
,,,,,,,,,,,,-,,,,,119_MIL_CRN_ROTATE,01_FearTheDeer,Skip,-,-,-,-,-,-,-,-,-,-,-,-,-,-,-,-,-,-,-
,,,,,,,,,,,,-,,,,,119_MIL_CRN_ROTATE,01_FearTheDeer,Skip,-,-,-,-,-,-,-,-,-,-,-,-,-,-,-,-,-,-,-
,,,,,,,,,,,,-,,,,,119_MIL_CRN_ROTATE,01_FearTheDeer,Skip,-,-,-,-,-,-,-,-,-,-,-,-,-,-,-,-,-,-,-
,,,,,,,,,,,,-,,,,,119_MIL_CRN_ROTATE,01_FearTheDeer,Skip,-,-,-,-,-,-,-,-,-,-,-,-,-,-,-,-,-,-,-
,,,,,,,,,,,,-,,,,,119_MIL_CRN_ROTATE,01_FearTheDeer,Skip,-,-,-,-,-,-,-,-,-,-,-,-,-,-,-,-,-,-,-
,,,,,,,,,,,,-,,,,,119_MIL_CRN_ROTATE,01_FearTheDeer,Skip,-,-,-,-,-,-,-,-,-,-,-,-,-,-,-,-,-,-,-
,,,,,,,,,,,,-,,,,,119_MIL_CRN_ROTATE,01_FearTheDeer,Skip,-,-,-,-,-,-,-,-,-,-,-,-,-,-,-,-,-,-,-
,,,,,,,,,,,,-,,,,,119_MIL_CRN_ROTATE,01_FearTheDeer,Skip,-,-,-,-,-,-,-,-,-,-,-,-,-,-,-,-,-,-,-
,,,,,,,,,,,,-,,,,,119_MIL_CRN_ROTATE,01_FearTheDeer,Skip,-,-,-,-,-,-,-,-,-,-,-,-,-,-,-,-,-,-,-
,,,,,,,,,,,,-,,,,,119_MIL_CRN_ROTATE,01_FearTheDeer,Skip,-,-,-,-,-,-,-,-,-,-,-,-,-,-,-,-,-,-,-
,,,,,,,,,,,,-,,,,,119_MIL_CRN_ROTATE,01_FearTheDeer,Skip,-,-,-,-,-,-,-,-,-,-,-,-,-,-,-,-,-,-,-
,,,,,,,,,,,,-,,,,,119_MIL_CRN_ROTATE,01_FearTheDeer,Skip,-,-,-,-,-,-,-,-,-,-,-,-,-,-,-,-,-,-,-
,,,,,,,,,,,,-,,,,,119_MIL_CRN_ROTATE,01_FearTheDeer,Skip,-,-,-,-,-,-,-,-,-,-,-,-,-,-,-,-,-,-,-
,,,,,,,,,,,,-,,,,,119_MIL_CRN_ROTATE,01_FearTheDeer,Skip,-,-,-,-,-,-,-,-,-,-,-,-,-,-,-,-,-,-,-
,,,,,,,,,,,,-,,,,,119_MIL_CRN_ROTATE,01_FearTheDeer,Skip,-,-,-,-,-,-,-,-,-,-,-,-,-,-,-,-,-,-,-
,,,,,,,,,,,,-,,,,,119_MIL_CRN_ROTATE,01_FearTheDeer,Skip,-,-,-,-,-,-,-,-,-,-,-,-,-,-,-,-,-,-,-
,,,,,,,,,,,,-,,,,,119_MIL_CRN_ROTATE,01_FearTheDeer,Skip,-,-,-,-,-,-,-,-,-,-,-,-,-,-,-,-,-,-,-
,,,,,,,,,,,,-,,,,,119_MIL_CRN_ROTATE,01_FearTheDeer,Skip,-,-,-,-,-,-,-,-,-,-,-,-,-,-,-,-,-,-,-
,,,,,,,,,,,,-,,,,,119_MIL_CRN_ROTATE,01_FearTheDeer,Skip,-,-,-,-,-,-,-,-,-,-,-,-,-,-,-,-,-,-,-
,,,,,,,,,,,,-,,,,,119_MIL_CRN_ROTATE,01_FearTheDeer,Skip,-,-,-,-,-,-,-,-,-,-,-,-,-,-,-,-,-,-,-
,,,,,,,,,,,,-,,,,,119_MIL_CRN_ROTATE,01_FearTheDeer,Skip,-,-,-,-,-,-,-,-,-,-,-,-,-,-,-,-,-,-,-
,,,,,,,,,,,,-,,,,,119_MIL_CRN_ROTATE,01_FearTheDeer,Skip,-,-,-,-,-,-,-,-,-,-,-,-,-,-,-,-,-,-,-
,,,,,,,,,,,,-,,,,,119_MIL_CRN_ROTATE,01_FearTheDeer,Skip,-,-,-,-,-,-,-,-,-,-,-,-,-,-,-,-,-,-,-
,,,,,,,,,,,,-,,,,,119_MIL_CRN_ROTATE,01_FearTheDeer,Skip,-,-,-,-,-,-,-,-,-,-,-,-,-,-,-,-,-,-,-
,,,,,,,,,,,,-,,,,,119_MIL_CRN_ROTATE,01_FearTheDeer,Skip,-,-,-,-,-,-,-,-,-,-,-,-,-,-,-,-,-,-,-
,,,,,,,,,,,,-,,,,,119_MIL_CRN_ROTATE,01_FearTheDeer,Skip,-,-,-,-,-,-,-,-,-,-,-,-,-,-,-,-,-,-,-
,,,,,,,,,,,,-,,,,,119_MIL_CRN_ROTATE,01_FearTheDeer,Skip,-,-,-,-,-,-,-,-,-,-,-,-,-,-,-,-,-,-,-
,,,,,,,,,,,,-,,,,,119_MIL_CRN_ROTATE,01_FearTheDeer,Skip,-,-,-,-,-,-,-,-,-,-,-,-,-,-,-,-,-,-,-
,,,,,,,,,,,,-,,,,,119_MIL_CRN_ROTATE,01_FearTheDeer,Skip,-,-,-,-,-,-,-,-,-,-,-,-,-,-,-,-,-,-,-
,,,,,,,,,,,,-,,,,,119_MIL_CRN_ROTATE,01_FearTheDeer,Skip,-,-,-,-,-,-,-,-,-,-,-,-,-,-,-,-,-,-,-
,,,,,,,,,,,,-,,,,,119_MIL_CRN_ROTATE,01_FearTheDeer,Skip,-,-,-,-,-,-,-,-,-,-,-,-,-,-,-,-,-,-,-
,,,,,,,,,,,,-,,,,,119_MIL_CRN_ROTATE,01_FearTheDeer,Skip,-,-,-,-,-,-,-,-,-,-,-,-,-,-,-,-,-,-,-
,,,,,,,,,,,,-,,,,,119_MIL_CRN_ROTATE,01_FearTheDeer,Skip,-,-,-,-,-,-,-,-,-,-,-,-,-,-,-,-,-,-,-
,,,,,,,,,,,,-,,,,,119_MIL_CRN_ROTATE,01_FearTheDeer,Skip,-,-,-,-,-,-,-,-,-,-,-,-,-,-,-,-,-,-,-
,,,,,,,,,,,,-,,,,,119_MIL_CRN_ROTATE,01_FearTheDeer,Skip,-,-,-,-,-,-,-,-,-,-,-,-,-,-,-,-,-,-,-
,,,,,,,,,,,,-,,,,,119_MIL_CRN_ROTATE,01_FearTheDeer,Skip,-,-,-,-,-,-,-,-,-,-,-,-,-,-,-,-,-,-,-
,,,,,,,,,,,,-,,,,,119_MIL_CRN_ROTATE,01_FearTheDeer,Skip,-,-,-,-,-,-,-,-,-,-,-,-,-,-,-,-,-,-,-
,,,,,,,,,,,,-,,,,,119_MIL_CRN_ROTATE,01_FearTheDeer,Skip,-,-,-,-,-,-,-,-,-,-,-,-,-,-,-,-,-,-,-
,,,,,,,,,,,,-,,,,,119_MIL_CRN_ROTATE,01_FearTheDeer,Skip,-,-,-,-,-,-,-,-,-,-,-,-,-,-,-,-,-,-,-
,,,,,,,,,,,,-,,,,,119_MIL_CRN_ROTATE,01_FearTheDeer,Skip,-,-,-,-,-,-,-,-,-,-,-,-,-,-,-,-,-,-,-
,,,,,,,,,,,,-,,,,,119_MIL_CRN_ROTATE,01_FearTheDeer,Skip,-,-,-,-,-,-,-,-,-,-,-,-,-,-,-,-,-,-,-
,,,,,,,,,,,,-,,,,,119_MIL_CRN_ROTATE,01_FearTheDeer,Skip,-,-,-,-,-,-,-,-,-,-,-,-,-,-,-,-,-,-,-
,,,,,,,,,,,,-,,,,,119_MIL_CRN_ROTATE,01_FearTheDeer,Skip,-,-,-,-,-,-,-,-,-,-,-,-,-,-,-,-,-,-,-
,,,,,,,,,,,,-,,,,,119_MIL_CRN_ROTATE,01_FearTheDeer,Skip,-,-,-,-,-,-,-,-,-,-,-,-,-,-,-,-,-,-,-
,,,,,,,,,,,,-,,,,,119_MIL_CRN_ROTATE,01_FearTheDeer,Skip,-,-,-,-,-,-,-,-,-,-,-,-,-,-,-,-,-,-,-
,,,,,,,,,,,,-,,,,,119_MIL_CRN_ROTATE,01_FearTheDeer,Skip,-,-,-,-,-,-,-,-,-,-,-,-,-,-,-,-,-,-,-
,,,,,,,,,,,,-,,,,,119_MIL_CRN_ROTATE,01_FearTheDeer,Skip,-,-,-,-,-,-,-,-,-,-,-,-,-,-,-,-,-,-,-
,,,,,,,,,,,,-,,,,,119_MIL_CRN_ROTATE,01_FearTheDeer,Skip,-,-,-,-,-,-,-,-,-,-,-,-,-,-,-,-,-,-,-
,,,,,,,,,,,,-,,,,,119_MIL_CRN_ROTATE,01_FearTheDeer,Skip,-,-,-,-,-,-,-,-,-,-,-,-,-,-,-,-,-,-,-
,,,,,,,,,,,,-,,,,,119_MIL_CRN_ROTATE,01_FearTheDeer,Skip,-,-,-,-,-,-,-,-,-,-,-,-,-,-,-,-,-,-,-
,,,,,,,,,,,,-,,,,,119_MIL_CRN_ROTATE,01_FearTheDeer,Skip,-,-,-,-,-,-,-,-,-,-,-,-,-,-,-,-,-,-,-
,,,,,,,,,,,,-,,,,,119_MIL_CRN_ROTATE,01_FearTheDeer,Skip,-,-,-,-,-,-,-,-,-,-,-,-,-,-,-,-,-,-,-
,,,,,,,,,,,,-,,,,,119_MIL_CRN_ROTATE,01_FearTheDeer,Skip,-,-,-,-,-,-,-,-,-,-,-,-,-,-,-,-,-,-,-
,,,,,,,,,,,,-,,,,,119_MIL_CRN_ROTATE,01_FearTheDeer,Skip,-,-,-,-,-,-,-,-,-,-,-,-,-,-,-,-,-,-,-
,,,,,,,,,,,,-,,,,,119_MIL_CRN_ROTATE,01_FearTheDeer,Skip,-,-,-,-,-,-,-,-,-,-,-,-,-,-,-,-,-,-,-
,,,,,,,,,,,,-,,,,,119_MIL_CRN_ROTATE,01_FearTheDeer,Skip,-,-,-,-,-,-,-,-,-,-,-,-,-,-,-,-,-,-,-
,,,,,,,,,,,,-,,,,,119_MIL_CRN_ROTATE,01_FearTheDeer,Skip,-,-,-,-,-,-,-,-,-,-,-,-,-,-,-,-,-,-,-