OKLAHOMA CITY THUNDER Media Delivery,,SYNC ACTIVE,CONTENT ERRORS,,FUSE PROGRAMMER,,,PROGRAMMING IN PROGRESS,,,HUD,,,,RETURN TO INDEX,,,,,,,,,,,,,,,,,,,,,,,
CATEGORY,LOOK IDENTIFIER #,File Name,File Version, Content Notes,Version,Bank,Slot ,Mapping #,"Mapping 
Code",File Length,Play Mode,Error Flag,Midi Button,Kerstin Notes,General/Show Call Notes,Upversioned Date,Folder,Look,File Path,Error Flag,Format,Codec_ID,Duration,Bit Rate,Width,Height,Aspect Ratio,Frame Rate Mode,Frame Rate,Stream Size,"Audio For,at",Audio Format/Settings,Audio Codec ID,Audio Duration,Audio Channels,Audio Channel Layout,Audio Sampling Rate,Audio Bit Depth
,,,,,,,,,,,,,,,,,,,,,,,,,,,,,,,,,,,,,,
130_OKC_PCC,00_3_Pointer,001_3PTClean_AUD_F_v01.mov,1,,1,130,001,001,AUD_F,10s,,-,43,,,,130_OKC_PCC,00_3_Pointer,\130_OKC_PCC\00_3_Pointer\001_3PTClean_AUD_F_v01.mov,-,nclc,nclc,10010,2915859422,10160,1600,6.350,CFR,29.970,3650496966,PCM,Little / Signed,sowt,10010,2,L R,44100,16
,,004_3PTClean_RIB_F_v02.mov,1,,1,130,004,010,RIB_F,10s,,-,43,,,,130_OKC_PCC,00_3_Pointer,\130_OKC_PCC\00_3_Pointer\004_3PTClean_RIB_F_v02.mov,-,nclc,nclc,10010,334357565,9504,144,66.000,CFR,29.970,420454447,PCM,Little / Signed,sowt,10010,2,L R,44100,16
,,008_3PTClean_SCB_v01.mov,1,,1,130,008,017,SCB,10s,,-,43,,,,130_OKC_PCC,00_3_Pointer,\130_OKC_PCC\00_3_Pointer\008_3PTClean_SCB_v01.mov,-,nclc,nclc,10010,520899984,1920,1080,1.778,CFR,29.970,653680831,PCM,Little / Signed,sowt,10010,2,L R,44100,16
,01_3PT_Glitchy,011_3PTGlitchy_AUD_F_v01.mov,1,,1,130,011,001,AUD_F,2.03s,,-,44,,,,130_OKC_PCC,01_3PT_Glitchy,\130_OKC_PCC\01_3PT_Glitchy\011_3PTGlitchy_AUD_F_v01.mov,-,nclc,nclc,2036,1832864289,10160,1600,6.350,CFR,29.970,466858456,PCM,Little / Signed,sowt,2036,2,L R,44100,16
,,014_3PTGlitchy_RIB_F_v02.mov,1,,1,130,014,010,RIB_F,2.03s,,-,44,,,,130_OKC_PCC,01_3PT_Glitchy,\130_OKC_PCC\01_3PT_Glitchy\014_3PTGlitchy_RIB_F_v02.mov,-,nclc,nclc,2036,190195881,9504,144,66.000,CFR,29.970,49112235,PCM,Little / Signed,sowt,2036,2,L R,44100,16
,,018_3PTGlitchy_SCB_v01.mov,1,,1,130,018,017,SCB,2.03s,,-,44,,,,130_OKC_PCC,01_3PT_Glitchy,\130_OKC_PCC\01_3PT_Glitchy\018_3PTGlitchy_SCB_v01.mov,-,nclc,nclc,2036,330963843,1920,1080,1.778,CFR,29.970,84688213,PCM,Little / Signed,sowt,2036,2,L R,44100,16
,02_GreatPlay_Clean,021_GreatPlayClean_AUD_F_v01.mov,1,,1,130,021,001,AUD_F,10s,,-,19,,,,130_OKC_PCC,02_GreatPlay_Clean,\130_OKC_PCC\02_GreatPlay_Clean\021_GreatPlayClean_AUD_F_v01.mov,-,nclc,nclc,10010,2871019591,10160,1600,6.350,CFR,29.970,3594391088,PCM,Little / Signed,sowt,10010,2,L R,44100,16
,,024_GreatPlayClean_RIB_F_v02.mov,1,,1,130,024,010,RIB_F,10s,,-,19,,,,130_OKC_PCC,02_GreatPlay_Clean,\130_OKC_PCC\02_GreatPlay_Clean\024_GreatPlayClean_RIB_F_v02.mov,-,nclc,nclc,10010,333756179,9504,144,66.000,CFR,29.970,419701965,PCM,Little / Signed,sowt,10010,2,L R,44100,16
,,028_GreatPlayClean_SCB_v01.mov,1,,1,130,028,017,SCB,10s,,-,19,,,,130_OKC_PCC,02_GreatPlay_Clean,\130_OKC_PCC\02_GreatPlay_Clean\028_GreatPlayClean_SCB_v01.mov,-,nclc,nclc,10010,517738728,1920,1080,1.778,CFR,29.970,649725307,PCM,Little / Signed,sowt,10010,2,L R,44100,16
,03_GreatPlay_Glitchy,031_GreatPlayGlitchy_AUD_F_v01.mov,1,,1,130,031,001,AUD_F,2.03s,,-,,,,,130_OKC_PCC,03_GreatPlay_Glitchy,\130_OKC_PCC\03_GreatPlay_Glitchy\031_GreatPlayGlitchy_AUD_F_v01.mov,-,nclc,nclc,2036,1857036825,10160,1600,6.350,CFR,29.970,473008461,PCM,Little / Signed,sowt,2036,2,L R,44100,16
,,034_GreatPlayGlitchy_RIB_F_v02.mov,1,,1,130,034,010,RIB_F,2.03s,,-,,,,,130_OKC_PCC,03_GreatPlay_Glitchy,\130_OKC_PCC\03_GreatPlay_Glitchy\034_GreatPlayGlitchy_RIB_F_v02.mov,-,nclc,nclc,2036,194097771,9504,144,66.000,CFR,29.970,50104960,PCM,Little / Signed,sowt,2036,2,L R,44100,16
,,038_GreatPlayGlitchy_SCB_v01.mov,1,,1,130,038,017,SCB,2.03s,,-,,,,,130_OKC_PCC,03_GreatPlay_Glitchy,\130_OKC_PCC\03_GreatPlay_Glitchy\038_GreatPlayGlitchy_SCB_v01.mov,-,nclc,nclc,2036,331667500,1920,1080,1.778,CFR,29.970,84867240,PCM,Little / Signed,sowt,2036,2,L R,44100,16
,04_ItsGood_Clean,041_ItsGoodClean_AUD_F_v01.mov,1,,1,130,041,001,AUD_F,10s,,-,20,,,,130_OKC_PCC,04_ItsGood_Clean,\130_OKC_PCC\04_ItsGood_Clean\041_ItsGoodClean_AUD_F_v01.mov,-,nclc,nclc,10010,2955800276,10160,1600,6.350,CFR,29.970,3700473028,PCM,Little / Signed,sowt,10010,2,L R,44100,16
,,044_ItsGoodClean_RIB_F_v02.mov,1,,1,130,044,010,RIB_F,10s,,-,20,,,,130_OKC_PCC,04_ItsGood_Clean,\130_OKC_PCC\04_ItsGood_Clean\044_ItsGoodClean_RIB_F_v02.mov,-,nclc,nclc,10010,336299008,9504,144,66.000,CFR,29.970,422883685,PCM,Little / Signed,sowt,10010,2,L R,44100,16
,,048_ItsGoodClean_SCB_v01.mov,1,,1,130,048,017,SCB,10s,,-,20,,,,130_OKC_PCC,04_ItsGood_Clean,\130_OKC_PCC\04_ItsGood_Clean\048_ItsGoodClean_SCB_v01.mov,-,nclc,nclc,10010,524173271,1920,1080,1.778,CFR,29.970,657776539,PCM,Little / Signed,sowt,10010,2,L R,44100,16
,05_ItsGood_Glitchy,051_ItsGoodGlitchy_AUD_F_v01.mov,1,,1,130,051,001,AUD_F,2.03s,,-,,,,,130_OKC_PCC,05_ItsGood_Glitchy,\130_OKC_PCC\05_ItsGood_Glitchy\051_ItsGoodGlitchy_AUD_F_v01.mov,-,nclc,nclc,2036,1851194428,10160,1600,6.350,CFR,29.970,471522034,PCM,Little / Signed,sowt,2036,2,L R,44100,16
,,054_ItsGoodGlitchy_RIB_F_v02.mov,1,,1,130,054,010,RIB_F,2.03s,,-,,,,,130_OKC_PCC,05_ItsGood_Glitchy,\130_OKC_PCC\05_ItsGood_Glitchy\054_ItsGoodGlitchy_RIB_F_v02.mov,-,nclc,nclc,2036,190839987,9504,144,66.000,CFR,29.970,49276113,PCM,Little / Signed,sowt,2036,2,L R,44100,16
,,058_ItsGoodGlitchy_SCB_v01.mov,1,,1,130,058,017,SCB,2.03s,,-,,,,,130_OKC_PCC,05_ItsGood_Glitchy,\130_OKC_PCC\05_ItsGood_Glitchy\058_ItsGoodGlitchy_SCB_v01.mov,-,nclc,nclc,2036,332759925,1920,1080,1.778,CFR,29.970,85145178,PCM,Little / Signed,sowt,2036,2,L R,44100,16
,06_JumpBall_Clean,061_JumpBallClean_AUD_F_v01.mov,1,,1,130,061,001,AUD_F,10s,,-,21,,Only for In-Game jump ball. NOT for tip ,,130_OKC_PCC,06_JumpBall_Clean,\130_OKC_PCC\06_JumpBall_Clean\061_JumpBallClean_AUD_F_v01.mov,-,nclc,nclc,10010,2915864141,10160,1600,6.350,CFR,29.970,3650502885,PCM,Little / Signed,sowt,10010,2,L R,44100,16
,,064_JumpBallClean_RIB_F_v02.mov,1,,1,130,064,010,RIB_F,10s,,-,21,,,,130_OKC_PCC,06_JumpBall_Clean,\130_OKC_PCC\06_JumpBall_Clean\064_JumpBallClean_RIB_F_v02.mov,-,nclc,nclc,10010,334944056,9504,144,66.000,CFR,29.970,421188295,PCM,Little / Signed,sowt,10010,2,L R,44100,16
,,068_JumpBallClean_SCB_v01.mov,1,,1,130,068,017,SCB,10s,,-,21,,,,130_OKC_PCC,06_JumpBall_Clean,\130_OKC_PCC\06_JumpBall_Clean\068_JumpBallClean_SCB_v01.mov,-,nclc,nclc,10010,520960134,1920,1080,1.778,CFR,29.970,653756093,PCM,Little / Signed,sowt,10010,2,L R,44100,16
,07_JumpBall_Glitchy,071_JumpBallGlitchy_AUD_F_v01.mov,1,,1,130,071,001,AUD_F,2.03s,,-,,,,,130_OKC_PCC,07_JumpBall_Glitchy,\130_OKC_PCC\07_JumpBall_Glitchy\071_JumpBallGlitchy_AUD_F_v01.mov,-,nclc,nclc,2036,1834895221,10160,1600,6.350,CFR,29.970,467375168,PCM,Little / Signed,sowt,2036,2,L R,44100,16
,,074_JumpBallGlitchy_RIB_F_v02.mov,1,,1,130,074,010,RIB_F,2.03s,,-,,,,,130_OKC_PCC,07_JumpBall_Glitchy,\130_OKC_PCC\07_JumpBall_Glitchy\074_JumpBallGlitchy_RIB_F_v02.mov,-,nclc,nclc,2036,191288444,9504,144,66.000,CFR,29.970,49390206,PCM,Little / Signed,sowt,2036,2,L R,44100,16
,,078_JumpBallGlitchy_SCB_v01.mov,1,,1,130,078,017,SCB,2.03s,,-,,,,,130_OKC_PCC,07_JumpBall_Glitchy,\130_OKC_PCC\07_JumpBall_Glitchy\078_JumpBallGlitchy_SCB_v01.mov,-,nclc,nclc,2036,331530117,1920,1080,1.778,CFR,29.970,84832285,PCM,Little / Signed,sowt,2036,2,L R,44100,16
,08_MoneyBall_Clean,081_MoneyBallClean_AUD_F_v01.mov,1,,1,130,081,001,AUD_F,10s,,-,42,,For 3's. Rotate between this and 3 pointer ,,130_OKC_PCC,08_MoneyBall_Clean,\130_OKC_PCC\08_MoneyBall_Clean\081_MoneyBallClean_AUD_F_v01.mov,-,nclc,nclc,10010,2902072133,10160,1600,6.350,CFR,29.970,3633245620,PCM,Little / Signed,sowt,10010,2,L R,44100,16
,,084_MoneyBallClean_RIB_F_v02.mov,1,,1,130,084,010,RIB_F,10s,,-,42,,,,130_OKC_PCC,08_MoneyBall_Clean,\130_OKC_PCC\08_MoneyBall_Clean\084_MoneyBallClean_RIB_F_v02.mov,-,nclc,nclc,10010,333217235,9504,144,66.000,CFR,29.970,419027610,PCM,Little / Signed,sowt,10010,2,L R,44100,16
,,088_MoneyBallClean_SCB_v01.mov,1,,1,130,088,017,SCB,10s,,-,42,,,,130_OKC_PCC,08_MoneyBall_Clean,\130_OKC_PCC\08_MoneyBall_Clean\088_MoneyBallClean_SCB_v01.mov,-,nclc,nclc,10010,520338441,1920,1080,1.778,CFR,29.970,652978202,PCM,Little / Signed,sowt,10010,2,L R,44100,16
,09_MoneyBall_Glitchy,091_MoneyBallGlitchy_AUD_F_v01.mov,1,,1,130,091,001,AUD_F,2.03s,,-,,,,,130_OKC_PCC,09_MoneyBall_Glitchy,\130_OKC_PCC\09_MoneyBall_Glitchy\091_MoneyBallGlitchy_AUD_F_v01.mov,-,nclc,nclc,2036,1848251606,10160,1600,6.350,CFR,29.970,470773316,PCM,Little / Signed,sowt,2036,2,L R,44100,16
,,094_MoneyBallGlitchy_RIB_F_v02.mov,1,,1,130,094,010,RIB_F,2.03s,,-,,,,,130_OKC_PCC,09_MoneyBall_Glitchy,\130_OKC_PCC\09_MoneyBall_Glitchy\094_MoneyBallGlitchy_RIB_F_v02.mov,-,nclc,nclc,2036,196661198,9504,144,66.000,CFR,29.970,50757114,PCM,Little / Signed,sowt,2036,2,L R,44100,16
,,098_MoneyBallGlitchy_SCB_v01.mov,1,,1,130,098,017,SCB,2.03s,,-,,,,,130_OKC_PCC,09_MoneyBall_Glitchy,\130_OKC_PCC\09_MoneyBall_Glitchy\098_MoneyBallGlitchy_SCB_v01.mov,-,nclc,nclc,2036,332319957,1920,1080,1.778,CFR,29.970,85033239,PCM,Little / Signed,sowt,2036,2,L R,44100,16
130_OKC_PCC,10_NiceHustle_Clean,101_NiceHustleClean_AUD_F_v01.mov,1,,1,130,101,001,AUD_F,10s,,-,22,,,,130_OKC_PCC,10_NiceHustle_Clean,\130_OKC_PCC\10_NiceHustle_Clean\101_NiceHustleClean_AUD_F_v01.mov,-,nclc,nclc,10010,2891163020,10160,1600,6.350,CFR,29.970,3619595580,PCM,Little / Signed,sowt,10010,2,L R,44100,16
,,104_NiceHustleClean_RIB_F_v02.mov,1,,1,130,104,010,RIB_F,10s,,-,22,,,,130_OKC_PCC,10_NiceHustle_Clean,\130_OKC_PCC\10_NiceHustle_Clean\104_NiceHustleClean_RIB_F_v02.mov,-,nclc,nclc,10010,332765251,9504,144,66.000,CFR,29.970,418462067,PCM,Little / Signed,sowt,10010,2,L R,44100,16
,,108_NiceHustleClean_SCB_v01.mov,1,,1,130,108,017,SCB,10s,,-,22,,,,130_OKC_PCC,10_NiceHustle_Clean,\130_OKC_PCC\10_NiceHustle_Clean\108_NiceHustleClean_SCB_v01.mov,-,nclc,nclc,10010,519455619,1920,1080,1.778,CFR,29.970,651873571,PCM,Little / Signed,sowt,10010,2,L R,44100,16
,11_NiceHustle_Glitchy,111_NiceHustleGlitchy_AUD_F_v01.mov,1,,1,130,111,001,AUD_F,2.03s,,-,,,,,130_OKC_PCC,11_NiceHustle_Glitchy,\130_OKC_PCC\11_NiceHustle_Glitchy\111_NiceHustleGlitchy_AUD_F_v01.mov,-,nclc,nclc,2036,1865975600,10160,1600,6.350,CFR,29.970,475282676,PCM,Little / Signed,sowt,2036,2,L R,44100,16
,,114_NiceHustleGlitchy_RIB_F_v02.mov,1,,1,130,114,010,RIB_F,2.03s,,-,,,,,130_OKC_PCC,11_NiceHustle_Glitchy,\130_OKC_PCC\11_NiceHustle_Glitchy\114_NiceHustleGlitchy_RIB_F_v02.mov,-,nclc,nclc,2036,197475392,9504,144,66.000,CFR,29.970,50964300,PCM,Little / Signed,sowt,2036,2,L R,44100,16
,,118_NiceHustleGlitchy_SCB_v01.mov,1,,1,130,118,017,SCB,2.03s,,-,,,,,130_OKC_PCC,11_NiceHustle_Glitchy,\130_OKC_PCC\11_NiceHustle_Glitchy\118_NiceHustleGlitchy_SCB_v01.mov,-,nclc,nclc,2036,332874420,1920,1080,1.778,CFR,29.970,85174308,PCM,Little / Signed,sowt,2036,2,L R,44100,16
,12_NicePass_Clean,121_NicePassClean_AUD_F_v01.mov,1,,1,130,121,001,AUD_F,10s,,-,23,,,,130_OKC_PCC,12_NicePass_Clean,\130_OKC_PCC\12_NicePass_Clean\121_NicePassClean_AUD_F_v01.mov,-,nclc,nclc,10010,2927475063,10160,1600,6.350,CFR,29.970,3665031065,PCM,Little / Signed,sowt,10010,2,L R,44100,16
,,124_NicePassClean_RIB_F_v02.mov,1,,1,130,124,010,RIB_F,10s,,-,23,,,,130_OKC_PCC,12_NicePass_Clean,\130_OKC_PCC\12_NicePass_Clean\124_NicePassClean_RIB_F_v02.mov,-,nclc,nclc,10010,334630444,9504,144,66.000,CFR,29.970,420795888,PCM,Little / Signed,sowt,10010,2,L R,44100,16
,,128_NicePassClean_SCB_v01.mov,1,,1,130,128,017,SCB,10s,,-,23,,,,130_OKC_PCC,12_NicePass_Clean,\130_OKC_PCC\12_NicePass_Clean\128_NicePassClean_SCB_v01.mov,-,nclc,nclc,10010,522092457,1920,1080,1.778,CFR,29.970,655172914,PCM,Little / Signed,sowt,10010,2,L R,44100,16
,13_NicePass_Glitchy,131_NicePassGlitchy_AUD_F_v01.mov,1,,1,130,131,001,AUD_F,2.03s,,-,,,,,130_OKC_PCC,13_NicePass_Glitchy,\130_OKC_PCC\13_NicePass_Glitchy\131_NicePassGlitchy_AUD_F_v01.mov,-,nclc,nclc,2036,1832811632,10160,1600,6.350,CFR,29.970,466845059,PCM,Little / Signed,sowt,2036,2,L R,44100,16
,,134_NicePassGlitchy_RIB_F_v02.mov,1,,1,130,134,010,RIB_F,2.03s,,-,,,,,130_OKC_PCC,13_NicePass_Glitchy,\130_OKC_PCC\13_NicePass_Glitchy\134_NicePassGlitchy_RIB_F_v02.mov,-,nclc,nclc,2036,190478020,9504,144,66.000,CFR,29.970,49184017,PCM,Little / Signed,sowt,2036,2,L R,44100,16
,,138_NicePassGlitchy_SCB_v01.mov,1,,1,130,138,017,SCB,2.03s,,-,,,,,130_OKC_PCC,13_NicePass_Glitchy,\130_OKC_PCC\13_NicePass_Glitchy\138_NicePassGlitchy_SCB_v01.mov,-,nclc,nclc,2036,331490081,1920,1080,1.778,CFR,29.970,84822099,PCM,Little / Signed,sowt,2036,2,L R,44100,16
,15_Swish_Glitchy,151_SwishGlitchy_AUD_F_v01.mov,1,,1,130,151,001,AUD_F,2.03s,,-,24,,Only have glitchy ,,130_OKC_PCC,15_Swish_Glitchy,\130_OKC_PCC\15_Swish_Glitchy\151_SwishGlitchy_AUD_F_v01.mov,-,nclc,nclc,2036,1771275990,10160,1600,6.350,CFR,29.970,451189086,PCM,Little / Signed,sowt,2036,2,L R,44100,16
,,154_SwishGlitchy_RIB_F_v01.mov,1,,1,130,154,010,RIB_F,2.03s,,-,24,,,,130_OKC_PCC,15_Swish_Glitchy,\130_OKC_PCC\15_Swish_Glitchy\154_SwishGlitchy_RIB_F_v01.mov,-,nclc,nclc,2036,197582592,9504,144,66.000,CFR,29.970,50990028,PCM,Little / Signed,sowt,2036,2,L R,44100,16
,,158_SwishGlitchy_SCB_v01.mov,1,,1,130,158,017,SCB,2.03s,,-,24,,,,130_OKC_PCC,15_Swish_Glitchy,\130_OKC_PCC\15_Swish_Glitchy\158_SwishGlitchy_SCB_v01.mov,-,nclc,nclc,2036,330160435,1920,1080,1.778,CFR,29.970,84483801,PCM,Little / Signed,sowt,2036,2,L R,44100,16
,17_WhatAPlay_Glitchy,171_WhatAPlay_Glitchy_AUD_F_v01.mov,1,,1,130,171,001,AUD_F,2.03s,,-,25,,,,130_OKC_PCC,17_WhatAPlay_Glitchy,\130_OKC_PCC\17_WhatAPlay_Glitchy\171_WhatAPlay_Glitchy_AUD_F_v01.mov,-,nclc,nclc,2036,1846001549,10160,1600,6.350,CFR,29.970,470200856,PCM,Little / Signed,sowt,2036,2,L R,44100,16
,,174_WhatAPlay_Glitchy_RIB_F_v02.mov,1,,1,130,174,010,RIB_F,2.03s,,-,25,,,,130_OKC_PCC,17_WhatAPlay_Glitchy,\130_OKC_PCC\17_WhatAPlay_Glitchy\174_WhatAPlay_Glitchy_RIB_F_v02.mov,-,nclc,nclc,2036,197751874,9504,144,66.000,CFR,29.970,51034643,PCM,Little / Signed,sowt,2036,2,L R,44100,16
,,178_WhatAPlay_Glitchy_SCB_v01.mov,1,,1,130,178,017,SCB,2.03s,,-,25,,,,130_OKC_PCC,17_WhatAPlay_Glitchy,\130_OKC_PCC\17_WhatAPlay_Glitchy\178_WhatAPlay_Glitchy_SCB_v01.mov,-,nclc,nclc,2036,333099476,1920,1080,1.778,CFR,29.970,85231567,PCM,Little / Signed,sowt,2036,2,L R,44100,16
,19_WhatASlam_Glitchy,191_WhatASlam_Glitchy_AUD_F_v01.mov,1,,1,130,191,001,AUD_F,2.03s,,-,41,,,,130_OKC_PCC,19_WhatASlam_Glitchy,\130_OKC_PCC\19_WhatASlam_Glitchy\191_WhatASlam_Glitchy_AUD_F_v01.mov,-,nclc,nclc,2036,1850540099,10160,1600,6.350,CFR,29.970,471355559,PCM,Little / Signed,sowt,2036,2,L R,44100,16
,,194_WhatASlam_Glitchy_RIB_F_v02.mov,1,,1,130,194,010,RIB_F,2.03s,,-,41,,,,130_OKC_PCC,19_WhatASlam_Glitchy,\130_OKC_PCC\19_WhatASlam_Glitchy\194_WhatASlam_Glitchy_RIB_F_v02.mov,-,nclc,nclc,2036,199079115,9504,144,66.000,CFR,29.970,51372321,PCM,Little / Signed,sowt,2036,2,L R,44100,16
,,198_WhatASlam_Glitchy_SCB_v01.mov,1,,1,130,198,017,SCB,2.03s,,-,41,,,,130_OKC_PCC,19_WhatASlam_Glitchy,\130_OKC_PCC\19_WhatASlam_Glitchy\198_WhatASlam_Glitchy_SCB_v01.mov,-,nclc,nclc,2036,333109530,1920,1080,1.778,CFR,29.970,85234125,PCM,Little / Signed,sowt,2036,2,L R,44100,16
,20_Defense_Wave,200_Defense_Waveform_AUDIO_v02.mov,2,Wrong Audio Sample Rate -CD,2,130,200,024,AUDIO,3.5s,,-A,47,,,,130_OKC_PCC,20_Defense_Wave,\130_OKC_PCC\20_Defense_Wave\200_Defense_Waveform_AUDIO_v02.mov,-A,nclc,nclc,3504,83998,16,16,1.000,CFR,29.970,715316,PCM,Little / Signed,sowt,3504,2,L R,44100,16
,,201_Defense_Waveform_AUD_F_v02.mov,2,,2,130,201,001,AUD_F,3.5s,,-,47,,,,130_OKC_PCC,20_Defense_Wave,\130_OKC_PCC\20_Defense_Wave\201_Defense_Waveform_AUD_F_v02.mov,-,nclc,nclc,3504,1719280144,10160,1600,6.350,CFR,29.970,753674707,PCM,Little / Signed,sowt,3504,2,L R,44100,16
,,204_Defense_Waveform_RIB_F_v03.mov,2,,2,130,204,010,RIB_F,27.97s,,-,47,,,,130_OKC_PCC,20_Defense_Wave,\130_OKC_PCC\20_Defense_Wave\204_Defense_Waveform_RIB_F_v03.mov,-,nclc,nclc,27995,151491853,9504,144,66.000,CFR,29.970,535116606,PCM,Little / Signed,sowt,27995,2,L R,44100,16
,,208_Defense_Waveform_SCB_v02.mov,2,,2,130,208,017,SCB,3.5s,,-,47,,,,130_OKC_PCC,20_Defense_Wave,\130_OKC_PCC\20_Defense_Wave\208_Defense_Waveform_SCB_v02.mov,-,nclc,nclc,3504,185368866,1920,1080,1.778,CFR,29.970,81869551,PCM,Little / Signed,sowt,3504,2,L R,44100,16
,21_LGT_Grunge,210_LGT_Grunge_AUDIO_v01.mov,1,Wrong Audio Sample Rate -CD,1,130,210,024,AUDIO,3.97s,,-A,37,,,,130_OKC_PCC,21_LGT_Grunge,\130_OKC_PCC\21_LGT_Grunge\210_LGT_Grunge_AUDIO_v01.mov,-A,nclc,nclc,3971,78819,16,16,1.000,CFR,29.970,1000782,PCM,Little / Signed,sowt,3971,2,L R,44100,16
,,211_LGT_Grunge_AUD_F_v01.mov,1,,1,130,211,001,AUD_F,3.97s,,-,37,,,,130_OKC_PCC,21_LGT_Grunge,\130_OKC_PCC\21_LGT_Grunge\211_LGT_Grunge_AUD_F_v01.mov,-,nclc,nclc,3971,3287288945,10160,1600,6.350,CFR,29.970,1632774978,PCM,Little / Signed,sowt,3971,2,L R,44100,16
,,214_LGT_Grunge_RIB_F_v02.mov,1,,1,130,214,010,RIB_F,27.73s,,-,37,,,,130_OKC_PCC,21_LGT_Grunge,\130_OKC_PCC\21_LGT_Grunge\214_LGT_Grunge_RIB_F_v02.mov,-,nclc,nclc,27762,252860030,9504,144,66.000,CFR,29.970,882413605,PCM,Little / Signed,sowt,27762,2,L R,44100,16
,,218_LGT_Grunge_SCB_v01.mov,1,,1,130,218,017,SCB,3.97s,,-,37,,,,130_OKC_PCC,21_LGT_Grunge,\130_OKC_PCC\21_LGT_Grunge\218_LGT_Grunge_SCB_v01.mov,-,nclc,nclc,3971,487991843,1920,1080,1.778,CFR,29.970,243166405,PCM,Little / Signed,sowt,3971,2,L R,44100,16
,22_OKC_Clouds,220_OKC_Clouds_AUDIO_v01.mov,1,Wrong Audio Sample Rate -CD,1,130,220,024,AUDIO,1.97s,,-A,26,,Prompt ,,130_OKC_PCC,22_OKC_Clouds,\130_OKC_PCC\22_OKC_Clouds\220_OKC_Clouds_AUDIO_v01.mov,-A,nclc,nclc,1969,73021,16,16,1.000,CFR,29.970,391703,PCM,Little / Signed,sowt,1969,2,L R,44100,16
,,221_OKC_Clouds_AUD_F_v01.mov,1,,1,130,221,001,AUD_F,1.97s,,-,26,,,,130_OKC_PCC,22_OKC_Clouds,\130_OKC_PCC\22_OKC_Clouds\221_OKC_Clouds_AUD_F_v01.mov,-,nclc,nclc,1969,2192054914,10160,1600,6.350,CFR,29.970,539792952,PCM,Little / Signed,sowt,1969,2,L R,44100,16
,,224_OKC_Clouds_RIB_F_v02.mov,1,,1,130,224,010,RIB_F,29.47s,,-,26,,,,130_OKC_PCC,22_OKC_Clouds,\130_OKC_PCC\22_OKC_Clouds\224_OKC_Clouds_RIB_F_v02.mov,-,nclc,nclc,29497,251477367,9504,144,66.000,CFR,29.970,932465426,PCM,Little / Signed,sowt,29497,2,L R,44100,16
,,228_OKC_Clouds_SCB_v01.mov,1,,1,130,228,017,SCB,1.97s,,-,26,,,,130_OKC_PCC,22_OKC_Clouds,\130_OKC_PCC\22_OKC_Clouds\228_OKC_Clouds_SCB_v01.mov,-,nclc,nclc,1969,401309455,1920,1080,1.778,CFR,29.970,99127359,PCM,Little / Signed,sowt,1969,2,L R,44100,16
,23_Defense_Metal,230_Defense_Metal_AUDIO_v01.mov,1,Wrong Audio Sample Rate -CD,1,130,230,024,AUDIO,4.03s,,-A,48,,,,130_OKC_PCC,23_Defense_Metal,\130_OKC_PCC\23_Defense_Metal\230_Defense_Metal_AUDIO_v01.mov,-A,nclc,nclc,4038,18941,16,16,1.000,CFR,29.970,750829,PCM,Little / Signed,sowt,4038,2,L R,44100,16
,,231_Defense_Metal_AUD_F_v01.mov,1,,1,130,231,001,AUD_F,4.03s,,-,48,,,,130_OKC_PCC,23_Defense_Metal,\130_OKC_PCC\23_Defense_Metal\231_Defense_Metal_AUD_F_v01.mov,-,nclc,nclc,4038,2165119639,10160,1600,6.350,CFR,29.970,1093414727,PCM,Little / Signed,sowt,4038,2,L R,44100,16
,,234_Defense_Metal_RIB_F_v02.mov,1,,1,130,234,010,RIB_F,4.03s,,-,48,,,,130_OKC_PCC,23_Defense_Metal,\130_OKC_PCC\23_Defense_Metal\234_Defense_Metal_RIB_F_v02.mov,-,nclc,nclc,4038,152830106,9504,144,66.000,CFR,29.970,77869866,PCM,Little / Signed,sowt,4038,2,L R,44100,16
,,238_Defense_Metal_SCB_v01.mov,1,,1,130,238,017,SCB,4.03s,,-,48,,,,130_OKC_PCC,23_Defense_Metal,\130_OKC_PCC\23_Defense_Metal\238_Defense_Metal_SCB_v01.mov,-,nclc,nclc,4038,335281797,1920,1080,1.778,CFR,29.970,169948013,PCM,Little / Signed,sowt,4038,2,L R,44100,16
131_OKC_FERA,01_Anthem,011_Anthem_AUD_F_v01.mov,1,,1,131,011,001,AUD_F,57s,,-,,,,,131_OKC_FERA,01_Anthem,\131_OKC_FERA\01_Anthem\011_Anthem_AUD_F_v01.mov,-,nclc,nclc,57057,1826738540,10160,1600,6.350,CFR,29.970,13038843806,PCM,Little / Signed,sowt,57057,2,L R,44100,16
,,014_Anthem_RIB_F_v01.mov,1,,1,131,014,010,RIB_F,57s,,-,,,,,131_OKC_FERA,01_Anthem,\131_OKC_FERA\01_Anthem\014_Anthem_RIB_F_v01.mov,-,nclc,nclc,57057,216044721,9504,144,66.000,CFR,29.970,1551164830,PCM,Little / Signed,sowt,57057,2,L R,44100,16
,02_Boom,021_Boom_AUD_F_v01.mov,,,,131,021,001,AUD_F,5.97s,,-,29,,,,131_OKC_FERA,02_Boom,\131_OKC_FERA\02_Boom\021_Boom_AUD_F_v01.mov,-,nclc,nclc,5973,2672509759,10160,1600,6.350,CFR,29.970,1997054686,PCM,Little / Signed,sowt,5973,2,L R,44100,16
,03_SeeThat,031_SeeThat_AUD_F_v01.mov,,,,131,031,001,AUD_F,5.97s,,-,30,,,,131_OKC_FERA,03_SeeThat,\131_OKC_FERA\03_SeeThat\031_SeeThat_AUD_F_v01.mov,-,nclc,nclc,5973,2833201937,10160,1600,6.350,CFR,29.970,2117024238,PCM,Little / Signed,sowt,5973,2,L R,44100,16
,04_ThunderUP,041_Thunderup_AUD_F_v01.mov,,,,131,041,001,AUD_F,5.97s,,-,32,,,,131_OKC_FERA,04_ThunderUP,\131_OKC_FERA\04_ThunderUP\041_Thunderup_AUD_F_v01.mov,-,nclc,nclc,5973,2812238289,10160,1600,6.350,CFR,29.970,2101373200,PCM,Little / Signed,sowt,5973,2,L R,44100,16
,05_WOW,051_WOW_AUD_F_v01.mov,,,,131,051,001,AUD_F,5.97s,,-,32,,,,131_OKC_FERA,05_WOW,\131_OKC_FERA\05_WOW\051_WOW_AUD_F_v01.mov,-,nclc,nclc,5973,2896049707,10160,1600,6.350,CFR,29.970,2163945121,PCM,Little / Signed,sowt,5973,2,L R,44100,16
,,060_AnthemFields_AUDIO_v01.mov,,,,131,060,024,AUDIO,,,-F,,,,,131_OKC_FERA,05_WOW,\131_OKC_FERA\05_WOW\060_AnthemFields_AUDIO_v01.mov,-F,No File,No File,No File,No File,No File,No File,No File,No File,No File,No File,No File,No File,No File,No File,No File,No File,No File,No File
,,068_AnthemFields_SCB_v01.mov,,,,131,068,017,SCB,,,-F,,,,,131_OKC_FERA,05_WOW,\131_OKC_FERA\05_WOW\068_AnthemFields_SCB_v01.mov,-F,No File,No File,No File,No File,No File,No File,No File,No File,No File,No File,No File,No File,No File,No File,No File,No File,No File,No File
,07_AnthemClay,,,,,,,,,,,-,,Missing in spreadsheet,,,131_OKC_FERA,07_AnthemClay,Skip,-,-,-,-,-,-,-,-,-,-,-,-,-,-,-,-,-,-,-
,08_Anthem_Fuzed,080_AnthemFuzed_AUDIO_v01.mov,,,,131,080,024,AUDIO,1m33.37s,,-,,,,,131_OKC_FERA,08_Anthem_Fuzed,\131_OKC_FERA\08_Anthem_Fuzed\080_AnthemFuzed_AUDIO_v01.mov,-,nclc,nclc,93461,76921,16,16,1.000,CFR,29.970,19100519,PCM,Little / Signed,sowt,93461,2,L R,48000,16
,,088_AnthemFuzed_SCB_v01.mov,,,,131,088,017,SCB,1m33.37s,,-,,,,,131_OKC_FERA,08_Anthem_Fuzed,\131_OKC_FERA\08_Anthem_Fuzed\088_AnthemFuzed_SCB_v01.mov,-,nclc,nclc,93461,417483242,1920,1080,1.778,CFR,29.970,4895456479,PCM,Little / Signed,sowt,93461,2,L R,48000,16
,09_Anthem_Dedmon,090_AnthemDedmon_AUDIO_v01.mp4,,"REJECTED, wrong codec -kh",,131,090,024,AUDIO,,,-F,,,,,131_OKC_FERA,09_Anthem_Dedmon,\131_OKC_FERA\09_Anthem_Dedmon\090_AnthemDedmon_AUDIO_v01.mp4,-F,No File,No File,No File,No File,No File,No File,No File,No File,No File,No File,No File,No File,No File,No File,No File,No File,No File,No File
,,098_AnthemDedmon_SCB_v01.mov,,,,131,098,017,SCB,1m41.9s,,-,,,,,131_OKC_FERA,09_Anthem_Dedmon,\131_OKC_FERA\09_Anthem_Dedmon\098_AnthemDedmon_SCB_v01.mov,-,nclc,nclc,102002,379841295,1920,1080,1.778,CFR,29.970,4862958008,PCM,Little / Signed,sowt,102002,2,L R,48000,16
,10_TurnUp,101_TurnUp_AUD_F_v01.mov,,,,131,101,001,AUD_F,8s,,-,33,,,,131_OKC_FERA,10_TurnUp,\131_OKC_FERA\10_TurnUp\101_TurnUp_AUD_F_v01.mov,-,nclc,nclc,8008,2803128566,10160,1600,6.350,CFR,29.970,2807381029,PCM,Little / Signed,sowt,8008,2,L R,44100,16
,,,,,,,,,,,,-,,,,,131_OKC_FERA,10_TurnUp,Skip,-,-,-,-,-,-,-,-,-,-,-,-,-,-,-,-,-,-,-
132_OKC_Image_1,01_OKC_CITY_STILL,011_OKC City_STILL_AUD_F_v01.mov,1,,1,132,011,001,AUD_F,0.03s,,-,50,,Generic Any time they wear the city jereseys - last 3 home game - FT's etc ,,132_OKC_Image_1,01_OKC_CITY_STILL,\132_OKC_Image_1\01_OKC_CITY_STILL\011_OKC City_STILL_AUD_F_v01.mov,-,nclc,nclc,34,147945826,10160,1600,6.350,CFR,29.970,721178,PCM,Little / Signed,sowt,34,2,L R,44100,16
,,014_OKC City_STILL_RIB_F_v01.mov,1,,1,132,014,010,RIB_F,0.03s,,-,50,,,,132_OKC_Image_1,01_OKC_CITY_STILL,\132_OKC_Image_1\01_OKC_CITY_STILL\014_OKC City_STILL_RIB_F_v01.mov,-,nclc,nclc,34,28979072,9504,144,66.000,CFR,29.970,270967,PCM,Little / Signed,sowt,34,2,L R,44100,16
,,018_OKC City_STILL_SCB_v01.mov,1,,1,132,018,017,SCB,0.03s,,-,50,,,,132_OKC_Image_1,01_OKC_CITY_STILL,\132_OKC_Image_1\01_OKC_CITY_STILL\018_OKC City_STILL_SCB_v01.mov,-,nclc,nclc,34,108156216,1920,1080,1.778,CFR,29.970,521870,PCM,Little / Signed,sowt,34,2,L R,44100,16
,02_OKC_SUNSET_STILL,021_OKC Sunset_STILL_AUD_F_v01.mov,1,,1,132,021,001,AUD_F,0.03s,,-,,,Generic for most ,,132_OKC_Image_1,02_OKC_SUNSET_STILL,\132_OKC_Image_1\02_OKC_SUNSET_STILL\021_OKC Sunset_STILL_AUD_F_v01.mov,-,nclc,nclc,34,863277698,10160,1600,6.350,CFR,29.970,3701579,PCM,Little / Signed,sowt,34,2,L R,44100,16
,,024_OKC Sunset_STILL_RIB_F_v01.mov,1,Content doesn't fit ribbons -CD,1,132,024,010,RIB_F,0.03s,,-,,,,,132_OKC_Image_1,02_OKC_SUNSET_STILL,\132_OKC_Image_1\02_OKC_SUNSET_STILL\024_OKC Sunset_STILL_RIB_F_v01.mov,-,nclc,nclc,34,29722088,9504,144,66.000,CFR,29.970,249046,PCM,Little / Signed,sowt,34,2,L R,44100,16
,,028_OKC Sunset_STILL_SCB_v01.mov,1,,1,132,028,017,SCB,0.03s,,-,,,,,132_OKC_Image_1,02_OKC_SUNSET_STILL,\132_OKC_Image_1\02_OKC_SUNSET_STILL\028_OKC Sunset_STILL_SCB_v01.mov,-,nclc,nclc,34,177003060,1920,1080,1.778,CFR,29.970,811547,PCM,Little / Signed,sowt,34,2,L R,44100,16
133_OKC_Image_2,,,,,,,,,,,,-,,,,,133_OKC_Image_2,02_OKC_SUNSET_STILL,Skip,-,-,-,-,-,-,-,-,-,-,-,-,-,-,-,-,-,-,-
134_OKC_Video,01_HYPE,010_OKCHype_AUDIO_v02.mov,2,,1,134,010,024,AUDIO,2m25.3s,,-,,,2:16 on the countdown - ,7/19/2020 8:31:40,134_OKC_Video,01_HYPE,\134_OKC_Video\01_HYPE\010_OKCHype_AUDIO_v02.mov,-,nclc,nclc,145446,74753,16,16,1.000,CFR,29.970,30308056,PCM,Little / Signed,sowt,145446,2,L R,48000,16
,,011_OKCHype_AUD_F_v01.mov,1,,1,134,011,001,AUD_F,2m29.87s,,-,,,,,134_OKC_Video,01_HYPE,\134_OKC_Video\01_HYPE\011_OKCHype_AUD_F_v01.mov,-,nclc,nclc,150017,920612886,10160,1600,6.350,CFR,29.970,17295598865,PCM,Little / Signed,sowt,150017,2,L R,44100,16
,,014_OKCHype_RIB_F_v02.mov,2,,,134,014,010,RIB_F,2m29.87s,,-,,,,7/19/2020 8:31:31,134_OKC_Video,01_HYPE,\134_OKC_Video\01_HYPE\014_OKCHype_RIB_F_v02.mov,-,nclc,nclc,150017,157127117,9504,144,66.000,CFR,29.970,2973924073,PCM,Little / Signed,sowt,150017,2,L R,44100,16
,,018_OKCHype_SCB_v01.mov,1,,,134,018,017,SCB,2m25.3s,,-,,,,7/19/2020 8:31:30,134_OKC_Video,01_HYPE,\134_OKC_Video\01_HYPE\018_OKCHype_SCB_v01.mov,-,nclc,nclc,145446,374824841,1920,1080,1.778,CFR,29.970,6840429209,PCM,Little / Signed,sowt,145446,2,L R,44100,16
,03_4QTR_HYPE,030_4thQTRHype_AUDIO_v01.mov,1,These files are different TRTs,1,134,030,024,AUDIO,1m10.33s,,-A,,,3rd Quarter break - Start to end with 30 left on clock. Thunderstruck plays after ,,134_OKC_Video,03_4QTR_HYPE,\134_OKC_Video\03_4QTR_HYPE\030_4thQTRHype_AUDIO_v01.mov,-A,nclc,nclc,70404,76807,16,16,1.000,CFR,29.970,14174703,PCM,Little / Signed,sowt,70404,2,L R,44100,16
,,031_4thQTRHype_AUD_F_v01.mov,1,These files are different TRTs,1,134,031,001,AUD_F,47.7s,,-,,,,,134_OKC_Video,03_4QTR_HYPE,\134_OKC_Video\03_4QTR_HYPE\031_4thQTRHype_AUD_F_v01.mov,-,nclc,nclc,47748,3016447813,10160,1600,6.350,CFR,29.970,18012803061,PCM,Little / Signed,sowt,47748,2,L R,44100,16
,,034_4thQTRHype_RIB_F_v01.mov,1,These files are different TRTs,1,134,034,010,RIB_F,47.7s,,-,,,,,134_OKC_Video,03_4QTR_HYPE,\134_OKC_Video\03_4QTR_HYPE\034_4thQTRHype_RIB_F_v01.mov,-,nclc,nclc,47748,232402651,9504,144,66.000,CFR,29.970,1396098002,PCM,Little / Signed,sowt,47748,2,L R,44100,16
,,038_4thQTRHype_SCB_v01.mov,,These files are different TRTs,,134,038,017,SCB,1m10.33s,,-,,,,,134_OKC_Video,03_4QTR_HYPE,\134_OKC_Video\03_4QTR_HYPE\038_4thQTRHype_SCB_v01.mov,-,nclc,nclc,70404,431448816,1920,1080,1.778,CFR,29.970,3797993045,-,-,-,-,-,-,-,-
,04_RUMBLE_DRUM,040_OKCRumbleDrum_AUDIO_v01.mov,1,,1,134,040,024,AUDIO,1m5.13s,,-A,,,,,134_OKC_Video,04_RUMBLE_DRUM,\134_OKC_Video\04_RUMBLE_DRUM\040_OKCRumbleDrum_AUDIO_v01.mov,-A,nclc,nclc,65199,76903,16,16,1.000,CFR,29.970,12287205,PCM,Little / Signed,sowt,65199,2,L R,44100,16
,,041_OKCRumbleDrum_AUD_F_v02.mov,2,,1,134,041,001,AUD_F,1m5.1s,,-,,,,7/19/2020 8:32:06,134_OKC_Video,04_RUMBLE_DRUM,\134_OKC_Video\04_RUMBLE_DRUM\041_OKCRumbleDrum_AUD_F_v02.mov,-,nclc,nclc,65166,2875850268,10160,1600,6.350,CFR,29.970,23437980467,PCM,Little / Signed,sowt,65166,2,L R,44100,16
,,044_OKCRumbleDrum_RIB_F_v01.mov,1,,1,134,044,010,RIB_F,1m5.1s,,-,,,,,134_OKC_Video,04_RUMBLE_DRUM,\134_OKC_Video\04_RUMBLE_DRUM\044_OKCRumbleDrum_RIB_F_v01.mov,-,nclc,nclc,65166,223285999,9504,144,66.000,CFR,29.970,1830912536,PCM,Little / Signed,sowt,65166,2,L R,44100,16
,,048_OKCRumbleDrum_SCB_v01.mov,1,,1,134,048,017,SCB,1m5.13s,,-,,,,,134_OKC_Video,04_RUMBLE_DRUM,\134_OKC_Video\04_RUMBLE_DRUM\048_OKCRumbleDrum_SCB_v01.mov,-,nclc,nclc,65199,511297662,1920,1080,1.778,CFR,29.970,4167106487,-,-,-,-,-,-,-,-
135_OKC_Misc,00_UTH_SAVER,008_OKCvUTH_SCB_v01.mov,1,this file contains OKC vs WAS -CD,1,135,008,017,SCB,,,-F,18,,Match Up Saver w/ Generic Look ,,135_OKC_Misc,00_UTH_SAVER,\135_OKC_Misc\00_UTH_SAVER\008_OKCvUTH_SCB_v01.mov,-F,No File,No File,No File,No File,No File,No File,No File,No File,No File,No File,No File,No File,No File,No File,No File,No File,No File,No File
,01_DEN_SAVER,018_OKCvDEN_SCB_v01.mov,1,,1,135,018,017,SCB,,,-F,,,,,135_OKC_Misc,01_DEN_SAVER,\135_OKC_Misc\01_DEN_SAVER\018_OKCvDEN_SCB_v01.mov,-F,No File,No File,No File,No File,No File,No File,No File,No File,No File,No File,No File,No File,No File,No File,No File,No File,No File,No File
,02_WAS_SAVER,028_OKCvWAS_SCB v01.mov,1,,1,135,028,017,SCB,20s,,-,,,,,135_OKC_Misc,02_WAS_SAVER,\135_OKC_Misc\02_WAS_SAVER\028_OKCvWAS_SCB v01.mov,-,nclc,nclc,20020,292854323,1920,1080,1.778,CFR,29.970,741057285,PCM,Little / Signed,sowt,20020,2,L R,44100,16
,03_MIA_SAVER,038_OKCvMIA_SCB v01.mov,1,,1,135,038,017,SCB,20s,,-,,,,,135_OKC_Misc,03_MIA_SAVER,\135_OKC_Misc\03_MIA_SAVER\038_OKCvMIA_SCB v01.mov,-,nclc,nclc,20020,333588938,1920,1080,1.778,CFR,29.970,842901647,PCM,Little / Signed,sowt,20020,2,L R,44100,16
,04_OKC_CITY,041_OKC_City_AUD_F_v01.mov,1,,1,135,041,001,AUD_F,10s,,-,,,Generic - Again based on jeresey ,,135_OKC_Misc,04_OKC_CITY,\135_OKC_Misc\04_OKC_CITY\041_OKC_City_AUD_F_v01.mov,-,nclc,nclc,10010,832903639,10160,1600,6.350,CFR,29.970,1044033530,PCM,Little / Signed,sowt,10010,2,L R,44100,16
,,044_OKC_City_RIB_F_v01.mov,1,,1,135,044,010,RIB_F,10s,,-,,,,,135_OKC_Misc,04_OKC_CITY,\135_OKC_Misc\04_OKC_CITY\044_OKC_City_RIB_F_v01.mov,-,nclc,nclc,10010,52525984,9504,144,66.000,CFR,29.970,67645383,PCM,Little / Signed,sowt,10010,2,L R,44100,16
,,048_OKC_City_SCB_V01.mov,1,,1,135,048,017,SCB,30s,,-,,,,,135_OKC_Misc,04_OKC_CITY,\135_OKC_Misc\04_OKC_CITY\048_OKC_City_SCB_V01.mov,-,nclc,nclc,30030,80539936,1920,1080,1.778,CFR,29.970,307723440,PCM,Little / Signed,sowt,30030,2,L R,44100,16
,05_OKC_Sunset,051_OKC_Sunset_AUD_F_v01.mov,1,,1,135,051,001,AUD_F,10s,,-,,,Generic - Again based on jeresey ,,135_OKC_Misc,05_OKC_Sunset,\135_OKC_Misc\05_OKC_Sunset\051_OKC_Sunset_AUD_F_v01.mov,-,nclc,nclc,10010,1357666805,10160,1600,6.350,CFR,29.970,1700646639,PCM,Little / Signed,sowt,10010,2,L R,44100,16
,,054_OKC_Sunset_RIB_F_v01.mov,1,,1,135,054,010,RIB_F,10s,,-,,,,,135_OKC_Misc,05_OKC_Sunset,\135_OKC_Misc\05_OKC_Sunset\054_OKC_Sunset_RIB_F_v01.mov,-,nclc,nclc,10010,125860589,9504,144,66.000,CFR,29.970,159361144,PCM,Little / Signed,sowt,10010,2,L R,44100,16
,,058_OKC_Sunset_SCB_V01.mov,1,,1,135,058,017,SCB,20s,,-,,,,,135_OKC_Misc,05_OKC_Sunset,\135_OKC_Misc\05_OKC_Sunset\058_OKC_Sunset_SCB_V01.mov,-,nclc,nclc,20020,169384643,1920,1080,1.778,CFR,29.970,427508165,PCM,Little / Signed,sowt,20020,2,L R,44100,16
,,,,,,,,,,,,-,,,,,135_OKC_Misc,05_OKC_Sunset,Skip,-,-,-,-,-,-,-,-,-,-,-,-,-,-,-,-,-,-,-
,,,,,,,,,,,,-,,,,,135_OKC_Misc,05_OKC_Sunset,Skip,-,-,-,-,-,-,-,-,-,-,-,-,-,-,-,-,-,-,-
136_OKC_Intros_1,00_ADAMS,001_Adams_intro1_AUD_F_v01.mov,1,"Bad frames, having trouble playing back -CD",1,136,001,001,AUD_F,7.97s,,-,9,,For Intros - Normal Jeresey ,,136_OKC_Intros_1,00_ADAMS,\136_OKC_Intros_1\00_ADAMS\001_Adams_intro1_AUD_F_v01.mov,-,nclc,nclc,7975,2290227355,10160,1600,6.350,CFR,29.970,2284488635,PCM,Little / Signed,sowt,7975,2,L R,44100,16
,,004_Adams_intro1_RIB_F_v01.mov,1,"Bad frames, having trouble playing back -CD",1,136,004,010,RIB_F,7.97s,,-,9,,,,136_OKC_Intros_1,00_ADAMS,\136_OKC_Intros_1\00_ADAMS\004_Adams_intro1_RIB_F_v01.mov,-,nclc,nclc,7975,272380772,9504,144,66.000,CFR,29.970,167765241,PCM,Little / Signed,sowt,7975,2,L R,44100,16
,,008_Adams_intro1_SCB_v01.mov,1,"Bad frames, having trouble playing back -CD",1,136,008,017,SCB,7.97s,,-,9,,,,136_OKC_Intros_1,00_ADAMS,\136_OKC_Intros_1\00_ADAMS\008_Adams_intro1_SCB_v01.mov,-,nclc,nclc,7975,490340198,1920,1080,1.778,CFR,29.970,491034228,PCM,Little / Signed,sowt,7975,2,L R,44100,16
,01_BAZLEY,011_Bazley_Intro1_AUD_F_v01.mov,1,,1,136,011,001,AUD_F,7.97s,,-,7,,,,136_OKC_Intros_1,01_BAZLEY,\136_OKC_Intros_1\01_BAZLEY\011_Bazley_Intro1_AUD_F_v01.mov,-,nclc,nclc,7975,2262862687,10160,1600,6.350,CFR,29.970,2257219586,PCM,Little / Signed,sowt,7975,2,L R,44100,16
,,014_Bazley_Intro1_RIB_F_v01.mov,1,,1,136,014,010,RIB_F,7.97s,,-,7,,,,136_OKC_Intros_1,01_BAZLEY,\136_OKC_Intros_1\01_BAZLEY\014_Bazley_Intro1_RIB_F_v01.mov,-,nclc,nclc,7975,272336281,9504,144,66.000,CFR,29.970,272977452,PCM,Little / Signed,sowt,7975,2,L R,44100,16
,,018_Bazley_Intro1_SCB_v01.mov,1,,1,136,018,017,SCB,7.97s,,-,7,,,,136_OKC_Intros_1,01_BAZLEY,\136_OKC_Intros_1\01_BAZLEY\018_Bazley_Intro1_SCB_v01.mov,-,nclc,nclc,7975,495792046,1920,1080,1.778,CFR,29.970,496710666,PCM,Little / Signed,sowt,7975,2,L R,44100,16
,02_BURTON,021_Burton_Intro1_AUD_F_v01.mov,1,,1,136,021,001,AUD_F,7.97s,,-,15,,,,136_OKC_Intros_1,02_BURTON,\136_OKC_Intros_1\02_BURTON\021_Burton_Intro1_AUD_F_v01.mov,-,nclc,nclc,7975,2243284549,10160,1600,6.350,CFR,29.970,2237706450,PCM,Little / Signed,sowt,7975,2,L R,44100,16
,,024_Burton_Intro1_RIB_F_v01.mov,1,,1,136,024,010,RIB_F,7.97s,,-,15,,,,136_OKC_Intros_1,02_BURTON,\136_OKC_Intros_1\02_BURTON\024_Burton_Intro1_RIB_F_v01.mov,-,nclc,nclc,7975,270275524,9504,144,66.000,CFR,29.970,270922795,PCM,Little / Signed,sowt,7975,2,L R,44100,16
,,028_Burton_ntro1_SCB v01.mov,1,,1,136,028,017,SCB,7.97s,,-,15,,,,136_OKC_Intros_1,02_BURTON,\136_OKC_Intros_1\02_BURTON\028_Burton_ntro1_SCB v01.mov,-,nclc,nclc,7975,500342378,1920,1080,1.778,CFR,29.970,501510838,PCM,Little / Signed,sowt,7975,2,L R,44100,16
,03_DIALLO,031_Diallo_Intro1_AUD_F_v01.mov,1,,1,136,031,001,AUD_F,7.97s,,-,4,,,,136_OKC_Intros_1,03_DIALLO,\136_OKC_Intros_1\03_DIALLO\031_Diallo_Intro1_AUD_F_v01.mov,-,nclc,nclc,7975,2277018614,10160,1600,6.350,CFR,29.970,2271333585,PCM,Little / Signed,sowt,7975,2,L R,44100,16
,,034_Diallo_Intro1_RIB_F_v01.mov,1,,1,136,034,010,RIB_F,7.97s,,-,4,,,,136_OKC_Intros_1,03_DIALLO,\136_OKC_Intros_1\03_DIALLO\034_Diallo_Intro1_RIB_F_v01.mov,-,nclc,nclc,7975,273560323,9504,144,66.000,CFR,29.970,274197170,PCM,Little / Signed,sowt,7975,2,L R,44100,16
,,038_Diallo_Intro1_SCB_v01.mov,1,,1,136,038,017,SCB,7.97s,,-,4,,,,136_OKC_Intros_1,03_DIALLO,\136_OKC_Intros_1\03_DIALLO\038_Diallo_Intro1_SCB_v01.mov,-,nclc,nclc,7975,491427727,1920,1080,1.778,CFR,29.970,492903589,PCM,Little / Signed,sowt,7975,2,L R,44100,16
,04_DORT,041_Dort_Intro1_AUD_F_v01.mov,1,,1,136,041,001,AUD_F,7.97s,,-,3,,,,136_OKC_Intros_1,04_DORT,\136_OKC_Intros_1\04_DORT\041_Dort_Intro1_AUD_F_v01.mov,-,nclc,nclc,7975,2282556381,10160,1600,6.350,CFR,29.970,2276856770,PCM,Little / Signed,sowt,7975,2,L R,44100,16
,,044_Dort_Intro1_RIB_F_v01.mov,1,,1,136,044,010,RIB_F,7.97s,,-,3,,,,136_OKC_Intros_1,04_DORT,\136_OKC_Intros_1\04_DORT\044_Dort_Intro1_RIB_F_v01.mov,-,nclc,nclc,7975,278876030,9504,144,66.000,CFR,29.970,279496023,PCM,Little / Signed,sowt,7975,2,L R,44100,16
,,048_Dort_Intro1_SCB_v01.mov,1,,1,136,048,017,SCB,7.97s,,-,3,,,,136_OKC_Intros_1,04_DORT,\136_OKC_Intros_1\04_DORT\048_Dort_Intro1_SCB_v01.mov,-,nclc,nclc,7975,479480625,1920,1080,1.778,CFR,29.970,481398232,PCM,Little / Signed,sowt,7975,2,L R,44100,16
,05_FERGUSON,051_Ferguson_Intro1_AUD_F_v01.mov,1,,1,136,051,001,AUD_F,7.97s,,-,14,,,,136_OKC_Intros_1,05_FERGUSON,\136_OKC_Intros_1\05_FERGUSON\051_Ferguson_Intro1_AUD_F_v01.mov,-,nclc,nclc,7975,2582813896,10160,1600,6.350,CFR,29.970,2576191454,PCM,Little / Signed,sowt,7975,2,L R,44100,16
,,054_Ferguson_Intro1_RIB_F_v01.mov,1,,1,136,054,010,RIB_F,,,-F,14,,,,136_OKC_Intros_1,05_FERGUSON,\136_OKC_Intros_1\05_FERGUSON\054_Ferguson_Intro1_RIB_F_v01.mov,-F,No File,No File,No File,No File,No File,No File,No File,No File,No File,No File,No File,No File,No File,No File,No File,No File,No File,No File
,,058_Ferguson_Intro1_SCB_v01.mov,1,,1,136,058,017,SCB,,,-F,14,,,,136_OKC_Intros_1,05_FERGUSON,\136_OKC_Intros_1\05_FERGUSON\058_Ferguson_Intro1_SCB_v01.mov,-F,No File,No File,No File,No File,No File,No File,No File,No File,No File,No File,No File,No File,No File,No File,No File,No File,No File,No File
,06_GALLINARI,061_Gallinari_Intro1_AUD_F_v01.mov,1,,1,136,061,001,AUD_F,7.97s,,-,8,,,,136_OKC_Intros_1,06_GALLINARI,\136_OKC_Intros_1\06_GALLINARI\061_Gallinari_Intro1_AUD_F_v01.mov,-,nclc,nclc,7975,2565737778,10160,1600,6.350,CFR,29.970,2559169519,PCM,Little / Signed,sowt,7975,2,L R,44100,16
,,064_Gallinari_Intro1_RIB_F_v01.mov,1,,1,136,064,010,RIB_F,7.97s,,-,8,,,,136_OKC_Intros_1,06_GALLINARI,\136_OKC_Intros_1\06_GALLINARI\064_Gallinari_Intro1_RIB_F_v01.mov,-,nclc,nclc,7975,272631917,9504,144,66.000,CFR,29.970,273271748,PCM,Little / Signed,sowt,7975,2,L R,44100,16
,,068_Gallinari_Intro1_SCB_v01.mov,1,,1,136,068,017,SCB,7.97s,,-,8,,,,136_OKC_Intros_1,06_GALLINARI,\136_OKC_Intros_1\06_GALLINARI\068_Gallinari_Intro1_SCB_v01.mov,-,nclc,nclc,7975,497509937,1920,1080,1.778,CFR,29.970,499982966,PCM,Little / Signed,sowt,7975,2,L R,44100,16
,07_SGA,071_Gilgeous_Alexander_Intro1_AUD_F_v01.mov,1,,1,136,071,001,AUD_F,7.97s,,-,1,,,,136_OKC_Intros_1,07_SGA,\136_OKC_Intros_1\07_SGA\071_Gilgeous_Alexander_Intro1_AUD_F_v01.mov,-,nclc,nclc,7975,2428456854,10160,1600,6.350,CFR,29.970,2422406297,PCM,Little / Signed,sowt,7975,2,L R,44100,16
,,074_Gilgeous_Alexander_Intro1_RIB_F_v01.mov,1,,1,136,074,010,RIB_F,7.97s,,-,1,,,,136_OKC_Intros_1,07_SGA,\136_OKC_Intros_1\07_SGA\074_Gilgeous_Alexander_Intro1_RIB_F_v01.mov,-,nclc,nclc,7975,265066411,9504,144,66.000,CFR,29.970,265730564,PCM,Little / Signed,sowt,7975,2,L R,44100,16
,,078_Gilgeous_Alexander_Intro1_SCB_v01.mov,1,,1,136,078,017,SCB,7.97s,,-,1,,,,136_OKC_Intros_1,07_SGA,\136_OKC_Intros_1\07_SGA\078_Gilgeous_Alexander_Intro1_SCB_v01.mov,-,nclc,nclc,7975,496204863,1920,1080,1.778,CFR,29.970,500300713,PCM,Little / Signed,sowt,7975,2,L R,44100,16
,08_HALL,081_Hall_Intro1_AUD_F_v01.mov,1,,1,136,081,001,AUD_F,7.97s,,-,17,,,,136_OKC_Intros_1,08_HALL,\136_OKC_Intros_1\08_HALL\081_Hall_Intro1_AUD_F_v01.mov,-,nclc,nclc,7975,2153380056,10160,1600,6.350,CFR,29.970,2148279083,PCM,Little / Signed,sowt,7975,2,L R,44100,16
,,084_Hall_Intro1_RIB_F_v01.mov,1,,1,136,084,010,RIB_F,7.97s,,-,17,,,,136_OKC_Intros_1,08_HALL,\136_OKC_Intros_1\08_HALL\084_Hall_Intro1_RIB_F_v01.mov,-,nclc,nclc,7975,253595526,9504,144,66.000,CFR,29.970,254466818,PCM,Little / Signed,sowt,7975,2,L R,44100,16
,,088_Hall_Intro1_SCB_v01.mov,1,,1,136,088,017,SCB,7.97s,,-,17,,,,136_OKC_Intros_1,08_HALL,\136_OKC_Intros_1\08_HALL\088_Hall_Intro1_SCB_v01.mov,-,nclc,nclc,7975,327103569,1920,1080,1.778,CFR,29.970,332390332,PCM,Little / Signed,sowt,7975,2,L R,44100,16
,09_HERVEY,091_Hervey_Intro1_AUD_F_v01.mov,1,,1,136,091,001,AUD_F,7.97s,,-,15,,,,136_OKC_Intros_1,09_HERVEY,\136_OKC_Intros_1\09_HERVEY\091_Hervey_Intro1_AUD_F_v01.mov,-,nclc,nclc,7975,2152064003,10160,1600,6.350,CFR,29.970,2146968170,PCM,Little / Signed,sowt,7975,2,L R,44100,16
,,094_Hervey_Intro1_RIB_F_v01.mov,1,,1,136,094,010,RIB_F,7.97s,,-,15,,,,136_OKC_Intros_1,09_HERVEY,\136_OKC_Intros_1\09_HERVEY\094_Hervey_Intro1_RIB_F_v01.mov,-,nclc,nclc,7975,258297930,9504,144,66.000,CFR,29.970,259154336,PCM,Little / Signed,sowt,7975,2,L R,44100,16
,,098_Hervey_Intro1_SCB_v01.mov,1,,1,136,098,017,SCB,7.97s,,-,15,,,,136_OKC_Intros_1,09_HERVEY,\136_OKC_Intros_1\09_HERVEY\098_Hervey_Intro1_SCB_v01.mov,-,nclc,nclc,7975,315167502,1920,1080,1.778,CFR,29.970,320791507,PCM,Little / Signed,sowt,7975,2,L R,44100,16
,10_MUSCALA,101_Muscala_Intro1_AUD_F_v01.mov,1,,1,136,101,001,AUD_F,7.97s,,-,16,,,,136_OKC_Intros_1,10_MUSCALA,\136_OKC_Intros_1\10_MUSCALA\101_Muscala_Intro1_AUD_F_v01.mov,-,nclc,nclc,7975,2418285146,10160,1600,6.350,CFR,29.970,2412187455,PCM,Little / Signed,sowt,7975,2,L R,44100,16
,,104_Muscala_Intro1_RIB_F_v01.mov,1,,1,136,104,010,RIB_F,7.97s,,-,16,,,,136_OKC_Intros_1,10_MUSCALA,\136_OKC_Intros_1\10_MUSCALA\104_Muscala_Intro1_RIB_F_v01.mov,-,nclc,nclc,7975,273985403,9504,144,66.000,CFR,29.970,274620920,PCM,Little / Signed,sowt,7975,2,L R,44100,16
,,108_Muscala_Intro1_SCB_v01.mov,1,,1,136,108,017,SCB,7.97s,,-,16,,,,136_OKC_Intros_1,10_MUSCALA,\136_OKC_Intros_1\10_MUSCALA\108_Muscala_Intro1_SCB_v01.mov,-,nclc,nclc,7975,494119574,1920,1080,1.778,CFR,29.970,496956686,PCM,Little / Signed,sowt,7975,2,L R,44100,16
,11_NADER,111_Nader_Intro1_AUD_F_v01.mov,1,,1,136,111,001,AUD_F,7.97s,,-,11,,,,136_OKC_Intros_1,11_NADER,\136_OKC_Intros_1\11_NADER\111_Nader_Intro1_AUD_F_v01.mov,-,nclc,nclc,7975,2414349381,10160,1600,6.350,CFR,29.970,2408269952,PCM,Little / Signed,sowt,7975,2,L R,44100,16
,,114_Nader_Intro1_RIB_F_v01.mov,1,,1,136,114,010,RIB_F,7.97s,,-,11,,,,136_OKC_Intros_1,11_NADER,\136_OKC_Intros_1\11_NADER\114_Nader_Intro1_RIB_F_v01.mov,-,nclc,nclc,7975,274028643,9504,144,66.000,CFR,29.970,274664005,PCM,Little / Signed,sowt,7975,2,L R,44100,16
,,118_Nader_Intro1_SCB_v01.mov,1,,1,136,118,017,SCB,7.97s,,-,11,,,,136_OKC_Intros_1,11_NADER,\136_OKC_Intros_1\11_NADER\118_Nader_Intro1_SCB_v01.mov,-,nclc,nclc,7975,484092462,1920,1080,1.778,CFR,29.970,487294006,PCM,Little / Signed,sowt,7975,2,L R,44100,16
,12_NOEL,121_Noel_Intro1_AUD_F_v01.mov,1,,1,136,121,001,AUD_F,7.97s,,-,9,,,,136_OKC_Intros_1,12_NOEL,\136_OKC_Intros_1\12_NOEL\121_Noel_Intro1_AUD_F_v01.mov,-,nclc,nclc,7975,2437996355,10160,1600,6.350,CFR,29.970,2431841913,PCM,Little / Signed,sowt,7975,2,L R,44100,16
,,124_Noel_Intro1_RIB_F_v01.mov,1,,1,136,124,010,RIB_F,7.97s,,-,9,,,,136_OKC_Intros_1,12_NOEL,\136_OKC_Intros_1\12_NOEL\124_Noel_Intro1_RIB_F_v01.mov,-,nclc,nclc,7975,275704266,9504,144,66.000,CFR,29.970,276334311,PCM,Little / Signed,sowt,7975,2,L R,44100,16
,,128_Noel_Intro1_SCB_v01.mov,1,,1,136,128,017,SCB,7.97s,,-,9,,,,136_OKC_Intros_1,12_NOEL,\136_OKC_Intros_1\12_NOEL\128_Noel_Intro1_SCB_v01.mov,-,nclc,nclc,7975,472163022,1920,1080,1.778,CFR,29.970,475748284,PCM,Little / Signed,sowt,7975,2,L R,44100,16
,13_PAUL,131_PaulIntro1_AUD_F_v01.mov,1,,1,136,131,001,AUD_F,7.97s,,-,2,,,,136_OKC_Intros_1,13_PAUL,\136_OKC_Intros_1\13_PAUL\131_PaulIntro1_AUD_F_v01.mov,-,nclc,nclc,7975,2353328809,10160,1600,6.350,CFR,29.970,2347384179,PCM,Little / Signed,sowt,7975,2,L R,44100,16
,,134_PaulIntro1_RIB_F_v01.mov,1,,1,136,134,010,RIB_F,7.97s,,-,2,,,,136_OKC_Intros_1,13_PAUL,\136_OKC_Intros_1\13_PAUL\134_PaulIntro1_RIB_F_v01.mov,-,nclc,nclc,7975,278323438,9504,144,66.000,CFR,29.970,278945180,PCM,Little / Signed,sowt,7975,2,L R,44100,16
,,138_PaulIntro1_SCB_v01.mov,1,,1,136,138,017,SCB,7.97s,,-,2,,,,136_OKC_Intros_1,13_PAUL,\136_OKC_Intros_1\13_PAUL\138_PaulIntro1_SCB_v01.mov,-,nclc,nclc,7975,488532386,1920,1080,1.778,CFR,29.970,488951514,PCM,Little / Signed,sowt,7975,2,L R,44100,16
,14_ROBERSON,141_Roberson_Intro1_AUD_F_v01.mov,1,,1,136,141,001,AUD_F,7.97s,,-,12,,,,136_OKC_Intros_1,14_ROBERSON,\136_OKC_Intros_1\14_ROBERSON\141_Roberson_Intro1_AUD_F_v01.mov,-,nclc,nclc,7975,2187537498,10160,1600,6.350,CFR,29.970,2182329420,PCM,Little / Signed,sowt,7975,2,L R,44100,16
,,144_Roberson_Intro1_RIB_F_v01.mov,1,,1,136,144,010,RIB_F,7.97s,,-,12,,,,136_OKC_Intros_1,14_ROBERSON,\136_OKC_Intros_1\14_ROBERSON\144_Roberson_Intro1_RIB_F_v01.mov,-,nclc,nclc,7975,259915323,9504,144,66.000,CFR,29.970,260766628,PCM,Little / Signed,sowt,7975,2,L R,44100,16
,,148_Roberson_Intro1_SCB_v01.mov,1,,1,136,148,017,SCB,7.97s,,-,12,,,,136_OKC_Intros_1,14_ROBERSON,\136_OKC_Intros_1\14_ROBERSON\148_Roberson_Intro1_SCB_v01.mov,-,nclc,nclc,7975,355048850,1920,1080,1.778,CFR,29.970,360774127,PCM,Little / Signed,sowt,7975,2,L R,44100,16
,16_SCHRODER,161_Schroder_Intro1_AUD_F_v01.mov,1,,1,136,161,001,AUD_F,7.97s,,-,11,,,,136_OKC_Intros_1,16_SCHRODER,\136_OKC_Intros_1\16_SCHRODER\161_Schroder_Intro1_AUD_F_v01.mov,-,nclc,nclc,7975,2380806159,10160,1600,6.350,CFR,29.970,2374884699,PCM,Little / Signed,sowt,7975,2,L R,44100,16
,,164_Shroder_Intro1_RIB_F_v01.mov,1,,1,136,164,010,RIB_F,7.97s,,-,11,,,,136_OKC_Intros_1,16_SCHRODER,\136_OKC_Intros_1\16_SCHRODER\164_Shroder_Intro1_RIB_F_v01.mov,-,nclc,nclc,7975,277702655,9504,144,66.000,CFR,29.970,278326411,PCM,Little / Signed,sowt,7975,2,L R,44100,16
,,168_Schroder_Intro1_SCB_v01.mov,1,,1,136,168,017,SCB,7.97s,,-,11,,,,136_OKC_Intros_1,16_SCHRODER,\136_OKC_Intros_1\16_SCHRODER\168_Schroder_Intro1_SCB_v01.mov,-,nclc,nclc,7975,498896518,1920,1080,1.778,CFR,29.970,502797484,PCM,Little / Signed,sowt,7975,2,L R,44100,16
137_OKC_Intros_2,00_ADAMS,001_AdamsIntro2_AUD_F_v01.mov,1,,1,137,001,001,AUD_F,10s,,-,,,For City Jeresy's ,,137_OKC_Intros_2,00_ADAMS,\137_OKC_Intros_2\00_ADAMS\001_AdamsIntro2_AUD_F_v01.mov,-,nclc,nclc,10010,430574272,10160,1600,6.350,CFR,29.970,540629908,PCM,Little / Signed,sowt,10010,2,L R,44100,16
,,004_AdamsIntro2_RIB_F_v01.mov,1,,1,137,004,010,RIB_F,10s,,-,,,,,137_OKC_Intros_2,00_ADAMS,\137_OKC_Intros_2\00_ADAMS\004_AdamsIntro2_RIB_F_v01.mov,-,nclc,nclc,10010,45318936,9504,144,66.000,CFR,29.970,58578175,PCM,Little / Signed,sowt,10010,2,L R,44100,16
,,008_AdamsIntro2_SCB_v01.mov,1,,1,137,008,017,SCB,8s,,-,,,,,137_OKC_Intros_2,00_ADAMS,\137_OKC_Intros_2\00_ADAMS\008_AdamsIntro2_SCB_v01.mov,-,nclc,nclc,8008,350117167,1920,1080,1.778,CFR,29.970,351957419,PCM,Little / Signed,sowt,8008,2,L R,44100,16
,01_BAZLEY,011_BazleyIntro2_AUD_F_v01.mov,1,,1,137,011,001,AUD_F,10s,,-,,,,,137_OKC_Intros_2,01_BAZLEY,\137_OKC_Intros_2\01_BAZLEY\011_BazleyIntro2_AUD_F_v01.mov,-,nclc,nclc,10010,410097680,10160,1600,6.350,CFR,29.970,515008555,PCM,Little / Signed,sowt,10010,2,L R,44100,16
,,014_BazleyIntro2_RIB_F_v01.mov,1,,1,137,014,010,RIB_F,10s,,-,,,,,137_OKC_Intros_2,01_BAZLEY,\137_OKC_Intros_2\01_BAZLEY\014_BazleyIntro2_RIB_F_v01.mov,-,nclc,nclc,10010,45711680,9504,144,66.000,CFR,29.970,59069603,PCM,Little / Signed,sowt,10010,2,L R,44100,16
,,018_BazleyIntro2_SCB_v01.mov,1,,1,137,018,017,SCB,8s,,-,,,,,137_OKC_Intros_2,01_BAZLEY,\137_OKC_Intros_2\01_BAZLEY\018_BazleyIntro2_SCB_v01.mov,-,nclc,nclc,8008,343511124,1920,1080,1.778,CFR,29.970,345344763,PCM,Little / Signed,sowt,8008,2,L R,44100,16
,02_BURTON,021_BurtonIntro2_AUD_F_v01.mov,1,,1,137,021,001,AUD_F,10s,,-,,,,,137_OKC_Intros_2,02_BURTON,\137_OKC_Intros_2\02_BURTON\021_BurtonIntro2_AUD_F_v01.mov,-,nclc,nclc,10010,402348995,10160,1600,6.350,CFR,29.970,505313004,PCM,Little / Signed,sowt,10010,2,L R,44100,16
,,024_BurtonIntro2_RIB_F_v01.mov,1,,1,137,024,010,RIB_F,10s,,-,,,,,137_OKC_Intros_2,02_BURTON,\137_OKC_Intros_2\02_BURTON\024_BurtonIntro2_RIB_F_v01.mov,-,nclc,nclc,10010,41813104,9504,144,66.000,CFR,29.970,54191505,PCM,Little / Signed,sowt,10010,2,L R,44100,16
,,028_BurtonIntro2_SCB_v01.mov,1,,1,137,028,017,SCB,8s,,-,,,,,137_OKC_Intros_2,02_BURTON,\137_OKC_Intros_2\02_BURTON\028_BurtonIntro2_SCB_v01.mov,-,nclc,nclc,8008,347044032,1920,1080,1.778,CFR,29.970,348881209,PCM,Little / Signed,sowt,8008,2,L R,44100,16
,03_DIALLO,031_DialloIntro2_AUD_F_v01.mov,1,,1,137,031,001,AUD_F,10s,,-,,,,,137_OKC_Intros_2,03_DIALLO,\137_OKC_Intros_2\03_DIALLO\031_DialloIntro2_AUD_F_v01.mov,-,nclc,nclc,10010,406206604,10160,1600,6.350,CFR,29.970,510139852,PCM,Little / Signed,sowt,10010,2,L R,44100,16
,,034_DialloIntro2_RIB_F_v01.mov,1,,1,137,034,010,RIB_F,10s,,-,,,,,137_OKC_Intros_2,03_DIALLO,\137_OKC_Intros_2\03_DIALLO\034_DialloIntro2_RIB_F_v01.mov,-,nclc,nclc,10010,42275758,9504,144,66.000,CFR,29.970,54770407,PCM,Little / Signed,sowt,10010,2,L R,44100,16
,,038_DialloIntro2_SCB_v01.mov,1,,1,137,038,017,SCB,8s,,-,,,,,137_OKC_Intros_2,03_DIALLO,\137_OKC_Intros_2\03_DIALLO\038_DialloIntro2_SCB_v01.mov,-,nclc,nclc,8008,348121444,1920,1080,1.778,CFR,29.970,349959702,PCM,Little / Signed,sowt,8008,2,L R,44100,16
,04_DORT,041_DortIntro2_AUD_F_v01.mov,1,,1,137,041,001,AUD_F,10s,,-,,,,,137_OKC_Intros_2,04_DORT,\137_OKC_Intros_2\04_DORT\041_DortIntro2_AUD_F_v01.mov,-,nclc,nclc,10010,405634790,10160,1600,6.350,CFR,29.970,509424361,PCM,Little / Signed,sowt,10010,2,L R,44100,16
,,044_DortIntro2_RIB_F_v01.mov,1,,1,137,044,010,RIB_F,10s,,-,,,,,137_OKC_Intros_2,04_DORT,\137_OKC_Intros_2\04_DORT\044_DortIntro2_RIB_F_v01.mov,-,nclc,nclc,10010,44606041,9504,144,66.000,CFR,29.970,57686171,PCM,Little / Signed,sowt,10010,2,L R,44100,16
,,048_DortIntro2_SCB_v01.mov,1,,1,137,048,017,SCB,8s,,-,,,,,137_OKC_Intros_2,04_DORT,\137_OKC_Intros_2\04_DORT\048_DortIntro2_SCB_v01.mov,-,nclc,nclc,8008,346303142,1920,1080,1.778,CFR,29.970,348139566,PCM,Little / Signed,sowt,8008,2,L R,44100,16
,05_FERGUSON,051_FergusonIntro2_AUD_F_v01.mov,1,,1,137,051,001,AUD_F,10s,,-,,,,,137_OKC_Intros_2,05_FERGUSON,\137_OKC_Intros_2\05_FERGUSON\051_FergusonIntro2_AUD_F_v01.mov,-,nclc,nclc,10010,422802883,10160,1600,6.350,CFR,29.970,530905991,PCM,Little / Signed,sowt,10010,2,L R,44100,16
,,054_FergusonIntro2_RIB_F_v01.mov,1,,1,137,054,010,RIB_F,10s,,-,,,,,137_OKC_Intros_2,05_FERGUSON,\137_OKC_Intros_2\05_FERGUSON\054_FergusonIntro2_RIB_F_v01.mov,-,nclc,nclc,10010,56355505,9504,144,66.000,CFR,29.970,72387724,PCM,Little / Signed,sowt,10010,2,L R,44100,16
,,058_FergusonIntro2_SCB_v01.mov,1,,1,137,058,017,SCB,8s,,-,,,,,137_OKC_Intros_2,05_FERGUSON,\137_OKC_Intros_2\05_FERGUSON\058_FergusonIntro2_SCB_v01.mov,-,nclc,nclc,8008,348507259,1920,1080,1.778,CFR,29.970,350345909,PCM,Little / Signed,sowt,8008,2,L R,44100,16
,06_GALLINARI,061_GallinariIntro2_AUD_F_v01.mov,1,,1,137,061,001,AUD_F,10s,,-,,,,,137_OKC_Intros_2,06_GALLINARI,\137_OKC_Intros_2\06_GALLINARI\061_GallinariIntro2_AUD_F_v01.mov,-,nclc,nclc,10010,414798146,10160,1600,6.350,CFR,29.970,520890043,PCM,Little / Signed,sowt,10010,2,L R,44100,16
,,064_GallinariIntro2_RIB_F_v01.mov,1,,1,137,064,010,RIB_F,10s,,-,,,,,137_OKC_Intros_2,06_GALLINARI,\137_OKC_Intros_2\06_GALLINARI\064_GallinariIntro2_RIB_F_v01.mov,-,nclc,nclc,10010,49329746,9504,144,66.000,CFR,29.970,63596729,PCM,Little / Signed,sowt,10010,2,L R,44100,16
,,068_GallinariIntro2_SCB_v01.mov,1,,1,137,068,017,SCB,8s,,-,,,,,137_OKC_Intros_2,06_GALLINARI,\137_OKC_Intros_2\06_GALLINARI\068_GallinariIntro2_SCB_v01.mov,-,nclc,nclc,8008,349922403,1920,1080,1.778,CFR,29.970,351762466,PCM,Little / Signed,sowt,8008,2,L R,44100,16
,07_SGA,071_SGAIntro2_AUD_F_v01.mov,1,,1,137,071,001,AUD_F,10s,,-,,,,,137_OKC_Intros_2,07_SGA,\137_OKC_Intros_2\07_SGA\071_SGAIntro2_AUD_F_v01.mov,-,nclc,nclc,10010,432955379,10160,1600,6.350,CFR,29.970,543609202,PCM,Little / Signed,sowt,10010,2,L R,44100,16
,,074_SGAIntro2_RIB_F_v01.mov,1,,1,137,074,010,RIB_F,10s,,-,,,,,137_OKC_Intros_2,07_SGA,\137_OKC_Intros_2\07_SGA\074_SGAIntro2_RIB_F_v01.mov,-,nclc,nclc,10010,61435967,9504,144,66.000,CFR,29.970,78744576,PCM,Little / Signed,sowt,10010,2,L R,44100,16
,,078_SGAIntro2_SCB_v01.mov,1,,1,137,078,017,SCB,8s,,-,,,,,137_OKC_Intros_2,07_SGA,\137_OKC_Intros_2\07_SGA\078_SGAIntro2_SCB_v01.mov,-,nclc,nclc,8008,349382702,1920,1080,1.778,CFR,29.970,351222240,PCM,Little / Signed,sowt,8008,2,L R,44100,16
,10_MUSCALA,101_MuscalaIntro2_AUD_F_v01.mov,1,,1,137,101,001,AUD_F,10s,,-,,,,,137_OKC_Intros_2,10_MUSCALA,\137_OKC_Intros_2\10_MUSCALA\101_MuscalaIntro2_AUD_F_v01.mov,-,nclc,nclc,10010,403065398,10160,1600,6.350,CFR,29.970,506209396,PCM,Little / Signed,sowt,10010,2,L R,44100,16
,,104_MuscalaIntro2_RIB_F_v01.mov,1,,1,137,104,010,RIB_F,10s,,-,,,,,137_OKC_Intros_2,10_MUSCALA,\137_OKC_Intros_2\10_MUSCALA\104_MuscalaIntro2_RIB_F_v01.mov,-,nclc,nclc,10010,49010452,9504,144,66.000,CFR,29.970,63197190,PCM,Little / Signed,sowt,10010,2,L R,44100,16
,,108_MuscalaIntro2_SCB_v01.mov,1,,1,137,108,017,SCB,8s,,-,,,,,137_OKC_Intros_2,10_MUSCALA,\137_OKC_Intros_2\10_MUSCALA\108_MuscalaIntro2_SCB_v01.mov,-,nclc,nclc,8008,348245781,1920,1080,1.778,CFR,29.970,350084159,PCM,Little / Signed,sowt,8008,2,L R,44100,16
,11_NADER,111_NaderIntro2_AUD_F_v01.mov,1,,1,137,111,001,AUD_F,10s,,-,,,,,137_OKC_Intros_2,11_NADER,\137_OKC_Intros_2\11_NADER\111_NaderIntro2_AUD_F_v01.mov,-,nclc,nclc,10010,388497303,10160,1600,6.350,CFR,29.970,487981043,PCM,Little / Signed,sowt,10010,2,L R,44100,16
,,114_NaderIntro2_RIB_F_v01.mov,1,,1,137,114,010,RIB_F,10s,,-,,,,,137_OKC_Intros_2,11_NADER,\137_OKC_Intros_2\11_NADER\114_NaderIntro2_RIB_F_v01.mov,-,nclc,nclc,10010,40481014,9504,144,66.000,CFR,29.970,52524713,PCM,Little / Signed,sowt,10010,2,L R,44100,16
,,118_NaderIntro2_SCB_v01.mov,1,,1,137,118,017,SCB,8s,,-,,,,,137_OKC_Intros_2,11_NADER,\137_OKC_Intros_2\11_NADER\118_NaderIntro2_SCB_v01.mov,-,nclc,nclc,8008,346828551,1920,1080,1.778,CFR,29.970,348665509,PCM,Little / Signed,sowt,8008,2,L R,44100,16
,12_NOEL,121_NoelIntro2_AUD_F_v01.mov,1,,1,137,121,001,AUD_F,10s,,-,,,,,137_OKC_Intros_2,12_NOEL,\137_OKC_Intros_2\12_NOEL\121_NoelIntro2_AUD_F_v01.mov,-,nclc,nclc,10010,388825202,10160,1600,6.350,CFR,29.970,488391334,PCM,Little / Signed,sowt,10010,2,L R,44100,16
,,124_NoelIntro2_RIB_F_v01.mov,1,,1,137,124,010,RIB_F,10s,,-,,,,,137_OKC_Intros_2,12_NOEL,\137_OKC_Intros_2\12_NOEL\124_NoelIntro2_RIB_F_v01.mov,-,nclc,nclc,10010,41504713,9504,144,66.000,CFR,29.970,53805624,PCM,Little / Signed,sowt,10010,2,L R,44100,16
,,128_NoelIntro2_SCB_v01.mov,1,,1,137,128,017,SCB,8s,,-,,,,,137_OKC_Intros_2,12_NOEL,\137_OKC_Intros_2\12_NOEL\128_NoelIntro2_SCB_v01.mov,-,nclc,nclc,8008,347400759,1920,1080,1.778,CFR,29.970,349238292,PCM,Little / Signed,sowt,8008,2,L R,44100,16
,13_PAUL,131_PaulIntro2_AUD_F_v01.mov,1,,1,137,131,001,AUD_F,10s,,-,,,,,137_OKC_Intros_2,13_PAUL,\137_OKC_Intros_2\13_PAUL\131_PaulIntro2_AUD_F_v01.mov,-,nclc,nclc,10010,380788874,10160,1600,6.350,CFR,29.970,478335853,PCM,Little / Signed,sowt,10010,2,L R,44100,16
,,134_PaulIntro2_RIB_F_v01.mov,1,,1,137,134,010,RIB_F,10s,,-,,,,,137_OKC_Intros_2,13_PAUL,\137_OKC_Intros_2\13_PAUL\134_PaulIntro2_RIB_F_v01.mov,-,nclc,nclc,10010,38640221,9504,144,66.000,CFR,29.970,50221395,PCM,Little / Signed,sowt,10010,2,L R,44100,16
,,138_PaulIntro2_SCB_v01.mov,1,,1,137,138,017,SCB,8s,,-,,,,,137_OKC_Intros_2,13_PAUL,\137_OKC_Intros_2\13_PAUL\138_PaulIntro2_SCB_v01.mov,-,nclc,nclc,8008,345818927,1920,1080,1.778,CFR,29.970,347654872,PCM,Little / Signed,sowt,8008,2,L R,44100,16
,16_SCHRODER,161_SchroderIntro2_AUD_F_v01.mov,1,,1,137,161,001,AUD_F,10s,,-,,,,,137_OKC_Intros_2,16_SCHRODER,\137_OKC_Intros_2\16_SCHRODER\161_SchroderIntro2_AUD_F_v01.mov,-,nclc,nclc,10010,437123476,10160,1600,6.350,CFR,29.970,548824634,PCM,Little / Signed,sowt,10010,2,L R,44100,16
,,164_SchroderIntro2_RIB_F_v01.mov,1,,1,137,164,010,RIB_F,10s,,-,,,,,137_OKC_Intros_2,16_SCHRODER,\137_OKC_Intros_2\16_SCHRODER\164_SchroderIntro2_RIB_F_v01.mov,-,nclc,nclc,10010,53674364,9504,144,66.000,CFR,29.970,69032931,PCM,Little / Signed,sowt,10010,2,L R,44100,16
,,168_SchroderIntro2_SCB_v01.mov,1,,1,137,168,017,SCB,8s,,-,,,,,137_OKC_Intros_2,16_SCHRODER,\137_OKC_Intros_2\16_SCHRODER\168_SchroderIntro2_SCB_v01.mov,-,nclc,nclc,8008,349589606,1920,1080,1.778,CFR,29.970,351429336,PCM,Little / Signed,sowt,8008,2,L R,44100,16
138_OKC_Intros_3,,,,,,,,,,,,-,,,,,138_OKC_Intros_3,16_SCHRODER,Skip,-,-,-,-,-,-,-,-,-,-,-,-,-,-,-,-,-,-,-
139_OKC_CRN_ROTATE,,,,,,,,,,,,-,,,,,139_OKC_CRN_ROTATE,16_SCHRODER,Skip,-,-,-,-,-,-,-,-,-,-,-,-,-,-,-,-,-,-,-
,,,,,,,,,,,,-,,,,,139_OKC_CRN_ROTATE,16_SCHRODER,Skip,-,-,-,-,-,-,-,-,-,-,-,-,-,-,-,-,-,-,-
,,,,,,,,,,,,-,,,,,139_OKC_CRN_ROTATE,16_SCHRODER,Skip,-,-,-,-,-,-,-,-,-,-,-,-,-,-,-,-,-,-,-
,,,,,,,,,,,,-,,,,,139_OKC_CRN_ROTATE,16_SCHRODER,Skip,-,-,-,-,-,-,-,-,-,-,-,-,-,-,-,-,-,-,-
,,,,,,,,,,,,-,,,,,139_OKC_CRN_ROTATE,16_SCHRODER,Skip,-,-,-,-,-,-,-,-,-,-,-,-,-,-,-,-,-,-,-
,,,,,,,,,,,,-,,,,,139_OKC_CRN_ROTATE,16_SCHRODER,Skip,-,-,-,-,-,-,-,-,-,-,-,-,-,-,-,-,-,-,-
,,,,,,,,,,,,-,,,,,139_OKC_CRN_ROTATE,16_SCHRODER,Skip,-,-,-,-,-,-,-,-,-,-,-,-,-,-,-,-,-,-,-
,,,,,,,,,,,,-,,,,,139_OKC_CRN_ROTATE,16_SCHRODER,Skip,-,-,-,-,-,-,-,-,-,-,-,-,-,-,-,-,-,-,-
,,,,,,,,,,,,-,,,,,139_OKC_CRN_ROTATE,16_SCHRODER,Skip,-,-,-,-,-,-,-,-,-,-,-,-,-,-,-,-,-,-,-
,,,,,,,,,,,,-,,,,,139_OKC_CRN_ROTATE,16_SCHRODER,Skip,-,-,-,-,-,-,-,-,-,-,-,-,-,-,-,-,-,-,-
,,,,,,,,,,,,-,,,,,139_OKC_CRN_ROTATE,16_SCHRODER,Skip,-,-,-,-,-,-,-,-,-,-,-,-,-,-,-,-,-,-,-
,,,,,,,,,,,,-,,,,,139_OKC_CRN_ROTATE,16_SCHRODER,Skip,-,-,-,-,-,-,-,-,-,-,-,-,-,-,-,-,-,-,-
,,,,,,,,,,,,-,,,,,139_OKC_CRN_ROTATE,16_SCHRODER,Skip,-,-,-,-,-,-,-,-,-,-,-,-,-,-,-,-,-,-,-
,,,,,,,,,,,,-,,,,,139_OKC_CRN_ROTATE,16_SCHRODER,Skip,-,-,-,-,-,-,-,-,-,-,-,-,-,-,-,-,-,-,-
,,,,,,,,,,,,-,,,,,139_OKC_CRN_ROTATE,16_SCHRODER,Skip,-,-,-,-,-,-,-,-,-,-,-,-,-,-,-,-,-,-,-
,,,,,,,,,,,,-,,,,,139_OKC_CRN_ROTATE,16_SCHRODER,Skip,-,-,-,-,-,-,-,-,-,-,-,-,-,-,-,-,-,-,-
,,,,,,,,,,,,-,,,,,139_OKC_CRN_ROTATE,16_SCHRODER,Skip,-,-,-,-,-,-,-,-,-,-,-,-,-,-,-,-,-,-,-
,,,,,,,,,,,,-,,,,,139_OKC_CRN_ROTATE,16_SCHRODER,Skip,-,-,-,-,-,-,-,-,-,-,-,-,-,-,-,-,-,-,-
,,,,,,,,,,,,-,,,,,139_OKC_CRN_ROTATE,16_SCHRODER,Skip,-,-,-,-,-,-,-,-,-,-,-,-,-,-,-,-,-,-,-
,,,,,,,,,,,,-,,,,,139_OKC_CRN_ROTATE,16_SCHRODER,Skip,-,-,-,-,-,-,-,-,-,-,-,-,-,-,-,-,-,-,-
,,,,,,,,,,,,-,,,,,139_OKC_CRN_ROTATE,16_SCHRODER,Skip,-,-,-,-,-,-,-,-,-,-,-,-,-,-,-,-,-,-,-
,,,,,,,,,,,,-,,,,,139_OKC_CRN_ROTATE,16_SCHRODER,Skip,-,-,-,-,-,-,-,-,-,-,-,-,-,-,-,-,-,-,-
,,,,,,,,,,,,-,,,,,139_OKC_CRN_ROTATE,16_SCHRODER,Skip,-,-,-,-,-,-,-,-,-,-,-,-,-,-,-,-,-,-,-
,,,,,,,,,,,,-,,,,,139_OKC_CRN_ROTATE,16_SCHRODER,Skip,-,-,-,-,-,-,-,-,-,-,-,-,-,-,-,-,-,-,-
,,,,,,,,,,,,-,,,,,139_OKC_CRN_ROTATE,16_SCHRODER,Skip,-,-,-,-,-,-,-,-,-,-,-,-,-,-,-,-,-,-,-
,,,,,,,,,,,,-,,,,,139_OKC_CRN_ROTATE,16_SCHRODER,Skip,-,-,-,-,-,-,-,-,-,-,-,-,-,-,-,-,-,-,-
,,,,,,,,,,,,-,,,,,139_OKC_CRN_ROTATE,16_SCHRODER,Skip,-,-,-,-,-,-,-,-,-,-,-,-,-,-,-,-,-,-,-
,,,,,,,,,,,,-,,,,,139_OKC_CRN_ROTATE,16_SCHRODER,Skip,-,-,-,-,-,-,-,-,-,-,-,-,-,-,-,-,-,-,-
,,,,,,,,,,,,-,,,,,139_OKC_CRN_ROTATE,16_SCHRODER,Skip,-,-,-,-,-,-,-,-,-,-,-,-,-,-,-,-,-,-,-
,,,,,,,,,,,,-,,,,,139_OKC_CRN_ROTATE,16_SCHRODER,Skip,-,-,-,-,-,-,-,-,-,-,-,-,-,-,-,-,-,-,-
,,,,,,,,,,,,-,,,,,139_OKC_CRN_ROTATE,16_SCHRODER,Skip,-,-,-,-,-,-,-,-,-,-,-,-,-,-,-,-,-,-,-
,,,,,,,,,,,,-,,,,,139_OKC_CRN_ROTATE,16_SCHRODER,Skip,-,-,-,-,-,-,-,-,-,-,-,-,-,-,-,-,-,-,-
,,,,,,,,,,,,-,,,,,139_OKC_CRN_ROTATE,16_SCHRODER,Skip,-,-,-,-,-,-,-,-,-,-,-,-,-,-,-,-,-,-,-
,,,,,,,,,,,,-,,,,,139_OKC_CRN_ROTATE,16_SCHRODER,Skip,-,-,-,-,-,-,-,-,-,-,-,-,-,-,-,-,-,-,-
,,,,,,,,,,,,-,,,,,139_OKC_CRN_ROTATE,16_SCHRODER,Skip,-,-,-,-,-,-,-,-,-,-,-,-,-,-,-,-,-,-,-
,,,,,,,,,,,,-,,,,,139_OKC_CRN_ROTATE,16_SCHRODER,Skip,-,-,-,-,-,-,-,-,-,-,-,-,-,-,-,-,-,-,-
,,,,,,,,,,,,-,,,,,139_OKC_CRN_ROTATE,16_SCHRODER,Skip,-,-,-,-,-,-,-,-,-,-,-,-,-,-,-,-,-,-,-
,,,,,,,,,,,,-,,,,,139_OKC_CRN_ROTATE,16_SCHRODER,Skip,-,-,-,-,-,-,-,-,-,-,-,-,-,-,-,-,-,-,-
,,,,,,,,,,,,-,,,,,139_OKC_CRN_ROTATE,16_SCHRODER,Skip,-,-,-,-,-,-,-,-,-,-,-,-,-,-,-,-,-,-,-
,,,,,,,,,,,,-,,,,,139_OKC_CRN_ROTATE,16_SCHRODER,Skip,-,-,-,-,-,-,-,-,-,-,-,-,-,-,-,-,-,-,-
,,,,,,,,,,,,-,,,,,139_OKC_CRN_ROTATE,16_SCHRODER,Skip,-,-,-,-,-,-,-,-,-,-,-,-,-,-,-,-,-,-,-
,,,,,,,,,,,,-,,,,,139_OKC_CRN_ROTATE,16_SCHRODER,Skip,-,-,-,-,-,-,-,-,-,-,-,-,-,-,-,-,-,-,-
,,,,,,,,,,,,-,,,,,139_OKC_CRN_ROTATE,16_SCHRODER,Skip,-,-,-,-,-,-,-,-,-,-,-,-,-,-,-,-,-,-,-
,,,,,,,,,,,,-,,,,,139_OKC_CRN_ROTATE,16_SCHRODER,Skip,-,-,-,-,-,-,-,-,-,-,-,-,-,-,-,-,-,-,-
,,,,,,,,,,,,-,,,,,139_OKC_CRN_ROTATE,16_SCHRODER,Skip,-,-,-,-,-,-,-,-,-,-,-,-,-,-,-,-,-,-,-
,,,,,,,,,,,,-,,,,,139_OKC_CRN_ROTATE,16_SCHRODER,Skip,-,-,-,-,-,-,-,-,-,-,-,-,-,-,-,-,-,-,-
,,,,,,,,,,,,-,,,,,139_OKC_CRN_ROTATE,16_SCHRODER,Skip,-,-,-,-,-,-,-,-,-,-,-,-,-,-,-,-,-,-,-
,,,,,,,,,,,,-,,,,,139_OKC_CRN_ROTATE,16_SCHRODER,Skip,-,-,-,-,-,-,-,-,-,-,-,-,-,-,-,-,-,-,-
,,,,,,,,,,,,-,,,,,139_OKC_CRN_ROTATE,16_SCHRODER,Skip,-,-,-,-,-,-,-,-,-,-,-,-,-,-,-,-,-,-,-
,,,,,,,,,,,,-,,,,,139_OKC_CRN_ROTATE,16_SCHRODER,Skip,-,-,-,-,-,-,-,-,-,-,-,-,-,-,-,-,-,-,-
,,,,,,,,,,,,-,,,,,139_OKC_CRN_ROTATE,16_SCHRODER,Skip,-,-,-,-,-,-,-,-,-,-,-,-,-,-,-,-,-,-,-
,,,,,,,,,,,,-,,,,,139_OKC_CRN_ROTATE,16_SCHRODER,Skip,-,-,-,-,-,-,-,-,-,-,-,-,-,-,-,-,-,-,-
,,,,,,,,,,,,-,,,,,139_OKC_CRN_ROTATE,16_SCHRODER,Skip,-,-,-,-,-,-,-,-,-,-,-,-,-,-,-,-,-,-,-
,,,,,,,,,,,,-,,,,,139_OKC_CRN_ROTATE,16_SCHRODER,Skip,-,-,-,-,-,-,-,-,-,-,-,-,-,-,-,-,-,-,-
,,,,,,,,,,,,-,,,,,139_OKC_CRN_ROTATE,16_SCHRODER,Skip,-,-,-,-,-,-,-,-,-,-,-,-,-,-,-,-,-,-,-
,,,,,,,,,,,,-,,,,,139_OKC_CRN_ROTATE,16_SCHRODER,Skip,-,-,-,-,-,-,-,-,-,-,-,-,-,-,-,-,-,-,-
,,,,,,,,,,,,-,,,,,139_OKC_CRN_ROTATE,16_SCHRODER,Skip,-,-,-,-,-,-,-,-,-,-,-,-,-,-,-,-,-,-,-
,,,,,,,,,,,,-,,,,,139_OKC_CRN_ROTATE,16_SCHRODER,Skip,-,-,-,-,-,-,-,-,-,-,-,-,-,-,-,-,-,-,-
,,,,,,,,,,,,-,,,,,139_OKC_CRN_ROTATE,16_SCHRODER,Skip,-,-,-,-,-,-,-,-,-,-,-,-,-,-,-,-,-,-,-
,,,,,,,,,,,,-,,,,,139_OKC_CRN_ROTATE,16_SCHRODER,Skip,-,-,-,-,-,-,-,-,-,-,-,-,-,-,-,-,-,-,-
,,,,,,,,,,,,-,,,,,139_OKC_CRN_ROTATE,16_SCHRODER,Skip,-,-,-,-,-,-,-,-,-,-,-,-,-,-,-,-,-,-,-
,,,,,,,,,,,,-,,,,,139_OKC_CRN_ROTATE,16_SCHRODER,Skip,-,-,-,-,-,-,-,-,-,-,-,-,-,-,-,-,-,-,-
,,,,,,,,,,,,-,,,,,139_OKC_CRN_ROTATE,16_SCHRODER,Skip,-,-,-,-,-,-,-,-,-,-,-,-,-,-,-,-,-,-,-
,,,,,,,,,,,,-,,,,,139_OKC_CRN_ROTATE,16_SCHRODER,Skip,-,-,-,-,-,-,-,-,-,-,-,-,-,-,-,-,-,-,-
,,,,,,,,,,,,-,,,,,139_OKC_CRN_ROTATE,16_SCHRODER,Skip,-,-,-,-,-,-,-,-,-,-,-,-,-,-,-,-,-,-,-