SACREMENTO KINGS Media Delivery,,SYNC COMPLETE,CONTENT ERRORS,,FUSE PROGRAMMER,,,PROGRAMMING IN PROGRESS,,,HUD,,,,RETURN TO INDEX,,,,,,,,,,,,,,,,,,,,,,,
CATEGORY,LOOK IDENTIFIER #,File Name,File Version,Notes,Version,Bank,Slot ,Mapping #,"Mapping 
Code",File Length,Play Mode,Error Flag,Midi Button,Notes to Kerstin,General/Show Call Notes,Upversioned Date,Folder,Look,File Path,Error Flag,Format,Codec_ID,Duration,Bit Rate,Width,Height,Aspect Ratio,Frame Rate Mode,Frame Rate,Stream Size,"Audio For,at",Audio Format/Settings,Audio Codec ID,Audio Duration,Audio Channels,Audio Channel Layout,Audio Sampling Rate,Audio Bit Depth
,,,,,,,,,,,,,,,,,,,,,,,,,,,,,,,,,,,,,,
180_SAC_PCC,00_Sacramento,004_Sacramento_RIB_F_v02.mov,2,,,180,004,010,RIB_F,10s,,-,,,,7/21/2020 10:23:33,180_SAC_PCC,00_Sacramento,\180_SAC_PCC\00_Sacramento\004_Sacramento_RIB_F_v02.mov,-,nclc,nclc,10010,225997981,9504,144,66.000,CFR,29.970,282783333,-,-,-,-,-,-,-,-
,,008_Sacramento_SCB_v01.mov,1,,1,180,008,017,SCB,10s,,-,,,,,180_SAC_PCC,00_Sacramento,\180_SAC_PCC\00_Sacramento\008_Sacramento_SCB_v01.mov,-,nclc,nclc,10010,467577879,1920,1080,1.778,CFR,29.970,585086578,-,-,-,-,-,-,-,-
,01_LetsGoKings,014_LetsGoKings_RIB_F_v02.mov,2,Missing on 401 - MH 7/22,,180,014,010,RIB_F,10s,,-,45,,,7/21/2020 10:23:33,180_SAC_PCC,01_LetsGoKings,\180_SAC_PCC\01_LetsGoKings\014_LetsGoKings_RIB_F_v02.mov,-,nclc,nclc,10010,226162998,9504,144,66.000,CFR,29.970,282989810,-,-,-,-,-,-,-,-
,,018_LetsGoKings_SCB_v01.mov,1,,1,180,018,017,SCB,10s,,-,45,,,,180_SAC_PCC,01_LetsGoKings,\180_SAC_PCC\01_LetsGoKings\018_LetsGoKings_SCB_v01.mov,-,nclc,nclc,10010,404953404,1920,1080,1.778,CFR,29.970,506727613,-,-,-,-,-,-,-,-
,02_Defense,024_Defense_RIB_F_v02.mov,2,,,180,024,010,RIB_F,10s,,-,47,,,7/21/2020 10:23:32,180_SAC_PCC,02_Defense,\180_SAC_PCC\02_Defense\024_Defense_RIB_F_v02.mov,-,nclc,nclc,10010,226519138,9504,144,66.000,CFR,29.970,283435431,-,-,-,-,-,-,-,-
,,028_Defense_SCB_v01.mov,1,,1,180,028,017,SCB,10s,,-,47,,,,180_SAC_PCC,02_Defense,\180_SAC_PCC\02_Defense\028_Defense_SCB_v01.mov,-,nclc,nclc,10010,462655539,1920,1080,1.778,CFR,29.970,578927494,-,-,-,-,-,-,-,-
,03_MoreCowbell,034_MoreCowbell_RIB_F_v02.mov,2,,,180,034,010,RIB_F,0.03s,,-,19,,4th Quarter Element - MC element ,7/21/2020 10:23:32,180_SAC_PCC,03_MoreCowbell,\180_SAC_PCC\03_MoreCowbell\034_MoreCowbell_RIB_F_v02.mov,-,nclc,nclc,34,214074511,9504,144,66.000,CFR,29.970,893550,-,-,-,-,-,-,-,-
,,038_MoreCowbell_SCB_v01.mov,1,,1,180,038,017,SCB,0.03s,,-,19,,,,180_SAC_PCC,03_MoreCowbell,\180_SAC_PCC\03_MoreCowbell\038_MoreCowbell_SCB_v01.mov,-,nclc,nclc,34,359531389,1920,1080,1.778,CFR,29.970,1515577,-,-,-,-,-,-,-,-
,04_TowerBridgeNoiseMeter,048_TowerBridgeNoiseMeter_SCB_v01.mov,1,,1,180,048,017,SCB,49.97s,,-,37,,3rd Quarter break ,,180_SAC_PCC,04_TowerBridgeNoiseMeter,\180_SAC_PCC\04_TowerBridgeNoiseMeter\048_TowerBridgeNoiseMeter_SCB_v01.mov,-,nclc,nclc,50017,228249795,1920,1080,1.778,CFR,29.970,1436732998,PCM,Little / Signed,sowt,50017,2,L R,48000,16
,05_NoiseMeter,058_NoiseMeter_SCB_v01.mov,1,,1,180,058,017,SCB,43.5s,,-,38,,,,180_SAC_PCC,05_NoiseMeter,\180_SAC_PCC\05_NoiseMeter\058_NoiseMeter_SCB_v01.mov,-,nclc,nclc,43544,276677756,1920,1080,1.778,CFR,29.970,1514374331,PCM,Little / Signed,sowt,43544,2,L R,48000,16
,06_FreshourTipOffPumpUp,060_FreshourTipoffPumpUp_AUDIO_v01.mov,1,,1,180,060,024,AUDIO,11.43s,,-,,,Blow on pre-tip,,180_SAC_PCC,06_FreshourTipOffPumpUp,\180_SAC_PCC\06_FreshourTipOffPumpUp\060_FreshourTipoffPumpUp_AUDIO_v01.mov,-,nclc,nclc,11445,75921,16,16,1.000,CFR,29.970,2375830,PCM,Little / Signed,sowt,11445,2,L R,48000,16
,,068_FreshourTipoffPumpUp_SCB_v01.mov,1,,1,180,068,017,SCB,11.43s,,-,,,,,180_SAC_PCC,06_FreshourTipOffPumpUp,\180_SAC_PCC\06_FreshourTipOffPumpUp\068_FreshourTipoffPumpUp_SCB_v01.mov,-,nclc,nclc,11445,388706819,1920,1080,1.778,CFR,29.970,558350130,PCM,Little / Signed,sowt,11445,2,L R,48000,16
,07_Freshour4thQuarterPumpUp,070_Freshour4thQtrPumpUp_AUDIO_v01.mov,1,,1,180,070,024,AUDIO,22.13s,,-,20,,Traditional pump up ,,180_SAC_PCC,07_Freshour4thQuarterPumpUp,\180_SAC_PCC\07_Freshour4thQuarterPumpUp\070_Freshour4thQtrPumpUp_AUDIO_v01.mov,-,nclc,nclc,22156,73398,16,16,1.000,CFR,29.970,4524113,PCM,Little / Signed,sowt,22156,2,L R,48000,16
,,078_Freshour4thQtrPumpUp_SCB_v01.mov,1,,1,180,078,017,SCB,22.13s,,-,20,,,,180_SAC_PCC,07_Freshour4thQuarterPumpUp,\180_SAC_PCC\07_Freshour4thQuarterPumpUp\078_Freshour4thQtrPumpUp_SCB_v01.mov,-,nclc,nclc,22156,288292906,1920,1080,1.778,CFR,29.970,802729624,PCM,Little / Signed,sowt,22156,2,L R,48000,16
181_SAC_FERA,00_EricBellingerAnthem,000_EricBellingerAnthem_AUDIO_v01.mov,1,Need new with singer and senic -MH 7/17,1,181,000,024,AUDIO,2m14.03s,,-,,,,,181_SAC_FERA,00_EricBellingerAnthem,\181_SAC_FERA\00_EricBellingerAnthem\000_EricBellingerAnthem_AUDIO_v01.mov,-,nclc,nclc,134168,76225,16,16,1.000,CFR,29.970,27247274,PCM,Little / Signed,sowt,134168,2,L R,48000,16
,,008_EricBellingerAnthem_SCB_v01.mov,1,,1,181,008,017,SCB,2m14.03s,,-,,,,,181_SAC_FERA,00_EricBellingerAnthem,\181_SAC_FERA\00_EricBellingerAnthem\008_EricBellingerAnthem_SCB_v01.mov,-,nclc,nclc,134168,332249461,1920,1080,1.778,CFR,29.970,5598103897,PCM,Little / Signed,sowt,134168,2,L R,48000,16
,01_JaNetMillerAnthem,010_JaNetMillerAnthem_AUDIO_v02.mov,2,,1,181,010,024,AUDIO,1m49.37s,,-,,,,7/21/2020 10:12:49,181_SAC_FERA,01_JaNetMillerAnthem,\181_SAC_FERA\01_JaNetMillerAnthem\010_JaNetMillerAnthem_AUDIO_v02.mov,-,nclc,nclc,109477,76944,16,16,1.000,CFR,29.970,22334223,PCM,Little / Signed,sowt,109477,2,L R,48000,16
,,018_JaNetMillerAnthem_SCB_v02.mov,2,,1,181,018,017,SCB,1m49.37s,,-,,,,7/21/2020 10:12:49,181_SAC_FERA,01_JaNetMillerAnthem,\181_SAC_FERA\01_JaNetMillerAnthem\018_JaNetMillerAnthem_SCB_v02.mov,-,nclc,nclc,109477,291953553,1920,1080,1.778,CFR,29.970,4016524885,PCM,Little / Signed,sowt,109477,2,L R,48000,16
,02_ErnestineBalisiAnthem,020_ErnestineBalisiAnthem_AUDIO_v02.mov,2,,1,181,020,024,AUDIO,1m28.2s,,-,,,,7/21/2020 10:12:21,181_SAC_FERA,02_ErnestineBalisiAnthem,\181_SAC_FERA\02_ErnestineBalisiAnthem\020_ErnestineBalisiAnthem_AUDIO_v02.mov,-,nclc,nclc,88289,76940,16,16,1.000,CFR,29.970,18036941,PCM,Little / Signed,sowt,88289,2,L R,48000,16
,,028_ErnestineBalisiAnthem_SCB_v02.mov,2,,1,181,028,017,SCB,1m28.2s,,-,,,,7/21/2020 10:12:21,181_SAC_FERA,02_ErnestineBalisiAnthem,\181_SAC_FERA\02_ErnestineBalisiAnthem\028_ErnestineBalisiAnthem_SCB_v02.mov,-,nclc,nclc,88289,287405362,1920,1080,1.778,CFR,29.970,3189003761,PCM,Little / Signed,sowt,88289,2,L R,48000,16
,03_IsabellaParagasAnthem,030_IsabellaParagasAnthem_AUDIO_v02.mov,2,,1,181,030,024,AUDIO,1m49.27s,,-,,,,7/21/2020 10:12:08,181_SAC_FERA,03_IsabellaParagasAnthem,\181_SAC_FERA\03_IsabellaParagasAnthem\030_IsabellaParagasAnthem_AUDIO_v02.mov,-,nclc,nclc,109376,70144,16,16,1.000,CFR,29.970,23067142,PCM,Little / Signed,sowt,109376,2,L R,48000,16
,,038_IsabellaParagasAnthem_SCB_v02.mov,2,,1,181,038,017,SCB,1m49.27s,,-,,,,7/21/2020 10:12:09,181_SAC_FERA,03_IsabellaParagasAnthem,\181_SAC_FERA\03_IsabellaParagasAnthem\038_IsabellaParagasAnthem_SCB_v02.mov,-,nclc,nclc,109376,318661009,1920,1080,1.778,CFR,29.970,4378843152,PCM,Little / Signed,sowt,109376,2,L R,48000,16
182_SAC_Image_1,00_KingsBranding,001_KingsBranding_AUD_F_v01.mov,1,,0,182,001,001,AUD_F,0.03s,,-,64,,Walk in default look ,7/23/2020 22:23:09,182_SAC_Image_1,00_KingsBranding,\182_SAC_Image_1\00_KingsBranding\001_KingsBranding_AUD_F_v01.mov,-,nclc,nclc,34,1141400257,5280,800,6.600,CFR,29.970,4783195,-,-,-,-,-,-,-,-
,,004_KingsBranding_RIB_F_v01.mov,1,,0,182,004,010,RIB_F,0.03s,,-,64,,,7/23/2020 22:23:13,182_SAC_Image_1,00_KingsBranding,\182_SAC_Image_1\00_KingsBranding\004_KingsBranding_RIB_F_v01.mov,-,nclc,nclc,34,1112317369,5280,800,6.600,CFR,29.970,4661923,-,-,-,-,-,-,-,-
,,008_KingsBranding_SCB_v00.mov,0,,0,182,008,017,SCB,0.03s,,-,64,,,,182_SAC_Image_1,00_KingsBranding,\182_SAC_Image_1\00_KingsBranding\008_KingsBranding_SCB_v00.mov,-,nclc,nclc,34,2137103637,9760,800,12.200,CFR,29.970,8936112,-,-,-,-,-,-,-,-
,01_SocialJusticeHowMany,011_SocialJusticeHowMany_AUD_F_v01.mov,1,,0,182,011,001,AUD_F,0.03s,,-,,,Use Social Justic as timeout and general background ,7/22/2020 14:00:20,182_SAC_Image_1,01_SocialJusticeHowMany,\182_SAC_Image_1\01_SocialJusticeHowMany\011_SocialJusticeHowMany_AUD_F_v01.mov,-,nclc,nclc,34,2653197347,10160,1600,6.350,CFR,29.970,11066735,-,-,-,-,-,-,-,-
,,018_SocialJusticeHowMany_SCB_v00.mov,0,,0,182,018,017,SCB,0.03s,,-,,,,,182_SAC_Image_1,01_SocialJusticeHowMany,\182_SAC_Image_1\01_SocialJusticeHowMany\018_SocialJusticeHowMany_SCB_v00.mov,-,nclc,nclc,34,364100975,1920,1080,1.778,CFR,29.970,1547554,-,-,-,-,-,-,-,-
,02_SocialJusticeAntiracist,021_SocialJusticeAntiRacist_AUD_F_v01.mov,1,,0,182,021,001,AUD_F,0.03s,,-,,,,7/22/2020 14:00:19,182_SAC_Image_1,02_SocialJusticeAntiracist,\182_SAC_Image_1\02_SocialJusticeAntiracist\021_SocialJusticeAntiRacist_AUD_F_v01.mov,-,nclc,nclc,34,2649418250,10160,1600,6.350,CFR,29.970,11050973,-,-,-,-,-,-,-,-
,,028_SocialJusticeAntiracist_SCB_v00.mov,0,,0,182,028,017,SCB,0.03s,,-,,,,,182_SAC_Image_1,02_SocialJusticeAntiracist,\182_SAC_Image_1\02_SocialJusticeAntiracist\028_SocialJusticeAntiracist_SCB_v00.mov,-,nclc,nclc,34,364015380,1920,1080,1.778,CFR,29.970,1547197,-,-,-,-,-,-,-,-
,03_SocialJusticeBLM,041_SocialJusticeEquality_AUD_F_v01.mov,1,Conflicting N/S Assets. Please Delete N/S Assets. Keep the full asset  -MH 7/23,0,182,041,001,AUD_F,,,-F,,,,7/23/2020 22:23:13,182_SAC_Image_1,03_SocialJusticeBLM,\182_SAC_Image_1\03_SocialJusticeBLM\041_SocialJusticeEquality_AUD_F_v01.mov,-F,No File,No File,No File,No File,No File,No File,No File,No File,No File,No File,No File,No File,No File,No File,No File,No File,No File,No File
,,048_SocialJusticeEquality_SCB_v00.mov,0,,0,182,048,017,SCB,,,-F,,,,,182_SAC_Image_1,03_SocialJusticeBLM,\182_SAC_Image_1\03_SocialJusticeBLM\048_SocialJusticeEquality_SCB_v00.mov,-F,No File,No File,No File,No File,No File,No File,No File,No File,No File,No File,No File,No File,No File,No File,No File,No File,No File,No File
,04_SocialJusticeEquality,041_SocialJusticeEquality_AUD_N_v00.mov,0,,0,182,041,002,AUD_N,0.03s,,-,,,,,182_SAC_Image_1,04_SocialJusticeEquality,\182_SAC_Image_1\04_SocialJusticeEquality\041_SocialJusticeEquality_AUD_N_v00.mov,-,nclc,nclc,34,723046869,5280,800,6.600,CFR,29.970,3044279,-,-,-,-,-,-,-,-
,,048_SocialJusticeEquality_SCB_v00.mov,0,,0,182,048,017,SCB,0.03s,,-,,,,,182_SAC_Image_1,04_SocialJusticeEquality,\182_SAC_Image_1\04_SocialJusticeEquality\048_SocialJusticeEquality_SCB_v00.mov,-,nclc,nclc,34,363885910,1920,1080,1.778,CFR,29.970,1546657,-,-,-,-,-,-,-,-
,05_SocialJusticePeace,051_SocialJusticePeace_AUD_N_v00.mov,0,Conflicting N/S Assets. Please Delete N/S Assets. Keep the full asset  -MH 7/23,0,182,051,002,AUD_N,0.03s,,-,,,,,182_SAC_Image_1,05_SocialJusticePeace,\182_SAC_Image_1\05_SocialJusticePeace\051_SocialJusticePeace_AUD_N_v00.mov,-,nclc,nclc,34,722911645,5280,800,6.600,CFR,29.970,3043715,-,-,-,-,-,-,-,-
,,058_SocialJusticePeace_SCB_v00.mov,0,,0,182,058,017,SCB,0.03s,,-,,,,,182_SAC_Image_1,05_SocialJusticePeace,\182_SAC_Image_1\05_SocialJusticePeace\058_SocialJusticePeace_SCB_v00.mov,-,nclc,nclc,34,363702493,1920,1080,1.778,CFR,29.970,1545892,-,-,-,-,-,-,-,-
,06_SocialJusticePower,061_SocialJusticePower_AUD_N_v00.mov,0,Conflicting N/S Assets. Please Delete N/S Assets. Keep the full asset  -MH 7/23,0,182,061,002,AUD_N,0.03s,,-,,,,,182_SAC_Image_1,06_SocialJusticePower,\182_SAC_Image_1\06_SocialJusticePower\061_SocialJusticePower_AUD_N_v00.mov,-,nclc,nclc,34,722780736,5280,800,6.600,CFR,29.970,3043169,-,-,-,-,-,-,-,-
,,068_SocialJusticePower_SCB_v00.mov,0,,0,182,068,017,SCB,0.03s,,-,,,,,182_SAC_Image_1,06_SocialJusticePower,\182_SAC_Image_1\06_SocialJusticePower\068_SocialJusticePower_SCB_v00.mov,-,nclc,nclc,34,364021134,1920,1080,1.778,CFR,29.970,1547221,-,-,-,-,-,-,-,-
,07_SocialJusticeSayHerName,071_SocialJusticeSayHerName_AUD_N_v00.mov,0,Conflicting N/S Assets. Please Delete N/S Assets. Keep the full asset  -MH 7/23,0,182,071,002,AUD_N,0.03s,,-,,,,,182_SAC_Image_1,07_SocialJusticeSayHerName,\182_SAC_Image_1\07_SocialJusticeSayHerName\071_SocialJusticeSayHerName_AUD_N_v00.mov,-,nclc,nclc,34,723137019,5280,800,6.600,CFR,29.970,3044655,-,-,-,-,-,-,-,-
,,078_SocialJusticeSayHerName_SCB_v00.mov,0,,0,182,078,017,SCB,0.03s,,-,,,,,182_SAC_Image_1,07_SocialJusticeSayHerName,\182_SAC_Image_1\07_SocialJusticeSayHerName\078_SocialJusticeSayHerName_SCB_v00.mov,-,nclc,nclc,34,363980615,1920,1080,1.778,CFR,29.970,1547052,-,-,-,-,-,-,-,-
,08_SocialJusticeRespect,081_SocialJusticeRespect_AUD_N_v00.mov,0,Conflicting N/S Assets. Please Delete N/S Assets. Keep the full asset  -MH 7/23,0,182,081,002,AUD_N,0.03s,,-,,,,,182_SAC_Image_1,08_SocialJusticeRespect,\182_SAC_Image_1\08_SocialJusticeRespect\081_SocialJusticeRespect_AUD_N_v00.mov,-,nclc,nclc,34,723737858,5280,800,6.600,CFR,29.970,3047161,-,-,-,-,-,-,-,-
,,088_SocialJusticeRespect_SCB_v00.mov,0,,0,182,088,017,SCB,0.03s,,-,,,,,182_SAC_Image_1,08_SocialJusticeRespect,\182_SAC_Image_1\08_SocialJusticeRespect\088_SocialJusticeRespect_SCB_v00.mov,-,nclc,nclc,34,364007708,1920,1080,1.778,CFR,29.970,1547165,-,-,-,-,-,-,-,-
,09_SocialJusticeEducation,091_SocialJusticeEducation_AUD_F_v01.mov,1,Conflicting N/S Assets. Please Delete N/S Assets. Keep the full asset  -MH 7/23,0,182,091,001,AUD_F,0.03s,,-,,,,7/23/2020 22:23:17,182_SAC_Image_1,09_SocialJusticeEducation,\182_SAC_Image_1\09_SocialJusticeEducation\091_SocialJusticeEducation_AUD_F_v01.mov,-,nclc,nclc,34,2653369494,10160,1600,6.350,CFR,29.970,11067453,-,-,-,-,-,-,-,-
,,098_SocialJusticeEducation_SCB_v00.mov,0,,0,182,098,017,SCB,0.03s,,-,,,,,182_SAC_Image_1,09_SocialJusticeEducation,\182_SAC_Image_1\09_SocialJusticeEducation\098_SocialJusticeEducation_SCB_v00.mov,-,nclc,nclc,34,364131424,1920,1080,1.778,CFR,29.970,1547681,-,-,-,-,-,-,-,-
,10_SocialJusticeEconomics,101_SocialJusticeEconomics_AUD_F_v01.mov,1,Conflicting N/S Assets. Please Delete N/S Assets. Keep the full asset  -MH 7/23,0,182,101,001,AUD_F,0.03s,,-,,,,,182_SAC_Image_1,10_SocialJusticeEconomics,\182_SAC_Image_1\10_SocialJusticeEconomics\101_SocialJusticeEconomics_AUD_F_v01.mov,-,nclc,nclc,34,2656153827,10160,1600,6.350,CFR,29.970,11079066,-,-,-,-,-,-,-,-
,,108_SocialJusticeEconomics_SCB_v00.mov,0,,0,182,108,017,SCB,0.03s,,-,,,,,182_SAC_Image_1,10_SocialJusticeEconomics,\182_SAC_Image_1\10_SocialJusticeEconomics\108_SocialJusticeEconomics_SCB_v00.mov,-,nclc,nclc,34,364311004,1920,1080,1.778,CFR,29.970,1548430,-,-,-,-,-,-,-,-
,11_SocialJusticeFreedom,111_SocialJusticeFreedom_AUD_F_v01.mov,1,Conflicting N/S Assets. Please Delete N/S Assets. Keep the full asset  -MH 7/23,0,182,111,001,AUD_F,0.03s,,-,,,,7/23/2020 22:23:17,182_SAC_Image_1,11_SocialJusticeFreedom,\182_SAC_Image_1\11_SocialJusticeFreedom\111_SocialJusticeFreedom_AUD_F_v01.mov,-,nclc,nclc,34,2646911079,10160,1600,6.350,CFR,29.970,11040516,-,-,-,-,-,-,-,-
,,118_SocialJusticeFreedom_SCB_v00.mov,0,,0,182,118,017,SCB,0.03s,,-,,,,,182_SAC_Image_1,11_SocialJusticeFreedom,\182_SAC_Image_1\11_SocialJusticeFreedom\118_SocialJusticeFreedom_SCB_v00.mov,-,nclc,nclc,34,363939616,1920,1080,1.778,CFR,29.970,1546881,-,-,-,-,-,-,-,-
,12_SocialJusticeSayTheirNames,121_SocialJusticeSayTheirNames_AUD_N_v00.mov,0,"No AUD-F, only N/S As of 7/23 - KH",0,182,121,002,AUD_N,0.03s,,-,,,,,182_SAC_Image_1,12_SocialJusticeSayTheirNames,\182_SAC_Image_1\12_SocialJusticeSayTheirNames\121_SocialJusticeSayTheirNames_AUD_N_v00.mov,-,nclc,nclc,34,723186649,5280,800,6.600,CFR,29.970,3043980,-,-,-,-,-,-,-,-
,,122_SocialJusticeSayTheirNames_AUD_S_v00.mov,0,,0,182,122,003,AUD_S,0.03s,,-,,,,,182_SAC_Image_1,12_SocialJusticeSayTheirNames,\182_SAC_Image_1\12_SocialJusticeSayTheirNames\122_SocialJusticeSayTheirNames_AUD_S_v00.mov,-,nclc,nclc,34,723186649,5280,800,6.600,CFR,29.970,3043980,-,-,-,-,-,-,-,-
,,128_SocialJusticeSayTheirNames_SCB_v00.mov,0,,0,182,128,017,SCB,0.03s,,-,,,,,182_SAC_Image_1,12_SocialJusticeSayTheirNames,\182_SAC_Image_1\12_SocialJusticeSayTheirNames\128_SocialJusticeSayTheirNames_SCB_v00.mov,-,nclc,nclc,34,363979416,1920,1080,1.778,CFR,29.970,1547047,-,-,-,-,-,-,-,-
,13_SocialJusticeSloboda,131_SocialJusticeSloboda_AUD_F_v01.mov,1,Conflicting N/S Assets. Please Delete N/S Assets. Keep the full asset  -MH 7/23,,182,131,001,AUD_F,0.03s,,-,,Missing from d3 -JL,,7/22/2020 14:02:54,182_SAC_Image_1,13_SocialJusticeSloboda,\182_SAC_Image_1\13_SocialJusticeSloboda\131_SocialJusticeSloboda_AUD_F_v01.mov,-,nclc,nclc,34,2647405944,10160,1600,6.350,CFR,29.970,11042580,-,-,-,-,-,-,-,-
,,138_SocialJusticeSloboda_SCB_v00.mov,0,,0,182,138,017,SCB,0.03s,,-,,,,,182_SAC_Image_1,13_SocialJusticeSloboda,\182_SAC_Image_1\13_SocialJusticeSloboda\138_SocialJusticeSloboda_SCB_v00.mov,-,nclc,nclc,34,363920435,1920,1080,1.778,CFR,29.970,1548497,-,-,-,-,-,-,-,-
183_SAC_Image_2,,,,,,,,,,,,-,,,,,183_SAC_Image_2,13_SocialJusticeSloboda,Skip,-,-,-,-,-,-,-,-,-,-,-,-,-,-,-,-,-,-,-
184_SAC_Video,00_GameIntro,000_Game Intro_AUDIO_v01.mov,1,,1,184,000,024,AUDIO,56.17s,,-,,,,,184_SAC_Video,00_GameIntro,\184_SAC_Video\00_GameIntro\000_Game Intro_AUDIO_v01.mov,-,nclc,nclc,56223,76383,16,16,1.000,CFR,29.970,14401456,PCM,Little / Signed,sowt,56223,2,L R,48000,16
,,008_Game Intro_SCB_v01.mov,1,,1,184,008,017,SCB,56.17s,,-,,,,,184_SAC_Video,00_GameIntro,\184_SAC_Video\00_GameIntro\008_Game Intro_SCB_v01.mov,-,nclc,nclc,56223,299669407,1920,1080,1.778,CFR,29.970,2119899642,PCM,Little / Signed,sowt,56223,2,L R,48000,16
,01_BLM_VivekSpeech,010_BLM_VivekSpeech_AUDIO_v01.mov,1,,1,184,010,024,AUDIO,52.93s,,-,,,first half videos only - 2 max per game only. All about social justice  ,,184_SAC_Video,01_BLM_VivekSpeech,\184_SAC_Video\01_BLM_VivekSpeech\010_BLM_VivekSpeech_AUDIO_v01.mov,-,nclc,nclc,52987,73363,16,16,1.000,CFR,29.970,10802933,PCM,Little / Signed,sowt,52987,2,L R,48000,16
,,018_BLM_VivekSpeech_SCB_v01.mov,1,,1,184,018,017,SCB,52.93s,,-,,,Use default look on Rib+AUD ,,184_SAC_Video,01_BLM_VivekSpeech,\184_SAC_Video\01_BLM_VivekSpeech\018_BLM_VivekSpeech_SCB_v01.mov,-,nclc,nclc,52987,201511832,1920,1080,1.778,CFR,29.970,1344988321,PCM,Little / Signed,sowt,52987,2,L R,48000,16
,02_BLM_BobbySpeech,020_BLM_BobbySpeech_AUDIO_v01.mov,1,,1,184,020,024,AUDIO,1m0.03s,,-,,,,,184_SAC_Video,02_BLM_BobbySpeech,\184_SAC_Video\02_BLM_BobbySpeech\020_BLM_BobbySpeech_AUDIO_v01.mov,-,nclc,nclc,60094,79316,16,16,1.000,CFR,29.970,12398767,PCM,Little / Signed,sowt,60094,2,L R,48000,16
,,028_BLM_BobbySpeech_SCB_v01.mov,1,,1,184,028,017,SCB,1m0.03s,,-,,,,,184_SAC_Video,02_BLM_BobbySpeech,\184_SAC_Video\02_BLM_BobbySpeech\028_BLM_BobbySpeech_SCB_v01.mov,-,nclc,nclc,60094,324015131,1920,1080,1.778,CFR,29.970,2445700414,PCM,Little / Signed,sowt,60094,2,L R,48000,16
,03_BLM_Businesses,030_BLM_Businesses_AUDIO_v01.mov,1,,1,184,030,024,AUDIO,51.87s,,-,,,,,184_SAC_Video,03_BLM_Businesses,\184_SAC_Video\03_BLM_Businesses\030_BLM_Businesses_AUDIO_v01.mov,-,nclc,nclc,51919,44172,16,16,1.000,CFR,29.970,10511756,PCM,Little / Signed,sowt,51919,2,L R,48000,16
,,038_BLM_Businesses_SCB_v01.mov,1,,1,184,038,017,SCB,51.87s,,-,,,,,184_SAC_Video,03_BLM_Businesses,\184_SAC_Video\03_BLM_Businesses\038_BLM_Businesses_SCB_v01.mov,-,nclc,nclc,51919,70455416,1920,1080,1.778,CFR,29.970,467468278,PCM,Little / Signed,sowt,51919,2,L R,48000,16
,04_BLM_HBSpeech,040_BLM_HBSpeech_AUDIO_v01.mov,1,,1,184,040,024,AUDIO,1m0.03s,,-,,,,,184_SAC_Video,04_BLM_HBSpeech,\184_SAC_Video\04_BLM_HBSpeech\040_BLM_HBSpeech_AUDIO_v01.mov,-,nclc,nclc,60094,74764,16,16,1.000,CFR,29.970,12255581,PCM,Little / Signed,sowt,60094,2,L R,48000,16
,,048_BLM_HBSpeech_SCB_v01.mov,1,,1,184,048,017,SCB,1m0.03s,,-,,,,,184_SAC_Video,04_BLM_HBSpeech,\184_SAC_Video\04_BLM_HBSpeech\048_BLM_HBSpeech_SCB_v01.mov,-,nclc,nclc,60094,185815056,1920,1080,1.778,CFR,29.970,1407476912,PCM,Little / Signed,sowt,60094,2,L R,48000,16
,05_BLM_PSA,050_BLM_PSA_AUDIO_v01.mov,1,,1,184,050,024,AUDIO,1m44.8s,,-,,,,,184_SAC_Video,05_BLM_PSA,\184_SAC_Video\05_BLM_PSA\050_BLM_PSA_AUDIO_v01.mov,-,nclc,nclc,104905,47111,16,16,1.000,CFR,29.970,21734800,PCM,Little / Signed,sowt,104905,2,L R,48000,16
,,058_BLM_PSA_SCB_v01.mov,1,,1,184,058,017,SCB,1m44.8s,,-,,,,,184_SAC_Video,05_BLM_PSA,\184_SAC_Video\05_BLM_PSA\058_BLM_PSA_SCB_v01.mov,-,nclc,nclc,104905,114972220,1920,1080,1.778,CFR,29.970,1528760758,PCM,Little / Signed,sowt,104905,2,L R,48000,16
,06_BLM_CriminalJustice,060_BLM_CriminalJustice_AUDIO_v01.mov,1,,1,184,060,024,AUDIO,1m0.17s,,-,,,,,184_SAC_Video,06_BLM_CriminalJustice,\184_SAC_Video\06_BLM_CriminalJustice\060_BLM_CriminalJustice_AUDIO_v01.mov,-,nclc,nclc,60227,50997,16,16,1.000,CFR,29.970,12141207,PCM,Little / Signed,sowt,60227,2,L R,48000,16
,,068_BLM_CriminalJustice_SCB_v01.mov,1,,1,184,068,017,SCB,1m0.17s,,-,,,,,184_SAC_Video,06_BLM_CriminalJustice,\184_SAC_Video\06_BLM_CriminalJustice\068_BLM_CriminalJustice_SCB_v01.mov,-,nclc,nclc,60227,168808256,1920,1080,1.778,CFR,29.970,1282606891,PCM,Little / Signed,sowt,60227,2,L R,48000,16
,07_BLM_KingsQueens,070_BLM_KingsQueens_AUDIO_v01.mov,1,,1,184,070,024,AUDIO,54.33s,,-,,,,,184_SAC_Video,07_BLM_KingsQueens,\184_SAC_Video\07_BLM_KingsQueens\070_BLM_KingsQueens_AUDIO_v01.mov,-,nclc,nclc,54388,81525,16,16,1.000,CFR,29.970,11441800,PCM,Little / Signed,sowt,54388,2,L R,48000,16
,,078_BLM_KingsQueens_SCB_v01.mov,1,,1,184,078,017,SCB,54.33s,,-,,,,,184_SAC_Video,07_BLM_KingsQueens,\184_SAC_Video\07_BLM_KingsQueens\078_BLM_KingsQueens_SCB_v01.mov,-,nclc,nclc,54388,358698516,1920,1080,1.778,CFR,29.970,2449486915,PCM,Little / Signed,sowt,54388,2,L R,48000,16
,08_BLM_BuildBlack,080_BLM_BuildBlack_AUDIO_v01.mov,1,,1,184,080,024,AUDIO,54.7s,,-,,,,,184_SAC_Video,08_BLM_BuildBlack,\184_SAC_Video\08_BLM_BuildBlack\080_BLM_BuildBlack_AUDIO_v01.mov,-,nclc,nclc,54755,77940,16,16,1.000,CFR,29.970,11176776,PCM,Little / Signed,sowt,54755,2,L R,48000,16
,,088_BLM_BuildBlack_SCB_v01.mov,1,,1,184,088,017,SCB,54.7s,,-,,,,,184_SAC_Video,08_BLM_BuildBlack,\184_SAC_Video\08_BLM_BuildBlack\088_BLM_BuildBlack_SCB_v01.mov,-,nclc,nclc,54755,264758065,1920,1080,1.778,CFR,29.970,1822738697,PCM,Little / Signed,sowt,54755,2,L R,48000,16
,09_BLM_RicoHines,090_BLM_RicoHines_AUDIO_v01.mov,1,,1,184,090,024,AUDIO,33.8s,,-,,,,,184_SAC_Video,09_BLM_RicoHines,\184_SAC_Video\09_BLM_RicoHines\090_BLM_RicoHines_AUDIO_v01.mov,-,nclc,nclc,33834,66417,16,16,1.000,CFR,29.970,6989405,PCM,Little / Signed,sowt,33834,2,L R,48000,16
,,098_BLM_RicoHines_SCB_v01.mov,1,,1,184,098,017,SCB,33.8s,,-,,,,,184_SAC_Video,09_BLM_RicoHines,\184_SAC_Video\09_BLM_RicoHines\098_BLM_RicoHines_SCB_v01.mov,-,nclc,nclc,33834,173046961,1920,1080,1.778,CFR,29.970,738563778,PCM,Little / Signed,sowt,33834,2,L R,48000,16
,10_HL_Top10Crossovers,100_HL_Top10Crossovers_AUDIO_v01.mov,1,,1,184,100,024,AUDIO,2m20.6s,,-,,,Top 10s are used only in the first half ,,184_SAC_Video,10_HL_Top10Crossovers,\184_SAC_Video\10_HL_Top10Crossovers\100_HL_Top10Crossovers_AUDIO_v01.mov,-,nclc,nclc,140741,80353,16,16,1.000,CFR,29.970,29081087,PCM,Little / Signed,sowt,140741,2,L R,48000,16
,,108_HL_Top10Crossovers_SCB_v01.mov,1,,1,184,108,017,SCB,2m20.6s,,-,,,,,184_SAC_Video,10_HL_Top10Crossovers,\184_SAC_Video\10_HL_Top10Crossovers\108_HL_Top10Crossovers_SCB_v01.mov,-,nclc,nclc,140741,344947790,1920,1080,1.778,CFR,29.970,6096193403,PCM,Little / Signed,sowt,140741,2,L R,48000,16
,11_HL_Top10Giles,110_HL_Top10Giles_AUDIO_v01.mov,1,,1,184,110,024,AUDIO,2m7.13s,,-,,,,,184_SAC_Video,11_HL_Top10Giles,\184_SAC_Video\11_HL_Top10Giles\110_HL_Top10Giles_AUDIO_v01.mov,-,nclc,nclc,127261,80375,16,16,1.000,CFR,29.970,26258670,PCM,Little / Signed,sowt,127261,2,L R,48000,16
,,118_HL_Top10Giles_SCB_v01.mov,1,,1,184,118,017,SCB,2m7.13s,,-,,,,,184_SAC_Video,11_HL_Top10Giles,\184_SAC_Video\11_HL_Top10Giles\118_HL_Top10Giles_SCB_v01.mov,-,nclc,nclc,127261,369868924,1920,1080,1.778,CFR,29.970,5908697467,PCM,Little / Signed,sowt,127261,2,L R,48000,16
,12_HL_Top10Hield,120_HL_Top10Hield_AUDIO_v01.mov,1,,1,184,120,024,AUDIO,2m1.2s,,-,,,,,184_SAC_Video,12_HL_Top10Hield,\184_SAC_Video\12_HL_Top10Hield\120_HL_Top10Hield_AUDIO_v01.mov,-,nclc,nclc,121322,79796,16,16,1.000,CFR,29.970,25044109,PCM,Little / Signed,sowt,121322,2,L R,48000,16
,,128_HL_Top10Hield_SCB_v01.mov,1,,1,184,128,017,SCB,2m1.2s,,-,,,,,184_SAC_Video,12_HL_Top10Hield,\184_SAC_Video\12_HL_Top10Hield\128_HL_Top10Hield_SCB_v01.mov,-,nclc,nclc,121322,346165401,1920,1080,1.778,CFR,29.970,5273489467,PCM,Little / Signed,sowt,121322,2,L R,48000,16
,13_HL_HieldMixtape,130_HL_HieldMixtape_AUDIO_v01.mov,1,,1,184,130,024,AUDIO,0m59.97s,,-,,,,,184_SAC_Video,13_HL_HieldMixtape,\184_SAC_Video\13_HL_HieldMixtape\130_HL_HieldMixtape_AUDIO_v01.mov,-,nclc,nclc,60027,79489,16,16,1.000,CFR,29.970,12764187,PCM,Little / Signed,sowt,60027,2,L R,48000,16
,,138_HL_HieldMixtape_SCB_v01.mov,1,,1,184,138,017,SCB,0m59.97s,,-,,,,,184_SAC_Video,13_HL_HieldMixtape,\184_SAC_Video\13_HL_HieldMixtape\138_HL_HieldMixtape_SCB_v01.mov,-,nclc,nclc,60027,374805950,1920,1080,1.778,CFR,29.970,2824462987,PCM,Little / Signed,sowt,60027,2,L R,48000,16
,14_HL_LockoutPSA,140_HL_LockoutPSA_AUDIO_v01.mov,1,,1,184,140,024,AUDIO,1m34.8s,,-,,,,,184_SAC_Video,14_HL_LockoutPSA,\184_SAC_Video\14_HL_LockoutPSA\140_HL_LockoutPSA_AUDIO_v01.mov,-,nclc,nclc,94895,75965,16,16,1.000,CFR,29.970,20283998,PCM,Little / Signed,sowt,94895,2,L R,48000,16
,,148_HL_LockoutPSA_SCB_v01.mov,1,,1,184,148,017,SCB,1m34.8s,,-,,,,,184_SAC_Video,14_HL_LockoutPSA,\184_SAC_Video\14_HL_LockoutPSA\148_HL_LockoutPSA_SCB_v01.mov,-,nclc,nclc,94895,335785203,1920,1080,1.778,CFR,29.970,4002420594,PCM,Little / Signed,sowt,94895,2,L R,48000,16
,15_HL_DontDoIt,150_HL_DontDoIt_AUDIO_v01.mov,1,,1,184,150,024,AUDIO,0m60s,,-,,,NIKE VIDEO - ONLY Non - Televised ,,184_SAC_Video,15_HL_DontDoIt,\184_SAC_Video\15_HL_DontDoIt\150_HL_DontDoIt_AUDIO_v01.mov,-,nclc,nclc,60060,32992,16,16,1.000,CFR,29.970,11872385,PCM,Little / Signed,sowt,60060,2,L R,48000,16
,,158_HL_DontDoIt_SCB_v01.mov,1,,1,184,158,017,SCB,0m60s,,-,,,,,184_SAC_Video,15_HL_DontDoIt,\184_SAC_Video\15_HL_DontDoIt\158_HL_DontDoIt_SCB_v01.mov,-,nclc,nclc,60060,12736464,1920,1080,1.778,CFR,29.970,107243795,PCM,Little / Signed,sowt,60060,2,L R,48000,16
,16_HL_Top5InGame,160_HL_Top5InGame_AUDIO_v01.mov,1,,1,184,160,024,AUDIO,1m58.2s,,-,,,,,184_SAC_Video,16_HL_Top5InGame,\184_SAC_Video\16_HL_Top5InGame\160_HL_Top5InGame_AUDIO_v01.mov,-,nclc,nclc,118319,81468,16,16,1.000,CFR,29.970,24471607,PCM,Little / Signed,sowt,118319,2,L R,48000,16
,,168_HL_Top5InGame_SCB_v01.mov,1,,1,184,168,017,SCB,1m58.2s,,-,,,,,184_SAC_Video,16_HL_Top5InGame,\184_SAC_Video\16_HL_Top5InGame\168_HL_Top5InGame_SCB_v01.mov,-,nclc,nclc,118319,373436651,1920,1080,1.778,CFR,29.970,5546316277,PCM,Little / Signed,sowt,118319,2,L R,48000,16
,17_HL_Top10Fox,170_HL_Top10Fox_AUDIO_v01.mov,1,,1,184,170,024,AUDIO,2m59.8s,,-,,,,,184_SAC_Video,17_HL_Top10Fox,\184_SAC_Video\17_HL_Top10Fox\170_HL_Top10Fox_AUDIO_v01.mov,-,nclc,nclc,179980,79671,16,16,1.000,CFR,29.970,37250991,PCM,Little / Signed,sowt,179980,2,L R,48000,16
,,178_HL_Top10Fox_SCB_v01.mov,1,,1,184,178,017,SCB,2m59.8s,,-,,,,,184_SAC_Video,17_HL_Top10Fox,\184_SAC_Video\17_HL_Top10Fox\178_HL_Top10Fox_SCB_v01.mov,-,nclc,nclc,179980,372068869,1920,1080,1.778,CFR,29.970,8406077034,PCM,Little / Signed,sowt,179980,2,L R,48000,16
,18_HL_Top10Bogi,180_HL_Top10Bogi_AUDIO_v01.mov,1,,1,184,180,024,AUDIO,2m10.63s,,-,,,,,184_SAC_Video,18_HL_Top10Bogi,\184_SAC_Video\18_HL_Top10Bogi\180_HL_Top10Bogi_AUDIO_v01.mov,-,nclc,nclc,130764,79761,16,16,1.000,CFR,29.970,27253625,PCM,Little / Signed,sowt,130764,2,L R,48000,16
,,188_HL_Top10Bogi_SCB_v01.mov,1,,1,184,188,017,SCB,2m10.63s,,-,,,,,184_SAC_Video,18_HL_Top10Bogi,\184_SAC_Video\18_HL_Top10Bogi\188_HL_Top10Bogi_SCB_v01.mov,-,nclc,nclc,130764,377700357,1920,1080,1.778,CFR,29.970,6199655666,PCM,Little / Signed,sowt,130764,2,L R,48000,16
,19_HL_Top10Holmes,190_HL_Top10Holmes_AUDIO_v01.mov,1,,1,184,190,024,AUDIO,1m48.17s,,-,,,,,184_SAC_Video,19_HL_Top10Holmes,\184_SAC_Video\19_HL_Top10Holmes\190_HL_Top10Holmes_AUDIO_v01.mov,-,nclc,nclc,108275,79864,16,16,1.000,CFR,29.970,22775153,PCM,Little / Signed,sowt,108275,2,L R,48000,16
,,198_HL_Top10Holmes_SCB_v01.mov,1,,1,184,198,017,SCB,1m48.17s,,-,,,,,184_SAC_Video,19_HL_Top10Holmes,\184_SAC_Video\19_HL_Top10Holmes\198_HL_Top10Holmes_SCB_v01.mov,-,nclc,nclc,108275,361205847,1920,1080,1.778,CFR,29.970,4910387000,PCM,Little / Signed,sowt,108275,2,L R,48000,16
,20_SpokenWord,200_SpokenWord_AUDIO_v01.mov,1,Audio is SUPER low. Needs to be checked - MH 7/22,1,184,200,024,AUDIO,4m3.27s,,-,,,Play at half time only. Very long video ,,184_SAC_Video,20_SpokenWord,\184_SAC_Video\20_SpokenWord\200_SpokenWord_AUDIO_v01.mov,-,nclc,nclc,243510,82281,16,16,1.000,CFR,29.970,49600968,PCM,Little / Signed,sowt,243510,2,L R,48000,16
,,208_SpokenWord_SCB_v01.mov,1,,1,184,208,017,SCB,4m2.07s,,-,,,,,184_SAC_Video,20_SpokenWord,\184_SAC_Video\20_SpokenWord\208_SpokenWord_SCB_v01.mov,-,nclc,nclc,242309,425371702,1920,1080,1.778,CFR,29.970,12930791300,PCM,Little / Signed,sowt,242332,2,L R,48000,16
,21_BLM_ProtestRecap,210_BLM_ProtestRecap_AUDIO_v01.mov,1,No Audio on the Audio clip - MH 7/22,1,184,210,024,AUDIO,1m0.03s,,-A,,,,,184_SAC_Video,21_BLM_ProtestRecap,\184_SAC_Video\21_BLM_ProtestRecap\210_BLM_ProtestRecap_AUDIO_v01.mov,-A,nclc,nclc,60093,79316,16,16,1.000,CFR,29.970,12235910,PCM,Little / Signed,lpcm,60093,2,L R,48000,16
,,218_BLM_ProtestRecap_SCB_v01.mov,1,,1,184,218,017,SCB,1m0.03s,,-,,,,,184_SAC_Video,21_BLM_ProtestRecap,\184_SAC_Video\21_BLM_ProtestRecap\218_BLM_ProtestRecap_SCB_v01.mov,-,nclc,nclc,60094,324014635,1920,1080,1.778,CFR,29.970,2445696689,PCM,Little / Signed,sowt,60094,2,L R,48000,16
185_SAC_Misc,,,,,,,,,,,,-,,,,,185_SAC_Misc,21_BLM_ProtestRecap,Skip,-,-,-,-,-,-,-,-,-,-,-,-,-,-,-,-,-,-,-
186_SAC_Intros_1,00_PlayerIntro_Bagley,001_PlayerIntro_Bagley_AUD_F_v01.mov,1,,1,186,001,001,AUD_F,0.03s,,-C,15,,Do NOT run in game. Intro only. ,,186_SAC_Intros_1,00_PlayerIntro_Bagley,\186_SAC_Intros_1\00_PlayerIntro_Bagley\001_PlayerIntro_Bagley_AUD_F_v01.mov,-C,RLE,rle ,33,627976035,10160,1600,6.350,CFR,29.970,3667766,-,-,-,-,-,-,-,-
,,004_PlayerIntro_Bagley_RIB_F_v01.mov,1,,,186,004,010,RIB_F,0.03s,,-,15,,,7/21/2020 10:23:19,186_SAC_Intros_1,00_PlayerIntro_Bagley,\186_SAC_Intros_1\00_PlayerIntro_Bagley\004_PlayerIntro_Bagley_RIB_F_v01.mov,-,nclc,nclc,34,35332232,9504,144,66.000,CFR,29.970,148045,-,-,-,-,-,-,-,-
,,008_PlayerIntro_Bagley_SCB_v01.mov,1,,,186,008,017,SCB,12s,,-,15,,,7/21/2020 10:23:20,186_SAC_Intros_1,00_PlayerIntro_Bagley,\186_SAC_Intros_1\00_PlayerIntro_Bagley\008_PlayerIntro_Bagley_SCB_v01.mov,-,nclc,nclc,12012,206810666,1920,1080,1.778,CFR,29.970,312916949,PCM,Little / Signed,sowt,12012,2,L R,48000,16
,01_PlayerIntro_Barnes,011_PlayerIntro_Barnes_AUD_F_v01.mov,1,,1,186,011,001,AUD_F,0.03s,,-,16,,Default on AUD + RIB ,,186_SAC_Intros_1,01_PlayerIntro_Barnes,\186_SAC_Intros_1\01_PlayerIntro_Barnes\011_PlayerIntro_Barnes_AUD_F_v01.mov,-,nclc,nclc,34,228620990,10160,1600,6.350,CFR,29.970,954221,-,-,-,-,-,-,-,-
,,014_PlayerIntro_Barnes_RIB_F_v01.mov,1,,,186,014,010,RIB_F,0.03s,,-,16,,,7/21/2020 10:23:19,186_SAC_Intros_1,01_PlayerIntro_Barnes,\186_SAC_Intros_1\01_PlayerIntro_Barnes\014_PlayerIntro_Barnes_RIB_F_v01.mov,-,nclc,nclc,34,37156806,9504,144,66.000,CFR,29.970,155655,-,-,-,-,-,-,-,-
,,018_PlayerIntro_Barnes_SCB_v01.mov,1,,,186,018,017,SCB,12s,,-,16,,,7/21/2020 10:23:18,186_SAC_Intros_1,01_PlayerIntro_Barnes,\186_SAC_Intros_1\01_PlayerIntro_Barnes\018_PlayerIntro_Barnes_SCB_v01.mov,-,nclc,nclc,12012,227337105,1920,1080,1.778,CFR,29.970,343724604,PCM,Little / Signed,sowt,12012,2,L R,48000,16
,02_PlayerIntro_Bazemore,028_PlayerIntro_Bazemore_SCB_v01.mov,1,other rasters not delivered? kh,1,186,028,017,SCB,12s,,-,,,,,186_SAC_Intros_1,02_PlayerIntro_Bazemore,\186_SAC_Intros_1\02_PlayerIntro_Bazemore\028_PlayerIntro_Bazemore_SCB_v01.mov,-,nclc,nclc,12012,156705854,1920,1080,1.778,CFR,29.970,238053749,PCM,Little / Signed,sowt,12012,2,L R,48000,16
,03_PlayerIntro_Bjelica,031_PlayerIntro_Bjelica_AUD_F_v01.mov,1,,1,186,031,001,AUD_F,0.03s,,-,17,,,,186_SAC_Intros_1,03_PlayerIntro_Bjelica,\186_SAC_Intros_1\03_PlayerIntro_Bjelica\031_PlayerIntro_Bjelica_AUD_F_v01.mov,-,nclc,nclc,34,219581319,10160,1600,6.350,CFR,29.970,916518,-,-,-,-,-,-,-,-
,,034_PlayerIntro_Bjelica_RIB_F_v01.mov,1,,,186,034,010,RIB_F,0.03s,,-,17,,,7/21/2020 10:23:18,186_SAC_Intros_1,03_PlayerIntro_Bjelica,\186_SAC_Intros_1\03_PlayerIntro_Bjelica\034_PlayerIntro_Bjelica_RIB_F_v01.mov,-,nclc,nclc,34,35410874,9504,144,66.000,CFR,29.970,148373,-,-,-,-,-,-,-,-
,,038_PlayerIntro_Bjelica_SCB_v01.mov,1,,,186,038,017,SCB,12s,,-,17,,,7/21/2020 10:23:17,186_SAC_Intros_1,03_PlayerIntro_Bjelica,\186_SAC_Intros_1\03_PlayerIntro_Bjelica\038_PlayerIntro_Bjelica_SCB_v01.mov,-,nclc,nclc,12012,196844166,1920,1080,1.778,CFR,29.970,297952183,PCM,Little / Signed,sowt,12012,2,L R,48000,16
,04_PlayerIntro_Bogdanovic,041_PlayerIntro_Bogdanovic_AUD_F_v01.mov,1,,1,186,041,001,AUD_F,0.03s,,-,4,,,,186_SAC_Intros_1,04_PlayerIntro_Bogdanovic,\186_SAC_Intros_1\04_PlayerIntro_Bogdanovic\041_PlayerIntro_Bogdanovic_AUD_F_v01.mov,-,nclc,nclc,34,215098766,10160,1600,6.350,CFR,29.970,897822,-,-,-,-,-,-,-,-
,,044_PlayerIntro_Bogdanovic_RIB_F_v01.mov,1,,,186,044,010,RIB_F,0.03s,,-,4,,,7/21/2020 10:23:15,186_SAC_Intros_1,04_PlayerIntro_Bogdanovic,\186_SAC_Intros_1\04_PlayerIntro_Bogdanovic\044_PlayerIntro_Bogdanovic_RIB_F_v01.mov,-,nclc,nclc,34,36045039,9504,144,66.000,CFR,29.970,151018,-,-,-,-,-,-,-,-
,,048_PlayerIntro_Bogdanovic_SCB_v01.mov,1,,,186,048,017,SCB,12s,,-,4,,,7/21/2020 10:23:15,186_SAC_Intros_1,04_PlayerIntro_Bogdanovic,\186_SAC_Intros_1\04_PlayerIntro_Bogdanovic\048_PlayerIntro_Bogdanovic_SCB_v01.mov,-,nclc,nclc,12012,210971439,1920,1080,1.778,CFR,29.970,319151544,PCM,Little / Signed,sowt,12012,2,L R,48000,16
,05_PlayerIntro_Fox,051_PlayerIntro_Fox_AUD_F_v01.mov,1,,1,186,051,001,AUD_F,0.03s,,-,2,,,,186_SAC_Intros_1,05_PlayerIntro_Fox,\186_SAC_Intros_1\05_PlayerIntro_Fox\051_PlayerIntro_Fox_AUD_F_v01.mov,-,nclc,nclc,34,207658294,10160,1600,6.350,CFR,29.970,866789,-,-,-,-,-,-,-,-
,,054_PlayerIntro_Fox_RIB_F_v01.mov,1,,,186,054,010,RIB_F,0.03s,,-,2,,,7/21/2020 10:23:15,186_SAC_Intros_1,05_PlayerIntro_Fox,\186_SAC_Intros_1\05_PlayerIntro_Fox\054_PlayerIntro_Fox_RIB_F_v01.mov,-,nclc,nclc,34,32493474,9504,144,66.000,CFR,29.970,136205,-,-,-,-,-,-,-,-
,,058_PlayerIntro_Fox_SCB_v01.mov,1,,,186,058,017,SCB,12s,,-,2,,,7/21/2020 10:23:14,186_SAC_Intros_1,05_PlayerIntro_Fox,\186_SAC_Intros_1\05_PlayerIntro_Fox\058_PlayerIntro_Fox_SCB_v01.mov,-,nclc,nclc,12012,217330683,1920,1080,1.778,CFR,29.970,328718359,PCM,Little / Signed,sowt,12012,2,L R,48000,16
,06_PlayerIntro_Giles,061_PlayerIntro_Giles_AUD_F_v01.mov,1,,1,186,061,001,AUD_F,0.03s,,-,9,,,,186_SAC_Intros_1,06_PlayerIntro_Giles,\186_SAC_Intros_1\06_PlayerIntro_Giles\061_PlayerIntro_Giles_AUD_F_v01.mov,-,nclc,nclc,34,205797037,10160,1600,6.350,CFR,29.970,859026,-,-,-,-,-,-,-,-
,,064_PlayerIntro_Giles_RIB_F_v01.mov,1,,,186,064,010,RIB_F,0.03s,,-,9,,,7/21/2020 10:23:11,186_SAC_Intros_1,06_PlayerIntro_Giles,\186_SAC_Intros_1\06_PlayerIntro_Giles\064_PlayerIntro_Giles_RIB_F_v01.mov,-,nclc,nclc,34,30962846,9504,144,66.000,CFR,29.970,129821,-,-,-,-,-,-,-,-
,,068_PlayerIntro_Giles_SCB_v01.mov,1,,,186,068,017,SCB,12s,,-,9,,,,186_SAC_Intros_1,06_PlayerIntro_Giles,\186_SAC_Intros_1\06_PlayerIntro_Giles\068_PlayerIntro_Giles_SCB_v01.mov,-,nclc,nclc,12012,203946929,1920,1080,1.778,CFR,29.970,308608134,PCM,Little / Signed,sowt,12012,2,L R,48000,16
,07_PlayerIntro_Hield,071_PlayerIntro_Hield_AUD_F_v01.mov,1,,1,186,071,001,AUD_F,0.03s,,-,11,,,,186_SAC_Intros_1,07_PlayerIntro_Hield,\186_SAC_Intros_1\07_PlayerIntro_Hield\071_PlayerIntro_Hield_AUD_F_v01.mov,-,nclc,nclc,34,194206559,10160,1600,6.350,CFR,29.970,810684,-,-,-,-,-,-,-,-
,,074_PlayerIntro_Hield_RIB_F_v01.mov,1,,,186,074,010,RIB_F,0.03s,,-,11,,,7/21/2020 10:23:11,186_SAC_Intros_1,07_PlayerIntro_Hield,\186_SAC_Intros_1\07_PlayerIntro_Hield\074_PlayerIntro_Hield_RIB_F_v01.mov,-,nclc,nclc,34,28580351,9504,144,66.000,CFR,29.970,119884,-,-,-,-,-,-,-,-
,,078_PlayerIntro_Hield_SCB_v01.mov,1,,,186,078,017,SCB,12s,,-,11,,,7/21/2020 10:23:11,186_SAC_Intros_1,07_PlayerIntro_Hield,\186_SAC_Intros_1\07_PlayerIntro_Hield\078_PlayerIntro_Hield_SCB_v01.mov,-,nclc,nclc,12012,199672437,1920,1080,1.778,CFR,29.970,302205210,PCM,Little / Signed,sowt,12012,2,L R,48000,16
,08_PlayerIntro_Holmes,081_PlayerIntro_Holmes_AUD_F_v01.mov,1,,1,186,081,001,AUD_F,0.03s,,-,10,,,,186_SAC_Intros_1,08_PlayerIntro_Holmes,\186_SAC_Intros_1\08_PlayerIntro_Holmes\081_PlayerIntro_Holmes_AUD_F_v01.mov,-,nclc,nclc,34,222142195,10160,1600,6.350,CFR,29.970,927199,-,-,-,-,-,-,-,-
,,084_PlayerIntro_Holmes_RIB_F_v01.mov,1,,,186,084,010,RIB_F,0.03s,,-,10,,,7/21/2020 10:23:10,186_SAC_Intros_1,08_PlayerIntro_Holmes,\186_SAC_Intros_1\08_PlayerIntro_Holmes\084_PlayerIntro_Holmes_RIB_F_v01.mov,-,nclc,nclc,34,34624461,9504,144,66.000,CFR,29.970,145093,-,-,-,-,-,-,-,-
,,088_PlayerIntro_Holmes_SCB_v01.mov,1,,,186,088,017,SCB,12s,,-,10,,,7/22/2020 10:51:33,186_SAC_Intros_1,08_PlayerIntro_Holmes,\186_SAC_Intros_1\08_PlayerIntro_Holmes\088_PlayerIntro_Holmes_SCB_v01.mov,-,nclc,nclc,12012,198980329,1920,1080,1.778,CFR,29.970,301159631,PCM,Little / Signed,sowt,12012,2,L R,48000,16
,09_PlayerIntro_Joseph,091_PlayerIntro_Joseph_AUD_F_v01.mov,1,,1,186,091,001,AUD_F,0.03s,,-,5,,,,186_SAC_Intros_1,09_PlayerIntro_Joseph,\186_SAC_Intros_1\09_PlayerIntro_Joseph\091_PlayerIntro_Joseph_AUD_F_v01.mov,-,nclc,nclc,34,197053469,10160,1600,6.350,CFR,29.970,822558,-,-,-,-,-,-,-,-
,,094_PlayerIntro_Joseph_RIB_F_v01.mov,1,,,186,094,010,RIB_F,0.03s,,-,5,,,7/21/2020 10:23:08,186_SAC_Intros_1,09_PlayerIntro_Joseph,\186_SAC_Intros_1\09_PlayerIntro_Joseph\094_PlayerIntro_Joseph_RIB_F_v01.mov,-,nclc,nclc,34,30918730,9504,144,66.000,CFR,29.970,129637,-,-,-,-,-,-,-,-
,,098_PlayerIntro_Joseph_SCB_v01.mov,1,,,186,098,017,SCB,12s,,-,5,,,7/21/2020 10:23:08,186_SAC_Intros_1,09_PlayerIntro_Joseph,\186_SAC_Intros_1\09_PlayerIntro_Joseph\098_PlayerIntro_Joseph_SCB_v01.mov,-,nclc,nclc,12012,218344807,1920,1080,1.778,CFR,29.970,330236671,PCM,Little / Signed,sowt,12012,2,L R,48000,16
,10_PlayerIntro_Len,108_PlayerIntro_Len_SCB_v01.mov,1,,1,186,108,017,SCB,12s,,-,,,,,186_SAC_Intros_1,10_PlayerIntro_Len,\186_SAC_Intros_1\10_PlayerIntro_Len\108_PlayerIntro_Len_SCB_v01.mov,-,nclc,nclc,12012,150689361,1920,1080,1.778,CFR,29.970,229006796,PCM,Little / Signed,sowt,12012,2,L R,48000,16
187_SAC_Intros_2,,,,,,,,,,,,-,,,,,187_SAC_Intros_2,10_PlayerIntro_Len,Skip,-,-,-,-,-,-,-,-,-,-,-,-,-,-,-,-,-,-,-
188_SAC_Intros_3,,,,,,,,,,,,-,,,,,188_SAC_Intros_3,10_PlayerIntro_Len,Skip,-,-,-,-,-,-,-,-,-,-,-,-,-,-,-,-,-,-,-
189_SAC_CRN_ROTATE,00_Verizon,007_Verizon_CRN_v01.mov,1,,,189,007,014,CRN,0.03s,,-,,,,7/21/2020 10:23:06,189_SAC_CRN_ROTATE,00_Verizon,\189_SAC_CRN_ROTATE\00_Verizon\007_Verizon_CRN_v01.mov,-,nclc,nclc,34,6725987,3328,208,16.000,CFR,29.970,44083,-,-,-,-,-,-,-,-
,01_Chick-fil-A,017_ChickfilA_CRN_v01.mov,1,,,189,017,014,CRN,0.03s,,-,,,,7/21/2020 10:23:05,189_SAC_CRN_ROTATE,01_Chick-fil-A,\189_SAC_CRN_ROTATE\01_Chick-fil-A\017_ChickfilA_CRN_v01.mov,-,nclc,nclc,34,15127657,3328,208,16.000,CFR,29.970,79125,-,-,-,-,-,-,-,-
,02_CAOTS,027_CAOTS_CRN_v01.mov,1,,,189,027,014,CRN,,,-F,,,,7/21/2020 10:23:05,189_SAC_CRN_ROTATE,02_CAOTS,\189_SAC_CRN_ROTATE\02_CAOTS\027_CAOTS_CRN_v01.mov,-F,No File,No File,No File,No File,No File,No File,No File,No File,No File,No File,No File,No File,No File,No File,No File,No File,No File,No File
,,,,,,,,,,,,-,,,,,189_SAC_CRN_ROTATE,02_CAOTS,Skip,-,-,-,-,-,-,-,-,-,-,-,-,-,-,-,-,-,-,-
,,,,,,,,,,,,-,,,,,189_SAC_CRN_ROTATE,02_CAOTS,Skip,-,-,-,-,-,-,-,-,-,-,-,-,-,-,-,-,-,-,-
,,,,,,,,,,,,-,,,,,189_SAC_CRN_ROTATE,02_CAOTS,Skip,-,-,-,-,-,-,-,-,-,-,-,-,-,-,-,-,-,-,-
,,,,,,,,,,,,-,,,,,189_SAC_CRN_ROTATE,02_CAOTS,Skip,-,-,-,-,-,-,-,-,-,-,-,-,-,-,-,-,-,-,-
,,,,,,,,,,,,-,,,,,189_SAC_CRN_ROTATE,02_CAOTS,Skip,-,-,-,-,-,-,-,-,-,-,-,-,-,-,-,-,-,-,-
,,,,,,,,,,,,-,,,,,189_SAC_CRN_ROTATE,02_CAOTS,Skip,-,-,-,-,-,-,-,-,-,-,-,-,-,-,-,-,-,-,-
,,,,,,,,,,,,-,,,,,189_SAC_CRN_ROTATE,02_CAOTS,Skip,-,-,-,-,-,-,-,-,-,-,-,-,-,-,-,-,-,-,-
,,,,,,,,,,,,-,,,,,189_SAC_CRN_ROTATE,02_CAOTS,Skip,-,-,-,-,-,-,-,-,-,-,-,-,-,-,-,-,-,-,-
,,,,,,,,,,,,-,,,,,189_SAC_CRN_ROTATE,02_CAOTS,Skip,-,-,-,-,-,-,-,-,-,-,-,-,-,-,-,-,-,-,-
,,,,,,,,,,,,-,,,,,189_SAC_CRN_ROTATE,02_CAOTS,Skip,-,-,-,-,-,-,-,-,-,-,-,-,-,-,-,-,-,-,-
,,,,,,,,,,,,-,,,,,189_SAC_CRN_ROTATE,02_CAOTS,Skip,-,-,-,-,-,-,-,-,-,-,-,-,-,-,-,-,-,-,-
,,,,,,,,,,,,-,,,,,189_SAC_CRN_ROTATE,02_CAOTS,Skip,-,-,-,-,-,-,-,-,-,-,-,-,-,-,-,-,-,-,-
,,,,,,,,,,,,-,,,,,189_SAC_CRN_ROTATE,02_CAOTS,Skip,-,-,-,-,-,-,-,-,-,-,-,-,-,-,-,-,-,-,-
,,,,,,,,,,,,-,,,,,189_SAC_CRN_ROTATE,02_CAOTS,Skip,-,-,-,-,-,-,-,-,-,-,-,-,-,-,-,-,-,-,-
,,,,,,,,,,,,-,,,,,189_SAC_CRN_ROTATE,02_CAOTS,Skip,-,-,-,-,-,-,-,-,-,-,-,-,-,-,-,-,-,-,-
,,,,,,,,,,,,-,,,,,189_SAC_CRN_ROTATE,02_CAOTS,Skip,-,-,-,-,-,-,-,-,-,-,-,-,-,-,-,-,-,-,-
,,,,,,,,,,,,-,,,,,189_SAC_CRN_ROTATE,02_CAOTS,Skip,-,-,-,-,-,-,-,-,-,-,-,-,-,-,-,-,-,-,-
,,,,,,,,,,,,-,,,,,189_SAC_CRN_ROTATE,02_CAOTS,Skip,-,-,-,-,-,-,-,-,-,-,-,-,-,-,-,-,-,-,-
,,,,,,,,,,,,-,,,,,189_SAC_CRN_ROTATE,02_CAOTS,Skip,-,-,-,-,-,-,-,-,-,-,-,-,-,-,-,-,-,-,-
,,,,,,,,,,,,-,,,,,189_SAC_CRN_ROTATE,02_CAOTS,Skip,-,-,-,-,-,-,-,-,-,-,-,-,-,-,-,-,-,-,-
,,,,,,,,,,,,-,,,,,189_SAC_CRN_ROTATE,02_CAOTS,Skip,-,-,-,-,-,-,-,-,-,-,-,-,-,-,-,-,-,-,-
,,,,,,,,,,,,-,,,,,189_SAC_CRN_ROTATE,02_CAOTS,Skip,-,-,-,-,-,-,-,-,-,-,-,-,-,-,-,-,-,-,-
,,,,,,,,,,,,-,,,,,189_SAC_CRN_ROTATE,02_CAOTS,Skip,-,-,-,-,-,-,-,-,-,-,-,-,-,-,-,-,-,-,-
,,,,,,,,,,,,-,,,,,189_SAC_CRN_ROTATE,02_CAOTS,Skip,-,-,-,-,-,-,-,-,-,-,-,-,-,-,-,-,-,-,-
,,,,,,,,,,,,-,,,,,189_SAC_CRN_ROTATE,02_CAOTS,Skip,-,-,-,-,-,-,-,-,-,-,-,-,-,-,-,-,-,-,-
,,,,,,,,,,,,-,,,,,189_SAC_CRN_ROTATE,02_CAOTS,Skip,-,-,-,-,-,-,-,-,-,-,-,-,-,-,-,-,-,-,-
,,,,,,,,,,,,-,,,,,189_SAC_CRN_ROTATE,02_CAOTS,Skip,-,-,-,-,-,-,-,-,-,-,-,-,-,-,-,-,-,-,-
,,,,,,,,,,,,-,,,,,189_SAC_CRN_ROTATE,02_CAOTS,Skip,-,-,-,-,-,-,-,-,-,-,-,-,-,-,-,-,-,-,-
,,,,,,,,,,,,-,,,,,189_SAC_CRN_ROTATE,02_CAOTS,Skip,-,-,-,-,-,-,-,-,-,-,-,-,-,-,-,-,-,-,-
,,,,,,,,,,,,-,,,,,189_SAC_CRN_ROTATE,02_CAOTS,Skip,-,-,-,-,-,-,-,-,-,-,-,-,-,-,-,-,-,-,-
,,,,,,,,,,,,-,,,,,189_SAC_CRN_ROTATE,02_CAOTS,Skip,-,-,-,-,-,-,-,-,-,-,-,-,-,-,-,-,-,-,-
,,,,,,,,,,,,-,,,,,189_SAC_CRN_ROTATE,02_CAOTS,Skip,-,-,-,-,-,-,-,-,-,-,-,-,-,-,-,-,-,-,-
,,,,,,,,,,,,-,,,,,189_SAC_CRN_ROTATE,02_CAOTS,Skip,-,-,-,-,-,-,-,-,-,-,-,-,-,-,-,-,-,-,-
,,,,,,,,,,,,-,,,,,189_SAC_CRN_ROTATE,02_CAOTS,Skip,-,-,-,-,-,-,-,-,-,-,-,-,-,-,-,-,-,-,-
,,,,,,,,,,,,-,,,,,189_SAC_CRN_ROTATE,02_CAOTS,Skip,-,-,-,-,-,-,-,-,-,-,-,-,-,-,-,-,-,-,-
,,,,,,,,,,,,-,,,,,189_SAC_CRN_ROTATE,02_CAOTS,Skip,-,-,-,-,-,-,-,-,-,-,-,-,-,-,-,-,-,-,-
,,,,,,,,,,,,-,,,,,189_SAC_CRN_ROTATE,02_CAOTS,Skip,-,-,-,-,-,-,-,-,-,-,-,-,-,-,-,-,-,-,-
,,,,,,,,,,,,-,,,,,189_SAC_CRN_ROTATE,02_CAOTS,Skip,-,-,-,-,-,-,-,-,-,-,-,-,-,-,-,-,-,-,-
,,,,,,,,,,,,-,,,,,189_SAC_CRN_ROTATE,02_CAOTS,Skip,-,-,-,-,-,-,-,-,-,-,-,-,-,-,-,-,-,-,-
,,,,,,,,,,,,-,,,,,189_SAC_CRN_ROTATE,02_CAOTS,Skip,-,-,-,-,-,-,-,-,-,-,-,-,-,-,-,-,-,-,-
,,,,,,,,,,,,-,,,,,189_SAC_CRN_ROTATE,02_CAOTS,Skip,-,-,-,-,-,-,-,-,-,-,-,-,-,-,-,-,-,-,-
,,,,,,,,,,,,-,,,,,189_SAC_CRN_ROTATE,02_CAOTS,Skip,-,-,-,-,-,-,-,-,-,-,-,-,-,-,-,-,-,-,-
,,,,,,,,,,,,-,,,,,189_SAC_CRN_ROTATE,02_CAOTS,Skip,-,-,-,-,-,-,-,-,-,-,-,-,-,-,-,-,-,-,-
,,,,,,,,,,,,-,,,,,189_SAC_CRN_ROTATE,02_CAOTS,Skip,-,-,-,-,-,-,-,-,-,-,-,-,-,-,-,-,-,-,-
,,,,,,,,,,,,-,,,,,189_SAC_CRN_ROTATE,02_CAOTS,Skip,-,-,-,-,-,-,-,-,-,-,-,-,-,-,-,-,-,-,-
,,,,,,,,,,,,-,,,,,189_SAC_CRN_ROTATE,02_CAOTS,Skip,-,-,-,-,-,-,-,-,-,-,-,-,-,-,-,-,-,-,-
,,,,,,,,,,,,-,,,,,189_SAC_CRN_ROTATE,02_CAOTS,Skip,-,-,-,-,-,-,-,-,-,-,-,-,-,-,-,-,-,-,-
,,,,,,,,,,,,-,,,,,189_SAC_CRN_ROTATE,02_CAOTS,Skip,-,-,-,-,-,-,-,-,-,-,-,-,-,-,-,-,-,-,-
,,,,,,,,,,,,-,,,,,189_SAC_CRN_ROTATE,02_CAOTS,Skip,-,-,-,-,-,-,-,-,-,-,-,-,-,-,-,-,-,-,-
,,,,,,,,,,,,-,,,,,189_SAC_CRN_ROTATE,02_CAOTS,Skip,-,-,-,-,-,-,-,-,-,-,-,-,-,-,-,-,-,-,-
,,,,,,,,,,,,-,,,,,189_SAC_CRN_ROTATE,02_CAOTS,Skip,-,-,-,-,-,-,-,-,-,-,-,-,-,-,-,-,-,-,-
,,,,,,,,,,,,-,,,,,189_SAC_CRN_ROTATE,02_CAOTS,Skip,-,-,-,-,-,-,-,-,-,-,-,-,-,-,-,-,-,-,-
,,,,,,,,,,,,-,,,,,189_SAC_CRN_ROTATE,02_CAOTS,Skip,-,-,-,-,-,-,-,-,-,-,-,-,-,-,-,-,-,-,-
,,,,,,,,,,,,-,,,,,189_SAC_CRN_ROTATE,02_CAOTS,Skip,-,-,-,-,-,-,-,-,-,-,-,-,-,-,-,-,-,-,-
,,,,,,,,,,,,-,,,,,189_SAC_CRN_ROTATE,02_CAOTS,Skip,-,-,-,-,-,-,-,-,-,-,-,-,-,-,-,-,-,-,-
,,,,,,,,,,,,-,,,,,189_SAC_CRN_ROTATE,02_CAOTS,Skip,-,-,-,-,-,-,-,-,-,-,-,-,-,-,-,-,-,-,-
,,,,,,,,,,,,-,,,,,189_SAC_CRN_ROTATE,02_CAOTS,Skip,-,-,-,-,-,-,-,-,-,-,-,-,-,-,-,-,-,-,-
,,,,,,,,,,,,-,,,,,189_SAC_CRN_ROTATE,02_CAOTS,Skip,-,-,-,-,-,-,-,-,-,-,-,-,-,-,-,-,-,-,-
,,,,,,,,,,,,-,,,,,189_SAC_CRN_ROTATE,02_CAOTS,Skip,-,-,-,-,-,-,-,-,-,-,-,-,-,-,-,-,-,-,-
,,,,,,,,,,,,-,,,,,189_SAC_CRN_ROTATE,02_CAOTS,Skip,-,-,-,-,-,-,-,-,-,-,-,-,-,-,-,-,-,-,-
,,,,,,,,,,,,-,,,,,189_SAC_CRN_ROTATE,02_CAOTS,Skip,-,-,-,-,-,-,-,-,-,-,-,-,-,-,-,-,-,-,-
,,,,,,,,,,,,-,,,,,189_SAC_CRN_ROTATE,02_CAOTS,Skip,-,-,-,-,-,-,-,-,-,-,-,-,-,-,-,-,-,-,-
,,,,,,,,,,,,-,,,,,189_SAC_CRN_ROTATE,02_CAOTS,Skip,-,-,-,-,-,-,-,-,-,-,-,-,-,-,-,-,-,-,-
,,,,,,,,,,,,-,,,,,189_SAC_CRN_ROTATE,02_CAOTS,Skip,-,-,-,-,-,-,-,-,-,-,-,-,-,-,-,-,-,-,-
,,,,,,,,,,,,-,,,,,189_SAC_CRN_ROTATE,02_CAOTS,Skip,-,-,-,-,-,-,-,-,-,-,-,-,-,-,-,-,-,-,-
,,,,,,,,,,,,-,,,,,189_SAC_CRN_ROTATE,02_CAOTS,Skip,-,-,-,-,-,-,-,-,-,-,-,-,-,-,-,-,-,-,-
,,,,,,,,,,,,-,,,,,189_SAC_CRN_ROTATE,02_CAOTS,Skip,-,-,-,-,-,-,-,-,-,-,-,-,-,-,-,-,-,-,-
,,,,,,,,,,,,-,,,,,189_SAC_CRN_ROTATE,02_CAOTS,Skip,-,-,-,-,-,-,-,-,-,-,-,-,-,-,-,-,-,-,-
,,,,,,,,,,,,-,,,,,189_SAC_CRN_ROTATE,02_CAOTS,Skip,-,-,-,-,-,-,-,-,-,-,-,-,-,-,-,-,-,-,-
,,,,,,,,,,,,-,,,,,189_SAC_CRN_ROTATE,02_CAOTS,Skip,-,-,-,-,-,-,-,-,-,-,-,-,-,-,-,-,-,-,-
,,,,,,,,,,,,-,,,,,189_SAC_CRN_ROTATE,02_CAOTS,Skip,-,-,-,-,-,-,-,-,-,-,-,-,-,-,-,-,-,-,-
,,,,,,,,,,,,-,,,,,189_SAC_CRN_ROTATE,02_CAOTS,Skip,-,-,-,-,-,-,-,-,-,-,-,-,-,-,-,-,-,-,-
,,,,,,,,,,,,-,,,,,189_SAC_CRN_ROTATE,02_CAOTS,Skip,-,-,-,-,-,-,-,-,-,-,-,-,-,-,-,-,-,-,-
,,,,,,,,,,,,-,,,,,189_SAC_CRN_ROTATE,02_CAOTS,Skip,-,-,-,-,-,-,-,-,-,-,-,-,-,-,-,-,-,-,-
,,,,,,,,,,,,-,,,,,189_SAC_CRN_ROTATE,02_CAOTS,Skip,-,-,-,-,-,-,-,-,-,-,-,-,-,-,-,-,-,-,-
,,,,,,,,,,,,-,,,,,189_SAC_CRN_ROTATE,02_CAOTS,Skip,-,-,-,-,-,-,-,-,-,-,-,-,-,-,-,-,-,-,-
,,,,,,,,,,,,-,,,,,189_SAC_CRN_ROTATE,02_CAOTS,Skip,-,-,-,-,-,-,-,-,-,-,-,-,-,-,-,-,-,-,-
,,,,,,,,,,,,-,,,,,189_SAC_CRN_ROTATE,02_CAOTS,Skip,-,-,-,-,-,-,-,-,-,-,-,-,-,-,-,-,-,-,-
,,,,,,,,,,,,-,,,,,189_SAC_CRN_ROTATE,02_CAOTS,Skip,-,-,-,-,-,-,-,-,-,-,-,-,-,-,-,-,-,-,-
,,,,,,,,,,,,-,,,,,189_SAC_CRN_ROTATE,02_CAOTS,Skip,-,-,-,-,-,-,-,-,-,-,-,-,-,-,-,-,-,-,-
,,,,,,,,,,,,-,,,,,189_SAC_CRN_ROTATE,02_CAOTS,Skip,-,-,-,-,-,-,-,-,-,-,-,-,-,-,-,-,-,-,-
,,,,,,,,,,,,-,,,,,189_SAC_CRN_ROTATE,02_CAOTS,Skip,-,-,-,-,-,-,-,-,-,-,-,-,-,-,-,-,-,-,-
,,,,,,,,,,,,-,,,,,189_SAC_CRN_ROTATE,02_CAOTS,Skip,-,-,-,-,-,-,-,-,-,-,-,-,-,-,-,-,-,-,-
,,,,,,,,,,,,-,,,,,189_SAC_CRN_ROTATE,02_CAOTS,Skip,-,-,-,-,-,-,-,-,-,-,-,-,-,-,-,-,-,-,-
,,,,,,,,,,,,-,,,,,189_SAC_CRN_ROTATE,02_CAOTS,Skip,-,-,-,-,-,-,-,-,-,-,-,-,-,-,-,-,-,-,-
,,,,,,,,,,,,-,,,,,189_SAC_CRN_ROTATE,02_CAOTS,Skip,-,-,-,-,-,-,-,-,-,-,-,-,-,-,-,-,-,-,-
,,,,,,,,,,,,-,,,,,189_SAC_CRN_ROTATE,02_CAOTS,Skip,-,-,-,-,-,-,-,-,-,-,-,-,-,-,-,-,-,-,-
,,,,,,,,,,,,-,,,,,189_SAC_CRN_ROTATE,02_CAOTS,Skip,-,-,-,-,-,-,-,-,-,-,-,-,-,-,-,-,-,-,-
,,,,,,,,,,,,-,,,,,189_SAC_CRN_ROTATE,02_CAOTS,Skip,-,-,-,-,-,-,-,-,-,-,-,-,-,-,-,-,-,-,-
,,,,,,,,,,,,-,,,,,189_SAC_CRN_ROTATE,02_CAOTS,Skip,-,-,-,-,-,-,-,-,-,-,-,-,-,-,-,-,-,-,-
,,,,,,,,,,,,-,,,,,189_SAC_CRN_ROTATE,02_CAOTS,Skip,-,-,-,-,-,-,-,-,-,-,-,-,-,-,-,-,-,-,-
,,,,,,,,,,,,-,,,,,189_SAC_CRN_ROTATE,02_CAOTS,Skip,-,-,-,-,-,-,-,-,-,-,-,-,-,-,-,-,-,-,-
,,,,,,,,,,,,-,,,,,189_SAC_CRN_ROTATE,02_CAOTS,Skip,-,-,-,-,-,-,-,-,-,-,-,-,-,-,-,-,-,-,-
,,,,,,,,,,,,-,,,,,189_SAC_CRN_ROTATE,02_CAOTS,Skip,-,-,-,-,-,-,-,-,-,-,-,-,-,-,-,-,-,-,-
,,,,,,,,,,,,-,,,,,189_SAC_CRN_ROTATE,02_CAOTS,Skip,-,-,-,-,-,-,-,-,-,-,-,-,-,-,-,-,-,-,-
,,,,,,,,,,,,-,,,,,189_SAC_CRN_ROTATE,02_CAOTS,Skip,-,-,-,-,-,-,-,-,-,-,-,-,-,-,-,-,-,-,-
,,,,,,,,,,,,-,,,,,189_SAC_CRN_ROTATE,02_CAOTS,Skip,-,-,-,-,-,-,-,-,-,-,-,-,-,-,-,-,-,-,-
,,,,,,,,,,,,-,,,,,189_SAC_CRN_ROTATE,02_CAOTS,Skip,-,-,-,-,-,-,-,-,-,-,-,-,-,-,-,-,-,-,-
,,,,,,,,,,,,-,,,,,189_SAC_CRN_ROTATE,02_CAOTS,Skip,-,-,-,-,-,-,-,-,-,-,-,-,-,-,-,-,-,-,-
,,,,,,,,,,,,-,,,,,189_SAC_CRN_ROTATE,02_CAOTS,Skip,-,-,-,-,-,-,-,-,-,-,-,-,-,-,-,-,-,-,-
,,,,,,,,,,,,-,,,,,189_SAC_CRN_ROTATE,02_CAOTS,Skip,-,-,-,-,-,-,-,-,-,-,-,-,-,-,-,-,-,-,-
,,,,,,,,,,,,-,,,,,189_SAC_CRN_ROTATE,02_CAOTS,Skip,-,-,-,-,-,-,-,-,-,-,-,-,-,-,-,-,-,-,-
,,,,,,,,,,,,-,,,,,189_SAC_CRN_ROTATE,02_CAOTS,Skip,-,-,-,-,-,-,-,-,-,-,-,-,-,-,-,-,-,-,-
,,,,,,,,,,,,-,,,,,189_SAC_CRN_ROTATE,02_CAOTS,Skip,-,-,-,-,-,-,-,-,-,-,-,-,-,-,-,-,-,-,-