SAN ANTONIO SPURS Media Delivery,,SYNC ACTIVE,CONTENT ERRORS,,FUSE PROGRAMMER,,,PROGRAMMING IN PROGRESS,,,HUD,,,,RETURN TO INDEX,,,,,,,,,,,,,,,,,,,,,,,
CATEGORY,LOOK IDENTIFIER #,File Name,File Version,Notes,Version,Bank,Slot ,Mapping #,"Mapping 
Code",File Length,Play Mode,Error Flag,Midi Button,Notes to Kerstin,General/Show Call Notes,Upversioned Date,Folder,Look,File Path,Error Flag,Format,Codec_ID,Duration,Bit Rate,Width,Height,Aspect Ratio,Frame Rate Mode,Frame Rate,Stream Size,"Audio For,at",Audio Format/Settings,Audio Codec ID,Audio Duration,Audio Channels,Audio Channel Layout,Audio Sampling Rate,Audio Bit Depth
,,,,,,,,,,,,,,,,,,,,,,,,,,,,,,,,,,,,,,
190_SAS_PCC,00_SpursBall,000_SpursBall_Audio_v01.mov,1,,1,190,000,,,10s,,-,,,,,190_SAS_PCC,00_SpursBall,\190_SAS_PCC\00_SpursBall\000_SpursBall_Audio_v01.mov,-,nclc,nclc,10010,93267,16,16,1.000,CFR,29.970,2170774,PCM,Little / Signed,sowt,10010,2,L R,48000,16
,,001_SpursBall_AUD_F_v02.mov,2,,2,190,001,001,AUD_F,10s,,-,19,,,,190_SAS_PCC,00_SpursBall,\190_SAS_PCC\00_SpursBall\001_SpursBall_AUD_F_v02.mov,-,nclc,nclc,10010,2985704184,10160,1600,6.350,CFR,29.970,3738157780,PCM,Little / Signed,sowt,10010,2,L R,48000,16
,,004_SpursBall_RIB_F_v02.mov,1,,1,190,004,010,RIB_F,10s,,-,19,,,,190_SAS_PCC,00_SpursBall,\190_SAS_PCC\00_SpursBall\004_SpursBall_RIB_F_v02.mov,-,nclc,nclc,10010,240043892,9504,144,66.000,CFR,29.970,300799886,-,-,-,-,-,-,-,-
,,008_SpursBall_SCB_v01.mov,1,,1,190,008,017,SCB,20s,,-,19,,,,190_SAS_PCC,00_SpursBall,\190_SAS_PCC\00_SpursBall\008_SpursBall_SCB_v01.mov,-,nclc,nclc,20020,453850431,1920,1080,1.778,CFR,29.970,1139747868,PCM,Little / Signed,sowt,20020,2,L R,48000,16
,01_TimeOutSAC,011_TimeOutSAC_AUD_F_v01.mov,1,,,190,011,001,AUD_F,10s,,-,20,,,7/18/2020 18:38:38,190_SAS_PCC,01_TimeOutSAC,\190_SAS_PCC\01_TimeOutSAC\011_TimeOutSAC_AUD_F_v01.mov,-,nclc,nclc,10010,1127529618,10160,1600,6.350,CFR,29.970,1411127067,-,-,-,-,-,-,-,-
,,014_TimeOutSAC_RIB_F_v01.mov,1,,,190,014,010,RIB_F,10s,,-,20,,,7/18/2020 18:38:39,190_SAS_PCC,01_TimeOutSAC,\190_SAS_PCC\01_TimeOutSAC\014_TimeOutSAC_RIB_F_v01.mov,-,nclc,nclc,10010,177948720,9504,144,66.000,CFR,29.970,223019049,-,-,-,-,-,-,-,-
,,018_TimeOutSAC_SCB_v01.mov,1,,,190,018,017,SCB,10s,,-,20,,,7/18/2020 18:38:41,190_SAS_PCC,01_TimeOutSAC,\190_SAS_PCC\01_TimeOutSAC\018_TimeOutSAC_SCB_v01.mov,-,nclc,nclc,10010,163888970,1920,1080,1.778,CFR,29.970,205294849,-,-,-,-,-,-,-,-
,02_TimeOutDEN,021_TimeOutDEN_AUD_F_v01.mov,1,,,190,021,001,AUD_F,10s,,-,,,,7/18/2020 18:38:42,190_SAS_PCC,02_TimeOutDEN,\190_SAS_PCC\02_TimeOutDEN\021_TimeOutDEN_AUD_F_v01.mov,-,nclc,nclc,10010,1127529618,10160,1600,6.350,CFR,29.970,1411127067,-,-,-,-,-,-,-,-
,,024_TimeOutDEN_RIB_F_v01.mov,1,,,190,024,010,RIB_F,10s,,-,,,,7/18/2020 18:38:11,190_SAS_PCC,02_TimeOutDEN,\190_SAS_PCC\02_TimeOutDEN\024_TimeOutDEN_RIB_F_v01.mov,-,nclc,nclc,10010,176716589,9504,144,66.000,CFR,29.970,221477299,-,-,-,-,-,-,-,-
,,028_TimeOutDEN_SCB_v01.mov,1,,,190,028,017,SCB,10s,,-,,,,7/18/2020 18:38:15,190_SAS_PCC,02_TimeOutDEN,\190_SAS_PCC\02_TimeOutDEN\028_TimeOutDEN_SCB_v01.mov,-,nclc,nclc,10010,164783898,1920,1080,1.778,CFR,29.970,206414612,-,-,-,-,-,-,-,-
,03_TimeOutUTA,031_TimeOutUTA_AUD_F_v01.mov,1,,,190,031,001,AUD_F,10s,,-,,,,7/18/2020 18:38:14,190_SAS_PCC,03_TimeOutUTA,\190_SAS_PCC\03_TimeOutUTA\031_TimeOutUTA_AUD_F_v01.mov,-,nclc,nclc,10010,1127529618,10160,1600,6.350,CFR,29.970,1411127067,-,-,-,-,-,-,-,-
,,034_TimeOutUTA_RIB_F_v01.mov,1,,,190,034,010,RIB_F,10s,,-,,,,7/18/2020 18:38:15,190_SAS_PCC,03_TimeOutUTA,\190_SAS_PCC\03_TimeOutUTA\034_TimeOutUTA_RIB_F_v01.mov,-,nclc,nclc,10010,176152068,9504,144,66.000,CFR,29.970,220772752,-,-,-,-,-,-,-,-
,,038_TimeOutUTA_SCB_v01.mov,1,,,190,038,017,SCB,10s,,-,,,,,190_SAS_PCC,03_TimeOutUTA,\190_SAS_PCC\03_TimeOutUTA\038_TimeOutUTA_SCB_v01.mov,-,nclc,nclc,10010,158690692,1920,1080,1.778,CFR,29.970,198790473,-,-,-,-,-,-,-,-
,04_TimeOutHOU,041_TimeOutHOU_AUD_F_v01.mov,1,,,190,041,001,AUD_F,10s,,-,,,,,190_SAS_PCC,04_TimeOutHOU,\190_SAS_PCC\04_TimeOutHOU\041_TimeOutHOU_AUD_F_v01.mov,-,nclc,nclc,10010,1127529618,10160,1600,6.350,CFR,29.970,1411127067,-,-,-,-,-,-,-,-
,,044_TimeOutHOU_RIB_F_v01.mov,1,,,190,044,010,RIB_F,10s,,-,,,,,190_SAS_PCC,04_TimeOutHOU,\190_SAS_PCC\04_TimeOutHOU\044_TimeOutHOU_RIB_F_v01.mov,-,nclc,nclc,10010,176687130,9504,144,66.000,CFR,29.970,221444086,-,-,-,-,-,-,-,-
,,048_TimeOutHOU_SCB_v01.mov,1,,,190,048,017,SCB,10s,,-,,,,,190_SAS_PCC,04_TimeOutHOU,\190_SAS_PCC\04_TimeOutHOU\048_TimeOutHOU_SCB_v01.mov,-,nclc,nclc,10010,161661589,1920,1080,1.778,CFR,29.970,202511439,-,-,-,-,-,-,-,-
,05_THREE,051_THREE_AUD_N_v01.mov,1,,,190,051,002,AUD_N,20s,,-,43,,,7/18/2020 18:38:15,190_SAS_PCC,05_THREE,\190_SAS_PCC\05_THREE\051_THREE_AUD_N_v01.mov,-,nclc,nclc,20020,142303398,5280,800,6.600,CFR,29.970,356343552,-,-,-,-,-,-,-,-
,,052_THREE_AUD_S_v01.mov,1,,,190,052,003,AUD_S,20s,,-,43,,,7/18/2020 18:38:16,190_SAS_PCC,05_THREE,\190_SAS_PCC\05_THREE\052_THREE_AUD_S_v01.mov,-,nclc,nclc,20020,142305537,5280,800,6.600,CFR,29.970,356348905,-,-,-,-,-,-,-,-
,,053_THREE_AUD_C_v01.mov,1,,,190,053,004,AUD_C,20s,,-,43,,,7/18/2020 18:38:09,190_SAS_PCC,05_THREE,\190_SAS_PCC\05_THREE\053_THREE_AUD_C_v01.mov,-,nclc,nclc,20020,267302239,9760,800,12.200,CFR,29.970,669351803,-,-,-,-,-,-,-,-
,,054_THREE_RIB_F_v01.mov,1,,,190,054,010,RIB_F,20s,,-,43,,,7/18/2020 18:38:08,190_SAS_PCC,05_THREE,\190_SAS_PCC\05_THREE\054_THREE_RIB_F_v01.mov,-,nclc,nclc,20020,95664465,9504,144,66.000,CFR,29.970,239898884,-,-,-,-,-,-,-,-
,,058_THREE_SCB_v01.mov,1,,,190,058,017,SCB,20s,,-,43,,,,190_SAS_PCC,05_THREE,\190_SAS_PCC\05_THREE\058_THREE_SCB_v01.mov,-,nclc,nclc,20020,118918089,1920,1080,1.778,CFR,29.970,297981964,-,-,-,-,-,-,-,-
,06_OneShotSpursh,061_OneShotSpursh_AUD_N_v01.mov,1,,,190,061,002,AUD_N,20s,,-,21,,,,190_SAS_PCC,06_OneShotSpursh,\190_SAS_PCC\06_OneShotSpursh\061_OneShotSpursh_AUD_N_v01.mov,-,nclc,nclc,20020,62011554,5280,800,6.600,CFR,29.970,155453130,-,-,-,-,-,-,-,-
,,062_OneShotSpursh_AUD_S_v01.mov,1,,,190,062,003,AUD_S,20s,,-,21,,,,190_SAS_PCC,06_OneShotSpursh,\190_SAS_PCC\06_OneShotSpursh\062_OneShotSpursh_AUD_S_v01.mov,-,nclc,nclc,20020,62011436,5280,800,6.600,CFR,29.970,155452882,-,-,-,-,-,-,-,-
,,063_OneShotSpursh_AUD_C_v01.mov,1,,,190,063,004,AUD_C,20s,,-,21,,,,190_SAS_PCC,06_OneShotSpursh,\190_SAS_PCC\06_OneShotSpursh\063_OneShotSpursh_AUD_C_v01.mov,-,nclc,nclc,20020,148406051,9760,800,12.200,CFR,29.970,371655625,-,-,-,-,-,-,-,-
,,064_OneShotSpursh_RIB_F_v01.mov,1,,,190,064,010,RIB_F,20s,,-,21,,,,190_SAS_PCC,06_OneShotSpursh,\190_SAS_PCC\06_OneShotSpursh\064_OneShotSpursh_RIB_F_v01.mov,-,nclc,nclc,20020,15125879,9504,144,66.000,CFR,29.970,38173370,-,-,-,-,-,-,-,-
,,068_OneShotSpursh_SCB_v01.mov,1,,,190,068,017,SCB,20s,,-,21,,,,190_SAS_PCC,06_OneShotSpursh,\190_SAS_PCC\06_OneShotSpursh\068_OneShotSpursh_SCB_v01.mov,-,nclc,nclc,20020,43111149,1920,1080,1.778,CFR,29.970,108167707,-,-,-,-,-,-,-,-
,07_TwoShotSpursh,071_TwoShotSpursh_AUD_N_v01.mov,1,,,190,071,002,AUD_N,20s,,-,23,,,,190_SAS_PCC,07_TwoShotSpursh,\190_SAS_PCC\07_TwoShotSpursh\071_TwoShotSpursh_AUD_N_v01.mov,-,nclc,nclc,20020,63113509,5280,800,6.600,CFR,29.970,158212589,-,-,-,-,-,-,-,-
,,072_TwoShotSpursh_AUD_S_v01.mov,1,,,190,072,003,AUD_S,20s,,-,23,,,,190_SAS_PCC,07_TwoShotSpursh,\190_SAS_PCC\07_TwoShotSpursh\072_TwoShotSpursh_AUD_S_v01.mov,-,nclc,nclc,20020,63113934,5280,800,6.600,CFR,29.970,158213699,-,-,-,-,-,-,-,-
,,073_TwoShotSpursh_AUD_C_v01.mov,1,,,190,073,004,AUD_C,20s,,-,23,,,,190_SAS_PCC,07_TwoShotSpursh,\190_SAS_PCC\07_TwoShotSpursh\073_TwoShotSpursh_AUD_C_v01.mov,-,nclc,nclc,20020,149568150,9760,800,12.200,CFR,29.970,374565596,-,-,-,-,-,-,-,-
,,074_TwoShotSpursh_RIB_F_v01.mov,1,,,190,074,010,RIB_F,20s,,-,23,,,7/18/2020 18:37:48,190_SAS_PCC,07_TwoShotSpursh,\190_SAS_PCC\07_TwoShotSpursh\074_TwoShotSpursh_RIB_F_v01.mov,-,nclc,nclc,20020,16348948,9504,144,66.000,CFR,29.970,41235915,-,-,-,-,-,-,-,-
,,078_TwoShotSpursh_SCB_v01.mov,1,,,190,078,017,SCB,20s,,-,23,,,,190_SAS_PCC,07_TwoShotSpursh,\190_SAS_PCC\07_TwoShotSpursh\078_TwoShotSpursh_SCB_v01.mov,-,nclc,nclc,20020,43882579,1920,1080,1.778,CFR,29.970,110100026,-,-,-,-,-,-,-,-
,08_ThreeShotSpursh,081_ThreeShotSpursh_AUD_N_v01.mov,1,,,190,081,002,AUD_N,20s,,-,25,,,,190_SAS_PCC,08_ThreeShotSpursh,\190_SAS_PCC\08_ThreeShotSpursh\081_ThreeShotSpursh_AUD_N_v01.mov,-,nclc,nclc,20020,63279350,5280,800,6.600,CFR,29.970,158629428,-,-,-,-,-,-,-,-
,,082_ThreeShotSpursh_AUD_S_v01.mov,1,,,190,082,003,AUD_S,20s,,-,25,,,7/18/2020 18:37:48,190_SAS_PCC,08_ThreeShotSpursh,\190_SAS_PCC\08_ThreeShotSpursh\082_ThreeShotSpursh_AUD_S_v01.mov,-,nclc,nclc,20020,63279951,5280,800,6.600,CFR,29.970,158630980,-,-,-,-,-,-,-,-
,,083_ThreeShotSpursh_AUD_C_v01.mov,1,,,190,083,004,AUD_C,20s,,-,25,,,,190_SAS_PCC,08_ThreeShotSpursh,\190_SAS_PCC\08_ThreeShotSpursh\083_ThreeShotSpursh_AUD_C_v01.mov,-,nclc,nclc,20020,149956401,9760,800,12.200,CFR,29.970,375539017,-,-,-,-,-,-,-,-
,,084_ThreeShotSpursh_RIB_F_v01.mov,1,,,190,084,010,RIB_F,20s,,-,25,,,7/18/2020 18:37:47,190_SAS_PCC,08_ThreeShotSpursh,\190_SAS_PCC\08_ThreeShotSpursh\084_ThreeShotSpursh_RIB_F_v01.mov,-,nclc,nclc,20020,14910625,9504,144,66.000,CFR,29.970,37638392,-,-,-,-,-,-,-,-
,,088_ThreeShotSpursh_SCB_v01.mov,1,,,190,088,017,SCB,20s,,-,25,,,,190_SAS_PCC,08_ThreeShotSpursh,\190_SAS_PCC\08_ThreeShotSpursh\088_ThreeShotSpursh_SCB_v01.mov,-,nclc,nclc,20020,43665955,1920,1080,1.778,CFR,29.970,109559746,-,-,-,-,-,-,-,-
,09_OneShotPattern,091_OneShotPattern_AUD_N_v01.mov,1,,,190,091,002,AUD_N,20s,,-,22,,,7/18/2020 18:37:46,190_SAS_PCC,09_OneShotPattern,\190_SAS_PCC\09_OneShotPattern\091_OneShotPattern_AUD_N_v01.mov,-,nclc,nclc,20020,109690439,5280,800,6.600,CFR,29.970,274881452,-,-,-,-,-,-,-,-
,,092_OneShotPattern_AUD_S_v01.mov,1,,,190,092,003,AUD_S,20s,,-,22,,,7/18/2020 18:37:42,190_SAS_PCC,09_OneShotPattern,\190_SAS_PCC\09_OneShotPattern\092_OneShotPattern_AUD_S_v01.mov,-,nclc,nclc,20020,109687929,5280,800,6.600,CFR,29.970,274875172,-,-,-,-,-,-,-,-
,,093_OneShotPattern_AUD_C_v01.mov,1,,,190,093,004,AUD_C,20s,,-,22,,,7/18/2020 18:37:41,190_SAS_PCC,09_OneShotPattern,\190_SAS_PCC\09_OneShotPattern\093_OneShotPattern_AUD_C_v01.mov,-,nclc,nclc,20020,220297124,9760,800,12.200,CFR,29.970,551836594,-,-,-,-,-,-,-,-
,,094_OneShotPattern_RIB_F_v01.mov,1,,,190,094,010,RIB_F,20s,,-,22,,,,190_SAS_PCC,09_OneShotPattern,\190_SAS_PCC\09_OneShotPattern\094_OneShotPattern_RIB_F_v01.mov,-,nclc,nclc,20020,69318192,9504,144,66.000,CFR,29.970,174026754,-,-,-,-,-,-,-,-
,,098_OneShotPattern_SCB_v01.mov,1,,,190,098,017,SCB,20s,,-,22,,,,190_SAS_PCC,09_OneShotPattern,\190_SAS_PCC\09_OneShotPattern\098_OneShotPattern_SCB_v01.mov,-,nclc,nclc,20020,74582438,1920,1080,1.778,CFR,29.970,187112354,-,-,-,-,-,-,-,-
,10_TwoShotPattern,101_TwoShotPattern_AUD_N_v01.mov,1,,,190,101,002,AUD_N,20s,,-,24,,,7/18/2020 18:37:41,190_SAS_PCC,10_TwoShotPattern,\190_SAS_PCC\10_TwoShotPattern\101_TwoShotPattern_AUD_N_v01.mov,-,nclc,nclc,20020,135286582,5280,800,6.600,CFR,29.970,338937011,-,-,-,-,-,-,-,-
,,102_TwoShotPattern_AUD_S_v01.mov,1,,,190,102,003,AUD_S,20s,,-,24,,,,190_SAS_PCC,10_TwoShotPattern,\190_SAS_PCC\10_TwoShotPattern\102_TwoShotPattern_AUD_S_v01.mov,-,nclc,nclc,20020,135285067,5280,800,6.600,CFR,29.970,338933220,-,-,-,-,-,-,-,-
,,103_TwoShotPattern_AUD_C_v01.mov,1,,,190,103,004,AUD_C,20s,,-,24,,,,190_SAS_PCC,10_TwoShotPattern,\190_SAS_PCC\10_TwoShotPattern\103_TwoShotPattern_AUD_C_v01.mov,-,nclc,nclc,20020,287873596,9760,800,12.200,CFR,29.970,720948033,-,-,-,-,-,-,-,-
,,104_TwoShotPattern_RIB_F_v01.mov,1,,,190,104,010,RIB_F,20s,,-,24,,,7/18/2020 18:37:40,190_SAS_PCC,10_TwoShotPattern,\190_SAS_PCC\10_TwoShotPattern\104_TwoShotPattern_RIB_F_v01.mov,-,nclc,nclc,20020,79815937,9504,144,66.000,CFR,29.970,200298537,-,-,-,-,-,-,-,-
,,108_TwoShotPattern_SCB_v01.mov,1,,,190,108,017,SCB,20s,,-,24,,,7/18/2020 18:37:39,190_SAS_PCC,10_TwoShotPattern,\190_SAS_PCC\10_TwoShotPattern\108_TwoShotPattern_SCB_v01.mov,-,nclc,nclc,20020,94822608,1920,1080,1.778,CFR,29.970,237764579,-,-,-,-,-,-,-,-
,11_ThreeShotPattern,111_ThreeShotPattern_AUD_N_v01.mov,1,,,190,111,002,AUD_N,20s,,-,26,,,,190_SAS_PCC,11_ThreeShotPattern,\190_SAS_PCC\11_ThreeShotPattern\111_ThreeShotPattern_AUD_N_v01.mov,-,nclc,nclc,20020,129936957,5280,800,6.600,CFR,29.970,325552181,-,-,-,-,-,-,-,-
,,112_ThreeShotPattern_AUD_S_v01.mov,1,,,190,112,003,AUD_S,20s,,-,26,,,7/18/2020 18:37:38,190_SAS_PCC,11_ThreeShotPattern,\190_SAS_PCC\11_ThreeShotPattern\112_ThreeShotPattern_AUD_S_v01.mov,-,nclc,nclc,20020,129939053,5280,800,6.600,CFR,29.970,325557428,-,-,-,-,-,-,-,-
,,113_ThreeShotPattern_AUD_C_v01.mov,1,,,190,113,004,AUD_C,20s,,-,26,,,,190_SAS_PCC,11_ThreeShotPattern,\190_SAS_PCC\11_ThreeShotPattern\113_ThreeShotPattern_AUD_C_v01.mov,-,nclc,nclc,20020,270867668,9760,800,12.200,CFR,29.970,678393276,-,-,-,-,-,-,-,-
,,114_ThreeShotPattern_RIB_F_v01.mov,1,,,190,114,010,RIB_F,20s,,-,26,,,7/18/2020 18:37:38,190_SAS_PCC,11_ThreeShotPattern,\190_SAS_PCC\11_ThreeShotPattern\114_ThreeShotPattern_RIB_F_v01.mov,-,nclc,nclc,20020,82496338,9504,144,66.000,CFR,29.970,207008867,-,-,-,-,-,-,-,-
,,118_ThreeShotPattern_SCB_v01.mov,1,,,190,118,017,SCB,20s,,-,26,,,7/18/2020 18:37:38,190_SAS_PCC,11_ThreeShotPattern,\190_SAS_PCC\11_ThreeShotPattern\118_ThreeShotPattern_SCB_v01.mov,-,nclc,nclc,20020,88596227,1920,1080,1.778,CFR,29.970,222185665,-,-,-,-,-,-,-,-
,14_4QtrJungle,140_4QtrJungle_AUDIO_v01.mov,1,Wrong Sample Rate -CD,1,190,140,024,AUDIO,2m0.23s,,-A,,,4th QTR intro,,190_SAS_PCC,14_4QtrJungle,\190_SAS_PCC\14_4QtrJungle\140_4QtrJungle_AUDIO_v01.mov,-A,nclc,nclc,120354,77314,16,16,1.000,CFR,29.970,22567510,PCM,Little / Signed,sowt,120354,2,L R,44100,16
,,141_4QtrJungle_AUD_N_v01.mov,1,,1,190,141,002,AUD_N,2m0.2s,,-,,,,,190_SAS_PCC,14_4QtrJungle,\190_SAS_PCC\14_4QtrJungle\141_4QtrJungle_AUD_N_v01.mov,-,nclc,nclc,120321,303375448,5280,800,6.600,CFR,29.970,4585925630,PCM,Little / Signed,sowt,120321,2,L R,48000,16
,,142_4QtrJungle_AUD_S_v01.mov,1,,1,190,142,003,AUD_S,1m56.1s,,-,,,,,190_SAS_PCC,14_4QtrJungle,\190_SAS_PCC\14_4QtrJungle\142_4QtrJungle_AUD_S_v01.mov,-,nclc,nclc,116217,337365991,5280,800,6.600,CFR,29.970,4923282241,PCM,Little / Signed,sowt,116217,2,L R,48000,16
,,143_4QtrJungle_AUD_C_v01.mov,1,,1,190,143,004,AUD_C,2m0.17s,,-,,,,,190_SAS_PCC,14_4QtrJungle,\190_SAS_PCC\14_4QtrJungle\143_4QtrJungle_AUD_C_v01.mov,-,nclc,nclc,120287,627897612,9760,800,12.200,CFR,29.970,9464126824,PCM,Little / Signed,sowt,120287,2,L R,48000,16
,,144_4QtrJungle_RIB_F_v01.mov,1,,1,190,144,010,RIB_F,2m0.17s,,-,,,,,190_SAS_PCC,14_4QtrJungle,\190_SAS_PCC\14_4QtrJungle\144_4QtrJungle_RIB_F_v01.mov,-,nclc,nclc,120287,20741572,9504,144,66.000,CFR,29.970,334983649,PCM,Little / Signed,sowt,120287,2,L R,48000,16
,,148_4QtrJungle_SCB_v01.mov,1,,1,190,148,017,SCB,2m0.23s,,-,,,,,190_SAS_PCC,14_4QtrJungle,\190_SAS_PCC\14_4QtrJungle\148_4QtrJungle_SCB_v01.mov,-,nclc,nclc,120354,154889084,1920,1080,1.778,CFR,29.970,2351588429,PCM,Little / Signed,sowt,120354,2,L R,44100,16
,15_DefenseBoots,150_DefenseBoots_AUDIO_v01.mov,1,,,190,150,024,AUDIO,8.53s,,-,47,,,7/18/2020 18:39:20,190_SAS_PCC,15_DefenseBoots,\190_SAS_PCC\15_DefenseBoots\150_DefenseBoots_AUDIO_v01.mov,-,nclc,nclc,8542,93267,16,16,1.000,CFR,29.970,1892398,PCM,Little / Signed,sowt,8542,2,L R,48000,16
,,151_DefenseBoots_AUD_N_v01.mov,1,,,190,151,002,AUD_N,8.53s,,-,47,,,7/18/2020 18:39:20,190_SAS_PCC,15_DefenseBoots,\190_SAS_PCC\15_DefenseBoots\151_DefenseBoots_AUD_N_v01.mov,-,nclc,nclc,8542,808925415,5280,800,6.600,CFR,29.970,865679209,PCM,Little / Signed,sowt,8542,2,L R,48000,16
,,152_DefenseBoots_AUD_S_v01.mov,1,,,190,152,003,AUD_S,8.53s,,-,47,,,7/18/2020 18:39:20,190_SAS_PCC,15_DefenseBoots,\190_SAS_PCC\15_DefenseBoots\152_DefenseBoots_AUD_S_v01.mov,-,nclc,nclc,8542,808890938,5280,800,6.600,CFR,29.970,865677935,PCM,Little / Signed,sowt,8542,2,L R,48000,16
,,153_DefenseBoots_AUD_C_v01.mov,1,,,190,153,004,AUD_C,8.53s,,-,47,,,7/18/2020 18:39:19,190_SAS_PCC,15_DefenseBoots,\190_SAS_PCC\15_DefenseBoots\153_DefenseBoots_AUD_C_v01.mov,-,nclc,nclc,8542,1137582183,9760,800,12.200,CFR,29.970,1216649941,PCM,Little / Signed,sowt,8542,2,L R,48000,16
,,154_DefenseBoots_RIB_F_v01.mov,1,,,190,154,010,RIB_F,8.53s,,-,47,,,7/18/2020 18:39:18,190_SAS_PCC,15_DefenseBoots,\190_SAS_PCC\15_DefenseBoots\154_DefenseBoots_RIB_F_v01.mov,-,nclc,nclc,8542,238015089,9504,144,66.000,CFR,29.970,256340423,PCM,Little / Signed,sowt,8542,2,L R,48000,16
,,158_DefenseBoots_SCB_v01.mov,1,,,190,158,017,SCB,8.53s,,-,47,,,7/18/2020 18:39:18,190_SAS_PCC,15_DefenseBoots,\190_SAS_PCC\15_DefenseBoots\158_DefenseBoots_SCB_v01.mov,-,nclc,nclc,8542,342367767,1920,1080,1.778,CFR,29.970,367345963,PCM,Little / Signed,sowt,8542,2,L R,48000,16
,18_And1Spursh,181_And1Spursh_AUD_F_v01.mov,1,,,190,181,001,AUD_F,20s,,-,51,,,7/18/2020 18:38:49,190_SAS_PCC,18_And1Spursh,\190_SAS_PCC\18_And1Spursh\181_And1Spursh_AUD_F_v01.mov,-,nclc,nclc,20020,242947558,10160,1600,6.350,CFR,29.970,608282046,-,-,-,-,-,-,-,-
,,184_And1Spursh_RIB_F_v01.mov,1,,,190,184,010,RIB_F,20s,,-,51,,,7/18/2020 18:38:49,190_SAS_PCC,18_And1Spursh,\190_SAS_PCC\18_And1Spursh\184_And1Spursh_RIB_F_v01.mov,-,nclc,nclc,20020,14951163,9504,144,66.000,CFR,29.970,37737942,-,-,-,-,-,-,-,-
,,188_And1Spursh_SCB_v01.mov,1,,,190,188,017,SCB,20s,,-,51,,,7/18/2020 18:38:48,190_SAS_PCC,18_And1Spursh,\190_SAS_PCC\18_And1Spursh\188_And1Spursh_SCB_v01.mov,-,nclc,nclc,20020,43110886,1920,1080,1.778,CFR,29.970,108168862,-,-,-,-,-,-,-,-
,19_And1Pattern,191_And1Pattern_AUD_F_v01.mov,1,,,190,191,001,AUD_F,20s,,-,,,,,190_SAS_PCC,19_And1Pattern,\190_SAS_PCC\19_And1Pattern\191_And1Pattern_AUD_F_v01.mov,-,nclc,nclc,20020,485287396,10160,1600,6.350,CFR,29.970,1215180864,-,-,-,-,-,-,-,-
,,194_And1Pattern_RIB_F_v01.mov,1,,,190,194,010,RIB_F,20s,,-,,,,,190_SAS_PCC,19_And1Pattern,\190_SAS_PCC\19_And1Pattern\194_And1Pattern_RIB_F_v01.mov,-,nclc,nclc,20020,71481724,9504,144,66.000,CFR,29.970,179442804,-,-,-,-,-,-,-,-
,,198_And1Pattern_SCB_v01.mov,1,,,190,198,017,SCB,20s,,-,,,,7/18/2020 18:38:47,190_SAS_PCC,19_And1Pattern,\190_SAS_PCC\19_And1Pattern\198_And1Pattern_SCB_v01.mov,-,nclc,nclc,20020,78109107,1920,1080,1.778,CFR,29.970,195939657,-,-,-,-,-,-,-,-
,20_SpursWin,201_SpursWin_AUD_F_v01.mov,1,,,190,201,001,AUD_F,10s,,-,,,,7/18/2020 18:38:47,190_SAS_PCC,20_SpursWin,\190_SAS_PCC\20_SpursWin\201_SpursWin_AUD_F_v01.mov,-,nclc,nclc,10010,2333339904,10160,1600,6.350,CFR,29.970,2920938913,-,-,-,-,-,-,-,-
,,204_SpursWin_RIB_F_v01.mov,1,,,190,204,010,RIB_F,10s,,-,,,,7/18/2020 18:38:47,190_SAS_PCC,20_SpursWin,\190_SAS_PCC\20_SpursWin\204_SpursWin_RIB_F_v01.mov,-,nclc,nclc,10010,232872446,9504,144,66.000,CFR,29.970,292691305,-,-,-,-,-,-,-,-
,,208_SpursWin_SCB_v01.mov,1,,,190,208,017,SCB,20s,,-,,,,7/18/2020 18:38:46,190_SAS_PCC,20_SpursWin,\190_SAS_PCC\20_SpursWin\208_SpursWin_SCB_v01.mov,-,nclc,nclc,20020,256748078,1920,1080,1.778,CFR,29.970,643153828,-,-,-,-,-,-,-,-
,,,,,,,,,,,,-,,,,,190_SAS_PCC,20_SpursWin,Skip,-,-,-,-,-,-,-,-,-,-,-,-,-,-,-,-,-,-,-
,,,,,,,,,,,,-,,,,,190_SAS_PCC,20_SpursWin,Skip,-,-,-,-,-,-,-,-,-,-,-,-,-,-,-,-,-,-,-
,,,,,,,,,,,,-,,,,,190_SAS_PCC,20_SpursWin,Skip,-,-,-,-,-,-,-,-,-,-,-,-,-,-,-,-,-,-,-
,,,,,,,,,,,,-,,,,,190_SAS_PCC,20_SpursWin,Skip,-,-,-,-,-,-,-,-,-,-,-,-,-,-,-,-,-,-,-
,,,,,,,,,,,,-,,,,,190_SAS_PCC,20_SpursWin,Skip,-,-,-,-,-,-,-,-,-,-,-,-,-,-,-,-,-,-,-
,,,,,,,,,,,,-,,,,,190_SAS_PCC,20_SpursWin,Skip,-,-,-,-,-,-,-,-,-,-,-,-,-,-,-,-,-,-,-
,,,,,,,,,,,,-,,,,,190_SAS_PCC,20_SpursWin,Skip,-,-,-,-,-,-,-,-,-,-,-,-,-,-,-,-,-,-,-
191_SAS_FERA,,,,,,,,,,,,-,,,,,191_SAS_FERA,20_SpursWin,Skip,-,-,-,-,-,-,-,-,-,-,-,-,-,-,-,-,-,-,-
192_SAS_Image_1,00_SpursLoop,001_SpursLoop_AUD_F_v01.mov,1,,1,192,001,001,AUD_F,,,-F,64,,"Generic Loop - Halftime, Timeouts ",,192_SAS_Image_1,00_SpursLoop,\192_SAS_Image_1\00_SpursLoop\001_SpursLoop_AUD_F_v01.mov,-F,No File,No File,No File,No File,No File,No File,No File,No File,No File,No File,No File,No File,No File,No File,No File,No File,No File,No File
,,004_SpursLoop_RIB_F_v01.mov,1,,1,192,004,010,RIB_F,20s,,-,64,,,,192_SAS_Image_1,00_SpursLoop,\192_SAS_Image_1\00_SpursLoop\004_SpursLoop_RIB_F_v01.mov,-,nclc,nclc,20020,191354487,9504,144,66.000,CFR,29.970,478970613,-,-,-,-,-,-,-,-
,,008_SpursLoop_SCB_v01.mov,1,,1,192,008,017,SCB,20s,,-,64,,,,192_SAS_Image_1,00_SpursLoop,\192_SAS_Image_1\00_SpursLoop\008_SpursLoop_SCB_v01.mov,-,nclc,nclc,20020,426410344,1920,1080,1.778,CFR,29.970,1067172378,-,-,-,-,-,-,-,-
,01_MatchLoopSAC,011_MatchLoopSAC_AUD_F_v01.mov,1,"VideoFile Read Error, potential re-delivery?
Check video file for bad frames?
Frame 159?",1,192,011,001,AUD_F,10s,,-,,,Pre-game and at half time. Dont play during game ,,192_SAS_Image_1,01_MatchLoopSAC,\192_SAS_Image_1\01_MatchLoopSAC\011_MatchLoopSAC_AUD_F_v01.mov,-,nclc,nclc,10010,2918473175,10160,1600,6.350,CFR,29.970,1954704336,-,-,-,-,-,-,-,-
,,014_MatchLoopSAC_RIB_F_v01.mov,1,,1,192,014,010,RIB_F,,,-F,,,,,192_SAS_Image_1,01_MatchLoopSAC,\192_SAS_Image_1\01_MatchLoopSAC\014_MatchLoopSAC_RIB_F_v01.mov,-F,No File,No File,No File,No File,No File,No File,No File,No File,No File,No File,No File,No File,No File,No File,No File,No File,No File,No File
,,018_MatchLoopSAC_SCB_v01.mov,1,,1,192,018,017,SCB,18s,,-,,,,,192_SAS_Image_1,01_MatchLoopSAC,\192_SAS_Image_1\01_MatchLoopSAC\018_MatchLoopSAC_SCB_v01.mov,-,nclc,nclc,18018,511822174,1920,1080,1.778,CFR,29.970,1152878933,-,-,-,-,-,-,-,-
193_SAS_Image_2,,,,,,,,,,,,-,,,,,193_SAS_Image_2,01_MatchLoopSAC,Skip,-,-,-,-,-,-,-,-,-,-,-,-,-,-,-,-,-,-,-
,,,,,,,,,,,,-,,,,,193_SAS_Image_2,01_MatchLoopSAC,Skip,-,-,-,-,-,-,-,-,-,-,-,-,-,-,-,-,-,-,-
194_SAS_Video,00_IntroVideo,000_IntroVideo_AUDIO_v01.mov,1,audio wrong sample rate,1,194,000,024,AUDIO,1m27.07s,,-A,,,,,194_SAS_Video,00_IntroVideo,\194_SAS_Video\00_IntroVideo\000_IntroVideo_AUDIO_v01.mov,-A,nclc,nclc,87154,67312,16,16,1.000,CFR,29.970,25300292,PCM,Little / Signed,sowt,87154,2,L R,44100,16
,,001_IntroVideo_AUD_N_v01.mov,1,,1,194,001,002,AUD_N,1m27.03s,,-,,,,,194_SAS_Video,00_IntroVideo,\194_SAS_Video\00_IntroVideo\001_IntroVideo_AUD_N_v01.mov,-,nclc,nclc,87121,557273708,5280,800,6.600,CFR,29.970,6085502556,PCM,Little / Signed,sowt,87121,2,L R,48000,16
,,002_IntroVideo_AUD_S_v01.mov,1,,1,194,002,003,AUD_S,1m27.03s,,-,,,,,194_SAS_Video,00_IntroVideo,\194_SAS_Video\00_IntroVideo\002_IntroVideo_AUD_S_v01.mov,-,nclc,nclc,87121,557273091,5280,800,6.600,CFR,29.970,6085495835,PCM,Little / Signed,sowt,87121,2,L R,48000,16
,,003_IntroVideo_AUD_C_v01.mov,1,,1,194,003,004,AUD_C,,,-F,,,,,194_SAS_Video,00_IntroVideo,\194_SAS_Video\00_IntroVideo\003_IntroVideo_AUD_C_v01.mov,-F,No File,No File,No File,No File,No File,No File,No File,No File,No File,No File,No File,No File,No File,No File,No File,No File,No File,No File
,,004_IntroVideo_RIB_F_v01.mov,1,,1,194,004,010,RIB_F,,,-F,,,,,194_SAS_Video,00_IntroVideo,\194_SAS_Video\00_IntroVideo\004_IntroVideo_RIB_F_v01.mov,-F,No File,No File,No File,No File,No File,No File,No File,No File,No File,No File,No File,No File,No File,No File,No File,No File,No File,No File
,,008_IntroVideo_SCB_v01.mov,1,,1,194,008,017,SCB,1m27.07s,,-,,,,,194_SAS_Video,00_IntroVideo,\194_SAS_Video\00_IntroVideo\008_IntroVideo_SCB_v01.mov,-,nclc,nclc,87154,356444320,1920,1080,1.778,CFR,29.970,3907752516,PCM,Little / Signed,sowt,87154,2,L R,44100,16
,01_LylesMixtape,010_LylesMixTape_AUDIO_v01.mov,1,audio wrong sample rate,1,194,010,024,AUDIO,48.87s,,-A,,,Highlight package - use if they are having a run,,194_SAS_Video,01_LylesMixtape,\194_SAS_Video\01_LylesMixtape\010_LylesMixTape_AUDIO_v01.mov,-A,nclc,nclc,48916,82288,16,16,1.000,CFR,29.970,9597686,PCM,Little / Signed,sowt,48916,2,L R,44100,16
,,018_LylesMixTape_SCB_v01.mov,1,,1,194,018,017,SCB,48.87s,,-,,,Backtime into a timeout ,,194_SAS_Video,01_LylesMixtape,\194_SAS_Video\01_LylesMixtape\018_LylesMixTape_SCB_v01.mov,-,nclc,nclc,48916,471719128,1920,1080,1.778,CFR,29.970,2893375570,PCM,Little / Signed,sowt,48933,2,L R,44100,16
,02_WhiteMixtape,020_WhiteMixTape_AUDIO_v01.mov,1,audio wrong sample rate,1,194,020,024,AUDIO,55.4s,,-A,,,,,194_SAS_Video,02_WhiteMixtape,\194_SAS_Video\02_WhiteMixtape\020_WhiteMixTape_AUDIO_v01.mov,-A,nclc,nclc,55456,82476,16,16,1.000,CFR,29.970,11168661,PCM,Little / Signed,sowt,55456,2,L R,44100,16
,,028_WhiteMixTape_SCB_v01.mov,1,,1,194,028,017,SCB,55.4s,,-,,,,,194_SAS_Video,02_WhiteMixtape,\194_SAS_Video\02_WhiteMixtape\028_WhiteMixTape_SCB_v01.mov,-,nclc,nclc,55456,490589773,1920,1080,1.778,CFR,29.970,3411308126,PCM,Little / Signed,sowt,55456,2,L R,44100,16
,03_MillsMixtape,030_MillsMixTape_AUDIO_v01.mov,1,audio wrong sample rate,1,194,030,024,AUDIO,56.5s,,-A,,,,,194_SAS_Video,03_MillsMixtape,\194_SAS_Video\03_MillsMixtape\030_MillsMixTape_AUDIO_v01.mov,-A,nclc,nclc,56557,84390,16,16,1.000,CFR,29.970,11285778,PCM,Little / Signed,sowt,56557,2,L R,44100,16
,,038_MillsMixTape_SCB_v01.mov,1,,1,194,038,017,SCB,56.5s,,-,,,,,194_SAS_Video,03_MillsMixtape,\194_SAS_Video\03_MillsMixtape\038_MillsMixTape_SCB_v01.mov,-,nclc,nclc,56557,487209432,1920,1080,1.778,CFR,29.970,3455014319,PCM,Little / Signed,sowt,56574,2,L R,44100,16
,04_DeRozanMixtape,040_DeRozanMixTapes_AUDIO_v01.mov,1,audio wrong sample rate,1,194,040,024,AUDIO,57.13s,,-A,,,,,194_SAS_Video,04_DeRozanMixtape,\194_SAS_Video\04_DeRozanMixtape\040_DeRozanMixTapes_AUDIO_v01.mov,-A,nclc,nclc,57191,82205,16,16,1.000,CFR,29.970,11274883,PCM,Little / Signed,sowt,57191,2,L R,44100,16
,,048_DeRozanMixTapes_SCB_v01.mov,1,,1,194,048,017,SCB,57.13s,,-,,,,,194_SAS_Video,04_DeRozanMixtape,\194_SAS_Video\04_DeRozanMixtape\048_DeRozanMixTapes_SCB_v01.mov,-,nclc,nclc,57191,481937486,1920,1080,1.778,CFR,29.970,3456669506,PCM,Little / Signed,sowt,57191,2,L R,44100,16
,05_WalkerIVMixtape,050_WalkerIVMixtape_AUDIO_v01.mov,1,audio wrong sample rate,1,194,050,024,AUDIO,53.33s,,-A,,,,,194_SAS_Video,05_WalkerIVMixtape,\194_SAS_Video\05_WalkerIVMixtape\050_WalkerIVMixtape_AUDIO_v01.mov,-A,nclc,nclc,53387,82339,16,16,1.000,CFR,29.970,10765355,PCM,Little / Signed,sowt,53387,2,L R,44100,16
,,058_WalkerIVMixtape_SCB_v01.mov,1,,1,194,058,017,SCB,53.33s,,-,,,,,194_SAS_Video,05_WalkerIVMixtape,\194_SAS_Video\05_WalkerIVMixtape\058_WalkerIVMixtape_SCB_v01.mov,-,nclc,nclc,53387,502389867,1920,1080,1.778,CFR,29.970,3362814247,PCM,Little / Signed,sowt,53404,2,L R,44100,16
,06_ForbesMixtape,060_ForbesMixTape_AUDIO_v01.mov,1,audio wrong sample rate,1,194,060,024,AUDIO,50.4s,,-A,,,,,194_SAS_Video,06_ForbesMixtape,\194_SAS_Video\06_ForbesMixtape\060_ForbesMixTape_AUDIO_v01.mov,-A,nclc,nclc,50451,82183,16,16,1.000,CFR,29.970,9956929,PCM,Little / Signed,sowt,50451,2,L R,44100,16
,,068_ForbesMixTape_SCB_v01.mov,1,,1,194,068,017,SCB,50.4s,,-,,,,,194_SAS_Video,06_ForbesMixtape,\194_SAS_Video\06_ForbesMixtape\068_ForbesMixTape_SCB_v01.mov,-,nclc,nclc,50451,466693779,1920,1080,1.778,CFR,29.970,2952529026,PCM,Little / Signed,sowt,50451,2,L R,44100,16
,07_GayMixtape,070_GayMixTape_AUDIO_v01.mov,1,audio wrong sample rate,1,194,070,024,AUDIO,52.67s,,-A,,,,,194_SAS_Video,07_GayMixtape,\194_SAS_Video\07_GayMixtape\070_GayMixTape_AUDIO_v01.mov,-A,nclc,nclc,52720,82263,16,16,1.000,CFR,29.970,10322204,PCM,Little / Signed,sowt,52720,2,L R,44100,16
,,078_GayMixTape_SCB_v01.mov,1,,1,194,078,017,SCB,,,-F,,,,,194_SAS_Video,07_GayMixtape,\194_SAS_Video\07_GayMixtape\078_GayMixTape_SCB_v01.mov,-F,No File,No File,No File,No File,No File,No File,No File,No File,No File,No File,No File,No File,No File,No File,No File,No File,No File,No File
,08_PoeltlMixtape,080_PoeltlMixTape_AUDIO_v01.mov,1,audio wrong sample rate,1,194,080,024,AUDIO,56.43s,,-A,,,,,194_SAS_Video,08_PoeltlMixtape,\194_SAS_Video\08_PoeltlMixtape\080_PoeltlMixTape_AUDIO_v01.mov,-A,nclc,nclc,56490,81739,16,16,1.000,CFR,29.970,11418981,PCM,Little / Signed,sowt,56490,2,L R,44100,16
,,088_PoeltlMixTape_SCB_v01.mov,1,,1,194,088,017,SCB,56.43s,,-,,,,,194_SAS_Video,08_PoeltlMixtape,\194_SAS_Video\08_PoeltlMixtape\088_PoeltlMixTape_SCB_v01.mov,-,nclc,nclc,56490,470793819,1920,1080,1.778,CFR,29.970,3335199719,PCM,Little / Signed,sowt,56507,2,L R,44100,16
,09_MurrayMixtape,090_MurrayMixTape_AUDIO_v01.mov,1,audio wrong sample rate,1,194,090,024,AUDIO,56.17s,,-A,,,,,194_SAS_Video,09_MurrayMixtape,\194_SAS_Video\09_MurrayMixtape\090_MurrayMixTape_AUDIO_v01.mov,-A,nclc,nclc,56223,82484,16,16,1.000,CFR,29.970,11192779,PCM,Little / Signed,sowt,56223,2,L R,44100,16
,,098_MurrayMixTape_SCB_v01.mov,1,,1,194,098,017,SCB,56.17s,,-,,,,,194_SAS_Video,09_MurrayMixtape,\194_SAS_Video\09_MurrayMixtape\098_MurrayMixTape_SCB_v01.mov,-,nclc,nclc,56223,498594994,1920,1080,1.778,CFR,29.970,3514643607,PCM,Little / Signed,sowt,56223,2,L R,44100,16
195_SAS_Misc,00_FreethrowSTMs,001_FreethrowSTMs_AUD_N_v01.mov,1,,1,195,001,002,AUD_N,0.03s,,-,27,,FTs for both teams. No distractions ,,195_SAS_Misc,00_FreethrowSTMs,\195_SAS_Misc\00_FreethrowSTMs\001_FreethrowSTMs_AUD_N_v01.mov,-,nclc,nclc,34,988244926,5280,800,6.600,CFR,29.970,4122489,-,-,-,-,-,-,-,-
,,002_FreethrowSTMs_AUD_S_v01.mov,1,,1,195,002,003,AUD_S,0.03s,,-,27,,,,195_SAS_Misc,00_FreethrowSTMs,\195_SAS_Misc\00_FreethrowSTMs\002_FreethrowSTMs_AUD_S_v01.mov,-,nclc,nclc,34,988244926,5280,800,6.600,CFR,29.970,4122489,-,-,-,-,-,-,-,-
,01_FreethrowFR,011_FreethrowFR_AUD_N_v01.mov,1,,1,195,011,002,AUD_N,0.03s,,-,28,,,,195_SAS_Misc,01_FreethrowFR,\195_SAS_Misc\01_FreethrowFR\011_FreethrowFR_AUD_N_v01.mov,-,nclc,nclc,34,668120491,5280,800,6.600,CFR,29.970,2787302,-,-,-,-,-,-,-,-
,,012_FreethrowFR_AUD_S_v01.mov,1,,1,195,012,003,AUD_S,0.03s,,-,28,,,,195_SAS_Misc,01_FreethrowFR,\195_SAS_Misc\01_FreethrowFR\012_FreethrowFR_AUD_S_v01.mov,-,nclc,nclc,34,668120491,5280,800,6.600,CFR,29.970,2787302,-,-,-,-,-,-,-,-
,02_FreethrowLogo,021_FreethrowLogo_AUD_N_v02.mov,2,,2,195,021,002,AUD_N,0.03s,,-,50,,,,195_SAS_Misc,02_FreethrowLogo,\195_SAS_Misc\02_FreethrowLogo\021_FreethrowLogo_AUD_N_v02.mov,-,nclc,nclc,34,751643045,5280,800,6.600,CFR,29.970,3135661,-,-,-,-,-,-,-,-
,,022_FreethrowLogo_AUD_S_v02.mov,2,,2,195,022,003,AUD_S,0.03s,,-,50,,,,195_SAS_Misc,02_FreethrowLogo,\195_SAS_Misc\02_FreethrowLogo\022_FreethrowLogo_AUD_S_v02.mov,-,nclc,nclc,34,751757890,5280,800,6.600,CFR,29.970,3136140,-,-,-,-,-,-,-,-
,03_AfterBasketMills,034_AfterBasketMills_RIB_F_v01.mov,1,,1,195,034,010,RIB_F,,,-F,,,,,195_SAS_Misc,03_AfterBasketMills,\195_SAS_Misc\03_AfterBasketMills\034_AfterBasketMills_RIB_F_v01.mov,-F,No File,No File,No File,No File,No File,No File,No File,No File,No File,No File,No File,No File,No File,No File,No File,No File,No File,No File
,04_AfterBasketForbes,044_AfterBasketForbes_RIB_F_v01.mov,1,,1,195,044,010,RIB_F,,,-F,,,,,195_SAS_Misc,04_AfterBasketForbes,\195_SAS_Misc\04_AfterBasketForbes\044_AfterBasketForbes_RIB_F_v01.mov,-F,No File,No File,No File,No File,No File,No File,No File,No File,No File,No File,No File,No File,No File,No File,No File,No File,No File,No File
,05_AfterBasketLyles,054_AfterBasketLyles_RIB_F_v01.mov,1,,1,195,054,010,RIB_F,13.03s,,-,,,,,195_SAS_Misc,05_AfterBasketLyles,\195_SAS_Misc\05_AfterBasketLyles\054_AfterBasketLyles_RIB_F_v01.mov,-,nclc,nclc,13047,200926661,9504,144,66.000,CFR,29.970,327674494,-,-,-,-,-,-,-,-
,06_AfterBasketDeRozan,064_AfterBasketDeRozen_RIB_F_v01.mov,1,,1,195,064,010,RIB_F,,,-F,,,,,195_SAS_Misc,06_AfterBasketDeRozan,\195_SAS_Misc\06_AfterBasketDeRozan\064_AfterBasketDeRozen_RIB_F_v01.mov,-F,No File,No File,No File,No File,No File,No File,No File,No File,No File,No File,No File,No File,No File,No File,No File,No File,No File,No File
,07_AfterBasketWhite,,,,,,,,,,,-,,,,,195_SAS_Misc,07_AfterBasketWhite,Skip,-,-,-,-,-,-,-,-,-,-,-,-,-,-,-,-,-,-,-
,08_AfterBasketGay,084_AfterBasketGay_RIB_F_v01.mov,1,,1,195,084,010,RIB_F,,,-F,,,,,195_SAS_Misc,08_AfterBasketGay,\195_SAS_Misc\08_AfterBasketGay\084_AfterBasketGay_RIB_F_v01.mov,-F,No File,No File,No File,No File,No File,No File,No File,No File,No File,No File,No File,No File,No File,No File,No File,No File,No File,No File
,09_AfterBasketMurray,,,,,,,,,,,-,,,,,195_SAS_Misc,09_AfterBasketMurray,Skip,-,-,-,-,-,-,-,-,-,-,-,-,-,-,-,-,-,-,-
,10_AfterBasketPoeltl,,,,,,,,,,,-,,,,,195_SAS_Misc,10_AfterBasketPoeltl,Skip,-,-,-,-,-,-,-,-,-,-,-,-,-,-,-,-,-,-,-
,11_AfterBasketWalkerIV,,,,,,,,,,,-,,,,,195_SAS_Misc,11_AfterBasketWalkerIV,Skip,-,-,-,-,-,-,-,-,-,-,-,-,-,-,-,-,-,-,-
,12_AfterBasketBelinelli,124_AfterBasketBelinelli_RIB_F_v01.mov,1,,1,195,124,010,RIB_F,,,-F,,,,,195_SAS_Misc,12_AfterBasketBelinelli,\195_SAS_Misc\12_AfterBasketBelinelli\124_AfterBasketBelinelli_RIB_F_v01.mov,-F,No File,No File,No File,No File,No File,No File,No File,No File,No File,No File,No File,No File,No File,No File,No File,No File,No File,No File
,13_AfterBasketMetu,134_AfterBasketMetu_RIB_F_v01.mov,1,,1,195,134,010,RIB_F,,,-F,,,,,195_SAS_Misc,13_AfterBasketMetu,\195_SAS_Misc\13_AfterBasketMetu\134_AfterBasketMetu_RIB_F_v01.mov,-F,No File,No File,No File,No File,No File,No File,No File,No File,No File,No File,No File,No File,No File,No File,No File,No File,No File,No File
,14_AfterBasketEubanks,,,,,,,,,,,-,,,,,195_SAS_Misc,14_AfterBasketEubanks,Skip,-,-,-,-,-,-,-,-,-,-,-,-,-,-,-,-,-,-,-
,15_AfterBasketJohnson,,,,,,,,,,,-,,,,,195_SAS_Misc,15_AfterBasketJohnson,Skip,-,-,-,-,-,-,-,-,-,-,-,-,-,-,-,-,-,-,-
,16_AfterBasketWeatherspoon,,,,,,,,,,,-,,,,,195_SAS_Misc,16_AfterBasketWeatherspoon,Skip,-,-,-,-,-,-,-,-,-,-,-,-,-,-,-,-,-,-,-
,17_AfterBasketSamanic,174_AfterBasketSamanic_RIB_F_v01.mov,1,,1,195,174,010,RIB_F,,,-F,,,,,195_SAS_Misc,17_AfterBasketSamanic,\195_SAS_Misc\17_AfterBasketSamanic\174_AfterBasketSamanic_RIB_F_v01.mov,-F,No File,No File,No File,No File,No File,No File,No File,No File,No File,No File,No File,No File,No File,No File,No File,No File,No File,No File
,18_AfterBasketZeller,184_AfterBasketZeller_RIB_F_v01.mov,1,,1,195,184,010,RIB_F,,,-F,,,,,195_SAS_Misc,18_AfterBasketZeller,\195_SAS_Misc\18_AfterBasketZeller\184_AfterBasketZeller_RIB_F_v01.mov,-F,No File,No File,No File,No File,No File,No File,No File,No File,No File,No File,No File,No File,No File,No File,No File,No File,No File,No File
196_SAS_Intros_1,00_Starting5,000_Starting5_AUDIO_v02.mov,2,,2,196,000,024,AUDIO,15.03s,,-,,,,,196_SAS_Intros_1,00_Starting5,\196_SAS_Intros_1\00_Starting5\000_Starting5_AUDIO_v02.mov,-,nclc,nclc,15049,63537,16,16,1.000,CFR,29.970,3011893,PCM,Little / Signed,sowt,15049,2,L R,48000,16
,,001_Starting5_AUD_F_v01.mov,1,,1,196,001,001,AUD_F,15.03s,,-,,,,,196_SAS_Intros_1,00_Starting5,\196_SAS_Intros_1\00_Starting5\001_Starting5_AUD_F_v01.mov,-,nclc,nclc,15049,2376605296,10160,1600,6.350,CFR,29.970,4473403921,PCM,Little / Signed,sowt,15049,2,L R,48000,16
,,004_Starting5_RIB_F_v02.mov,2,,1,196,004,010,RIB_F,15.03s,,-,,,,7/21/2020 10:00:28,196_SAS_Intros_1,00_Starting5,\196_SAS_Intros_1\00_Starting5\004_Starting5_RIB_F_v02.mov,-,nclc,nclc,15049,152945395,9504,144,66.000,CFR,29.970,290591694,PCM,Little / Signed,sowt,15049,2,L R,48000,16
,,008_Starting5_SCB_v01.mov,1,,1,196,008,017,SCB,,,-U,,"Someeone said this file looks corrupt, but its playing fine?",,,196_SAS_Intros_1,00_Starting5,\196_SAS_Intros_1\00_Starting5\008_Starting5_SCB_v01.mov,-U,-,-,-,-,-,-,-,-,-,33071652,-,-,-,-,-,-,-,-
,01_MillsIntro,010_MillsIntro_AUDIO_v02.mov,2,,2,196,010,024,AUDIO,20s,,-,,,,,196_SAS_Intros_1,01_MillsIntro,\196_SAS_Intros_1\01_MillsIntro\010_MillsIntro_AUDIO_v02.mov,-,nclc,nclc,20020,93261,16,16,1.000,CFR,29.970,4080943,PCM,Little / Signed,sowt,20021,2,L R,48000,16
,,011_MillsIntro_AUD_F_v02.mov,2,Why does this look so different? --MH,2,196,011,001,AUD_F,13.03s,,-,6,,,,196_SAS_Intros_1,01_MillsIntro,\196_SAS_Intros_1\01_MillsIntro\011_MillsIntro_AUD_F_v02.mov,-,nclc,nclc,13047,3880359999,10160,1600,6.350,CFR,29.970,6330592103,PCM,Little / Signed,sowt,13047,2,L R,48000,16
,,014_MillsIntro_RIB_F_v03.mov,2,,2,196,014,010,RIB_F,13.03s,,-,6,,,,196_SAS_Intros_1,01_MillsIntro,\196_SAS_Intros_1\01_MillsIntro\014_MillsIntro_RIB_F_v03.mov,-,nclc,nclc,13047,210743293,9504,144,66.000,CFR,29.970,346188873,PCM,Little / Signed,sowt,13047,2,L R,48000,16
,,018_MillsIntro_SCB_v02.mov,2,,2,196,018,017,SCB,13.03s,,-,6,,,,196_SAS_Intros_1,01_MillsIntro,\196_SAS_Intros_1\01_MillsIntro\018_MillsIntro_SCB_v02.mov,-,nclc,nclc,13047,611385724,1920,1080,1.778,CFR,29.970,999555533,PCM,Little / Signed,sowt,13047,2,L R,48000,16
,02_ForbesIntro,020_ForbesIntro_AUDIO_v01.mov,1,,1,196,020,024,AUDIO,13.03s,,-,,,,,196_SAS_Intros_1,02_ForbesIntro,\196_SAS_Intros_1\02_ForbesIntro\020_ForbesIntro_AUDIO_v01.mov,-,nclc,nclc,13047,93086,16,16,1.000,CFR,29.970,2659558,PCM,Little / Signed,sowt,13047,2,L R,48000,16
,,021_ForbesIntro_AUD_F_v01.mov,1,"Check video file for bad frames?
Frame 346?",1,196,021,001,AUD_F,13.03s,,-,8,,,,196_SAS_Intros_1,02_ForbesIntro,\196_SAS_Intros_1\02_ForbesIntro\021_ForbesIntro_AUD_F_v01.mov,-,nclc,nclc,13047,2812988636,10160,1600,6.350,CFR,29.970,4589925592,PCM,Little / Signed,sowt,13047,2,L R,48000,16
,,024_ForbesIntro_RIB_F_v02.mov,2,,1,196,024,010,RIB_F,13.03s,,-,8,,,,196_SAS_Intros_1,02_ForbesIntro,\196_SAS_Intros_1\02_ForbesIntro\024_ForbesIntro_RIB_F_v02.mov,-,nclc,nclc,13047,177092799,9504,144,66.000,CFR,29.970,291311732,PCM,Little / Signed,sowt,13047,2,L R,48000,16
,,028_ForbesIntro_SCB_v01.mov,1,,1,196,028,017,SCB,13.03s,,-,8,,,7/21/2020 10:00:35,196_SAS_Intros_1,02_ForbesIntro,\196_SAS_Intros_1\02_ForbesIntro\028_ForbesIntro_SCB_v01.mov,-,nclc,nclc,13047,403836098,1920,1080,1.778,CFR,29.970,661084130,PCM,Little / Signed,sowt,13047,2,L R,48000,16
,03_LylesIntro,,,not delivered -kh,,,,,,,,-,,,,,196_SAS_Intros_1,03_LylesIntro,Skip,-,-,-,-,-,-,-,-,-,-,-,-,-,-,-,-,-,-,-
,04_DeRozanIntro,040_DeRozenIntro_AUDIO_v01.mov,1,,1,196,040,024,AUDIO,13.03s,,-,,,ALL Intros have audio ,,196_SAS_Intros_1,04_DeRozanIntro,\196_SAS_Intros_1\04_DeRozanIntro\040_DeRozenIntro_AUDIO_v01.mov,-,nclc,nclc,13047,92327,16,16,1.000,CFR,29.970,2658320,PCM,Little / Signed,sowt,13047,2,L R,48000,16
,,041_DeRozenIntro_AUD_F_v01.mov,1,Check video file for bad frames? (Frame 148? 153? 185?),1,196,041,001,AUD_F,13.03s,,-,7,,,,196_SAS_Intros_1,04_DeRozanIntro,\196_SAS_Intros_1\04_DeRozanIntro\041_DeRozenIntro_AUD_F_v01.mov,-,nclc,nclc,13047,3162301761,10160,1600,6.350,CFR,29.970,5159584549,PCM,Little / Signed,sowt,13047,2,L R,48000,16
,,044_DeRozenIntro_RIB_F_v02.mov,2,,1,196,044,010,RIB_F,13.03s,,-,7,,,7/21/2020 10:00:35,196_SAS_Intros_1,04_DeRozanIntro,\196_SAS_Intros_1\04_DeRozanIntro\044_DeRozenIntro_RIB_F_v02.mov,-,nclc,nclc,13047,213220121,9504,144,66.000,CFR,29.970,350228078,PCM,Little / Signed,sowt,13047,2,L R,48000,16
,,048_DeRozenIntro_SCB_v01.mov,1,,1,196,048,017,SCB,13.03s,,-,7,,,,196_SAS_Intros_1,04_DeRozanIntro,\196_SAS_Intros_1\04_DeRozanIntro\048_DeRozenIntro_SCB_v01.mov,-,nclc,nclc,13047,462960926,1920,1080,1.778,CFR,29.970,757504749,PCM,Little / Signed,sowt,13047,2,L R,48000,16
,05_WhiteIntro,050_WhiteIntro_AUDIO_v01.mov,1,,1,196,050,024,AUDIO,13.03s,,-,,,,,196_SAS_Intros_1,05_WhiteIntro,\196_SAS_Intros_1\05_WhiteIntro\050_WhiteIntro_AUDIO_v01.mov,-,nclc,nclc,13047,55013,16,16,1.000,CFR,29.970,3149689,PCM,Little / Signed,sowt,13047,2,L R,48000,16
,,051_WhiteIntro_AUD_F_v01.mov,1,,1,196,051,001,AUD_F,13.03s,,-,3,,,,196_SAS_Intros_1,05_WhiteIntro,\196_SAS_Intros_1\05_WhiteIntro\051_WhiteIntro_AUD_F_v01.mov,-,nclc,nclc,13047,3489637504,10160,1600,6.350,CFR,29.970,5691437199,-,-,-,-,-,-,-,-
,,054_WhiteIntro_RIB_F_v02.mov,2,,1,196,054,010,RIB_F,13.03s,,-,3,,,7/21/2020 10:00:37,196_SAS_Intros_1,05_WhiteIntro,\196_SAS_Intros_1\05_WhiteIntro\054_WhiteIntro_RIB_F_v02.mov,-,nclc,nclc,13047,188065638,9504,144,66.000,CFR,29.970,307341733,-,-,-,-,-,-,-,-
,,058_WhiteIntro_SCB_v01.mov,1,,,196,058,017,SCB,13.03s,,-,3,,,7/21/2020 10:00:38,196_SAS_Intros_1,05_WhiteIntro,\196_SAS_Intros_1\05_WhiteIntro\058_WhiteIntro_SCB_v01.mov,-,nclc,nclc,13047,462883970,1920,1080,1.778,CFR,29.970,755018734,-,-,-,-,-,-,-,-
,06_GayIntro,060_GayIntro_AUDIO_v01.mov,1,,1,196,060,024,AUDIO,13.03s,,-,,,,,196_SAS_Intros_1,06_GayIntro,\196_SAS_Intros_1\06_GayIntro\060_GayIntro_AUDIO_v01.mov,-,nclc,nclc,13047,93240,16,16,1.000,CFR,29.970,2659809,PCM,Little / Signed,sowt,13047,2,L R,48000,16
,,061_GayIntro_AUD_F_v01.mov,1,,1,196,061,001,AUD_F,13.03s,,-,13,,,,196_SAS_Intros_1,06_GayIntro,\196_SAS_Intros_1\06_GayIntro\061_GayIntro_AUD_F_v01.mov,-,nclc,nclc,13047,3216496890,10160,1600,6.350,CFR,29.970,5247965829,PCM,Little / Signed,sowt,13047,2,L R,48000,16
,,064_GayIntro_RIB_F_v02.mov,2,AUD_F Not Delivered -kh,1,196,064,010,RIB_F,13.03s,,-,13,,,7/21/2020 10:00:40,196_SAS_Intros_1,06_GayIntro,\196_SAS_Intros_1\06_GayIntro\064_GayIntro_RIB_F_v02.mov,-,nclc,nclc,13047,213187649,9504,144,66.000,CFR,29.970,350175123,PCM,Little / Signed,sowt,13047,2,L R,48000,16
,,068_GayIntro_SCB_v01.mov,1,,,196,068,017,SCB,13.03s,,-,,,,7/21/2020 10:00:41,196_SAS_Intros_1,06_GayIntro,\196_SAS_Intros_1\06_GayIntro\068_GayIntro_SCB_v01.mov,-,nclc,nclc,13047,472836617,1920,1080,1.778,CFR,29.970,773610001,PCM,Little / Signed,sowt,13047,2,L R,48000,16
,07_MurrayIntro,070_MurrayIntro_AUDIO_v01.mov,1,,1,196,070,024,AUDIO,13.03s,,-,,,,,196_SAS_Intros_1,07_MurrayIntro,\196_SAS_Intros_1\07_MurrayIntro\070_MurrayIntro_AUDIO_v01.mov,-,nclc,nclc,13047,55053,16,16,1.000,CFR,29.970,3152383,PCM,Little / Signed,sowt,13047,2,L R,48000,16
,,071_MurrayIntro_AUD_F_v01.mov,1,,1,196,071,001,AUD_F,13.03s,,-,4,,,,196_SAS_Intros_1,07_MurrayIntro,\196_SAS_Intros_1\07_MurrayIntro\071_MurrayIntro_AUD_F_v01.mov,-,nclc,nclc,13047,3163556130,10160,1600,6.350,CFR,29.970,5159667148,-,-,-,-,-,-,-,-
,,074_MurrayIntro_RIB_F_v02.mov,2,AUD_F Not Delivered -kh,1,196,074,010,RIB_F,13.03s,,-,4,,,7/21/2020 10:00:43,196_SAS_Intros_1,07_MurrayIntro,\196_SAS_Intros_1\07_MurrayIntro\074_MurrayIntro_RIB_F_v02.mov,-,nclc,nclc,13047,179716841,9504,144,66.000,CFR,29.970,293726541,-,-,-,-,-,-,-,-
,,078_MurrayIntro_SCB_v01.mov,1,,,196,078,017,SCB,13.03s,,-,,,,7/21/2020 10:00:48,196_SAS_Intros_1,07_MurrayIntro,\196_SAS_Intros_1\07_MurrayIntro\078_MurrayIntro_SCB_v01.mov,-,nclc,nclc,13047,452840821,1920,1080,1.778,CFR,29.970,738653432,-,-,-,-,-,-,-,-
,08_PoeltlIntro,080_PoeltlIntro_AUDIO_v01.mov,1,,,196,080,024,AUDIO,13.03s,,-,,,,7/21/2020 10:00:48,196_SAS_Intros_1,08_PoeltlIntro,\196_SAS_Intros_1\08_PoeltlIntro\080_PoeltlIntro_AUDIO_v01.mov,-,nclc,nclc,13047,55334,16,16,1.000,CFR,29.970,3150212,PCM,Little / Signed,sowt,13047,2,L R,48000,16
,,081_PoeltlIntro_AUD_F_v01.mov,1,,,196,081,001,AUD_F,13.03s,,-,14,,,,196_SAS_Intros_1,08_PoeltlIntro,\196_SAS_Intros_1\08_PoeltlIntro\081_PoeltlIntro_AUD_F_v01.mov,-,nclc,nclc,13047,2598920853,10160,1600,6.350,CFR,29.970,4238858743,-,-,-,-,-,-,-,-
,,084_PoeltlIntro_RIB_F_v02.mov,2,,,196,084,010,RIB_F,13.03s,,-,14,,,,196_SAS_Intros_1,08_PoeltlIntro,\196_SAS_Intros_1\08_PoeltlIntro\084_PoeltlIntro_RIB_F_v02.mov,-,nclc,nclc,13047,190683466,9504,144,66.000,CFR,29.970,311610873,-,-,-,-,-,-,-,-
,,088_PoeltlIntro_SCB_v01.mov,1,,,196,088,017,SCB,13.03s,,-,,,,7/21/2020 10:00:48,196_SAS_Intros_1,08_PoeltlIntro,\196_SAS_Intros_1\08_PoeltlIntro\088_PoeltlIntro_SCB_v01.mov,-,nclc,nclc,13047,334011443,1920,1080,1.778,CFR,29.970,544840724,-,-,-,-,-,-,-,-
,09_WalkerIVIntro,090_WalkerIVIntro_AUDIO_v01.mov,1,,,196,090,024,AUDIO,13.03s,,-,,,,7/21/2020 10:00:52,196_SAS_Intros_1,09_WalkerIVIntro,\196_SAS_Intros_1\09_WalkerIVIntro\090_WalkerIVIntro_AUDIO_v01.mov,-,nclc,nclc,13047,57325,16,16,1.000,CFR,29.970,3152763,PCM,Little / Signed,sowt,13047,2,L R,48000,16
,,091_WalkerIVIntro_AUD_F_v01.mov,1,,,196,091,001,AUD_F,13.03s,,-,14,,,7/21/2020 10:00:52,196_SAS_Intros_1,09_WalkerIVIntro,\196_SAS_Intros_1\09_WalkerIVIntro\091_WalkerIVIntro_AUD_F_v01.mov,-,nclc,nclc,13047,3598582320,10160,1600,6.350,CFR,29.970,5871617774,PCM,Little / Signed,sowt,13047,2,L R,48000,16
,,094_WalkerIVIntro_RIB_F_v02.mov,2,,,196,094,010,RIB_F,13.03s,,-,1,,,7/21/2020 10:00:56,196_SAS_Intros_1,09_WalkerIVIntro,\196_SAS_Intros_1\09_WalkerIVIntro\094_WalkerIVIntro_RIB_F_v02.mov,-,nclc,nclc,13047,187930027,9504,144,66.000,CFR,29.970,307123188,-,-,-,-,-,-,-,-
,,098_WalkerIVIntro_SCB_v01.mov,1,,,196,098,017,SCB,13.03s,,-,1,,,,196_SAS_Intros_1,09_WalkerIVIntro,\196_SAS_Intros_1\09_WalkerIVIntro\098_WalkerIVIntro_SCB_v01.mov,-,nclc,nclc,13047,479357579,1920,1080,1.778,CFR,29.970,781844847,-,-,-,-,-,-,-,-
,10_BelinelliIntro,100_BelinelliIntro_AUDIO_v01.mov,1,,,196,100,024,AUDIO,13.03s,,-,,,,,196_SAS_Intros_1,10_BelinelliIntro,\196_SAS_Intros_1\10_BelinelliIntro\100_BelinelliIntro_AUDIO_v01.mov,-,nclc,nclc,13047,93259,16,16,1.000,CFR,29.970,2659840,PCM,Little / Signed,sowt,13047,2,L R,48000,16
,,101_BelinelliIntro_AUD_F_v01.mov,1,,,196,101,001,AUD_F,13.03s,,-,11,,,7/21/2020 10:01:00,196_SAS_Intros_1,10_BelinelliIntro,\196_SAS_Intros_1\10_BelinelliIntro\101_BelinelliIntro_AUD_F_v01.mov,-,nclc,nclc,13047,3168077641,10160,1600,6.350,CFR,29.970,5169003840,PCM,Little / Signed,sowt,13047,2,L R,48000,16
,,104_BelinelliIntro_RIB_F_v02.mov,2,,,196,104,010,RIB_F,13.03s,,-,,,,7/21/2020 10:01:01,196_SAS_Intros_1,10_BelinelliIntro,\196_SAS_Intros_1\10_BelinelliIntro\104_BelinelliIntro_RIB_F_v02.mov,-,nclc,nclc,13047,213064883,9504,144,66.000,CFR,29.970,349974916,PCM,Little / Signed,sowt,13047,2,L R,48000,16
,,108_BelinelliIntro_SCB_v01.mov,1,,,196,108,017,SCB,13.03s,,-,11,,,7/21/2020 10:01:00,196_SAS_Intros_1,10_BelinelliIntro,\196_SAS_Intros_1\10_BelinelliIntro\108_BelinelliIntro_SCB_v01.mov,-,nclc,nclc,13047,486456378,1920,1080,1.778,CFR,29.970,795821072,PCM,Little / Signed,sowt,13047,2,L R,48000,16
,11_MetuIntro,110_MetuIntro_AUDIO_v01.mov,1,,,196,110,024,AUDIO,13.03s,,-,,,,,196_SAS_Intros_1,11_MetuIntro,\196_SAS_Intros_1\11_MetuIntro\110_MetuIntro_AUDIO_v01.mov,-,nclc,nclc,13047,93235,16,16,1.000,CFR,29.970,2659800,PCM,Little / Signed,sowt,13047,2,L R,48000,16
,,111_MetuIntro_AUD_F_v01.mov,1,,,196,111,001,AUD_F,13.03s,,-,5,,,7/21/2020 10:01:00,196_SAS_Intros_1,11_MetuIntro,\196_SAS_Intros_1\11_MetuIntro\111_MetuIntro_AUD_F_v01.mov,-,nclc,nclc,13047,2780914213,10160,1600,6.350,CFR,29.970,4537618703,PCM,Little / Signed,sowt,13047,2,L R,48000,16
,,114_MetuIntro_RIB_F_v02.mov,2,,,196,114,010,RIB_F,13.03s,,-,,,,7/21/2020 10:01:07,196_SAS_Intros_1,11_MetuIntro,\196_SAS_Intros_1\11_MetuIntro\114_MetuIntro_RIB_F_v02.mov,-,nclc,nclc,13047,211404841,9504,144,66.000,CFR,29.970,347267724,PCM,Little / Signed,sowt,13047,2,L R,48000,16
,,118_MetuIntro_SCB_v01.mov,1,,,196,118,017,SCB,13.03s,,-,5,,,7/21/2020 10:01:07,196_SAS_Intros_1,11_MetuIntro,\196_SAS_Intros_1\11_MetuIntro\118_MetuIntro_SCB_v01.mov,-,nclc,nclc,13047,403258563,1920,1080,1.778,CFR,29.970,660142287,PCM,Little / Signed,sowt,13047,2,L R,48000,16
,12_EubanksIntro,120_EubanksIntro_AUDIO_v01.mov,1,,,196,120,024,AUDIO,13.03s,,-,,,,7/21/2020 10:01:07,196_SAS_Intros_1,12_EubanksIntro,\196_SAS_Intros_1\12_EubanksIntro\120_EubanksIntro_AUDIO_v01.mov,-,nclc,nclc,13047,55409,16,16,1.000,CFR,29.970,3143821,PCM,Little / Signed,sowt,13047,2,L R,48000,16
,,124_EubanksIntro_RIB_F_v01.mov,1,,,196,124,010,RIB_F,,,-F,9,,,,196_SAS_Intros_1,12_EubanksIntro,\196_SAS_Intros_1\12_EubanksIntro\124_EubanksIntro_RIB_F_v01.mov,-F,No File,No File,No File,No File,No File,No File,No File,No File,No File,No File,No File,No File,No File,No File,No File,No File,No File,No File
,,128_EubanksIntro_SCB_v01.mov,1,,,196,128,017,SCB,13.03s,,-,9,,,,196_SAS_Intros_1,12_EubanksIntro,\196_SAS_Intros_1\12_EubanksIntro\128_EubanksIntro_SCB_v01.mov,-,nclc,nclc,13047,608893482,1920,1080,1.778,CFR,29.970,993104652,-,-,-,-,-,-,-,-
,13_JohnsonIntro,120_EubanksIntro_AUDIO_v01.mov,1,,,196,120,024,AUDIO,,,-F,,,,7/21/2020 10:01:09,196_SAS_Intros_1,13_JohnsonIntro,\196_SAS_Intros_1\13_JohnsonIntro\120_EubanksIntro_AUDIO_v01.mov,-F,No File,No File,No File,No File,No File,No File,No File,No File,No File,No File,No File,No File,No File,No File,No File,No File,No File,No File
,,121_EubanksIntro_AUD_F_v01.mov,1,,,196,121,001,AUD_F,,,-F,,,,7/21/2020 10:01:09,196_SAS_Intros_1,13_JohnsonIntro,\196_SAS_Intros_1\13_JohnsonIntro\121_EubanksIntro_AUD_F_v01.mov,-F,No File,No File,No File,No File,No File,No File,No File,No File,No File,No File,No File,No File,No File,No File,No File,No File,No File,No File
,,124_EubanksIntro_RIB_F_v02.mov,2,,,196,124,010,RIB_F,,,-F,,,,7/21/2020 10:01:25,196_SAS_Intros_1,13_JohnsonIntro,\196_SAS_Intros_1\13_JohnsonIntro\124_EubanksIntro_RIB_F_v02.mov,-F,No File,No File,No File,No File,No File,No File,No File,No File,No File,No File,No File,No File,No File,No File,No File,No File,No File,No File
,,128_EubanksIntro_SCB_v01.mov,1,,,196,128,017,SCB,,,-F,,,,7/21/2020 10:01:22,196_SAS_Intros_1,13_JohnsonIntro,\196_SAS_Intros_1\13_JohnsonIntro\128_EubanksIntro_SCB_v01.mov,-F,No File,No File,No File,No File,No File,No File,No File,No File,No File,No File,No File,No File,No File,No File,No File,No File,No File,No File
,14_WeatherspoonIntro,130_JohnsonIntro_AUDIO_v01.mov,1,,,196,130,024,AUDIO,,,-F,,,,7/21/2020 10:01:22,196_SAS_Intros_1,14_WeatherspoonIntro,\196_SAS_Intros_1\14_WeatherspoonIntro\130_JohnsonIntro_AUDIO_v01.mov,-F,No File,No File,No File,No File,No File,No File,No File,No File,No File,No File,No File,No File,No File,No File,No File,No File,No File,No File
,,131_JohnsonIntro_AUD_F_v01.mov,1,,,196,131,001,AUD_F,,,-F,,,,,196_SAS_Intros_1,14_WeatherspoonIntro,\196_SAS_Intros_1\14_WeatherspoonIntro\131_JohnsonIntro_AUD_F_v01.mov,-F,No File,No File,No File,No File,No File,No File,No File,No File,No File,No File,No File,No File,No File,No File,No File,No File,No File,No File
,,134_JohnsonIntro_RIB_F_v02.mov,2,,,196,134,010,RIB_F,,,-F,,,,7/21/2020 10:01:22,196_SAS_Intros_1,14_WeatherspoonIntro,\196_SAS_Intros_1\14_WeatherspoonIntro\134_JohnsonIntro_RIB_F_v02.mov,-F,No File,No File,No File,No File,No File,No File,No File,No File,No File,No File,No File,No File,No File,No File,No File,No File,No File,No File
,,138_JohnsonIntro_SCB_v01.mov,1,,,196,138,017,SCB,,,-F,,,,7/21/2020 10:01:20,196_SAS_Intros_1,14_WeatherspoonIntro,\196_SAS_Intros_1\14_WeatherspoonIntro\138_JohnsonIntro_SCB_v01.mov,-F,No File,No File,No File,No File,No File,No File,No File,No File,No File,No File,No File,No File,No File,No File,No File,No File,No File,No File
,,140_WeatherspoonIntro_AUDIO_v01.mov,1,,,197,140,024,AUDIO,,,-F,,,,7/21/2020 10:01:19,197_SAS_Intros_2,14_WeatherspoonIntro,\197_SAS_Intros_2\14_WeatherspoonIntro\140_WeatherspoonIntro_AUDIO_v01.mov,-F,No File,No File,No File,No File,No File,No File,No File,No File,No File,No File,No File,No File,No File,No File,No File,No File,No File,No File
,,141_WeatherspoonIntro_AUD_F_v01.mov,1,,,197,141,001,AUD_F,,,-F,,,,7/21/2020 10:01:19,197_SAS_Intros_2,14_WeatherspoonIntro,\197_SAS_Intros_2\14_WeatherspoonIntro\141_WeatherspoonIntro_AUD_F_v01.mov,-F,No File,No File,No File,No File,No File,No File,No File,No File,No File,No File,No File,No File,No File,No File,No File,No File,No File,No File
,,144_WeatherspoonIntro_RIB_F_v02.mov,2,,,197,144,010,RIB_F,,,-F,,,,7/21/2020 10:01:19,197_SAS_Intros_2,14_WeatherspoonIntro,\197_SAS_Intros_2\14_WeatherspoonIntro\144_WeatherspoonIntro_RIB_F_v02.mov,-F,No File,No File,No File,No File,No File,No File,No File,No File,No File,No File,No File,No File,No File,No File,No File,No File,No File,No File
,,148_WeatherspoonIntro_SCB_v01.mov,1,,,197,148,017,SCB,,,-F,,,,,197_SAS_Intros_2,14_WeatherspoonIntro,\197_SAS_Intros_2\14_WeatherspoonIntro\148_WeatherspoonIntro_SCB_v01.mov,-F,No File,No File,No File,No File,No File,No File,No File,No File,No File,No File,No File,No File,No File,No File,No File,No File,No File,No File
,15_SamanicIntro,150_SamanicIntro_AUDIO_v01.mov,1,,,197,150,024,AUDIO,,,-F,,,,,197_SAS_Intros_2,15_SamanicIntro,\197_SAS_Intros_2\15_SamanicIntro\150_SamanicIntro_AUDIO_v01.mov,-F,No File,No File,No File,No File,No File,No File,No File,No File,No File,No File,No File,No File,No File,No File,No File,No File,No File,No File
,,151_SamanicIntro_AUD_F_v01.mov,1,,,197,151,001,AUD_F,,,-F,,,,,197_SAS_Intros_2,15_SamanicIntro,\197_SAS_Intros_2\15_SamanicIntro\151_SamanicIntro_AUD_F_v01.mov,-F,No File,No File,No File,No File,No File,No File,No File,No File,No File,No File,No File,No File,No File,No File,No File,No File,No File,No File
,,154_SamanicIntro_RIB_F_v02.mov,2,,,197,154,010,RIB_F,,,-F,,,,7/21/2020 10:01:16,197_SAS_Intros_2,15_SamanicIntro,\197_SAS_Intros_2\15_SamanicIntro\154_SamanicIntro_RIB_F_v02.mov,-F,No File,No File,No File,No File,No File,No File,No File,No File,No File,No File,No File,No File,No File,No File,No File,No File,No File,No File
,,158_SamanicIntro_SCB_v01.mov,1,,,197,158,017,SCB,,,-F,,,,7/21/2020 10:01:16,197_SAS_Intros_2,15_SamanicIntro,\197_SAS_Intros_2\15_SamanicIntro\158_SamanicIntro_SCB_v01.mov,-F,No File,No File,No File,No File,No File,No File,No File,No File,No File,No File,No File,No File,No File,No File,No File,No File,No File,No File
,16_ZellerIntro,160_ZellerIntro_AUDIO_v01.mov,1,,,197,160,024,AUDIO,,,-F,,,,7/21/2020 10:01:14,197_SAS_Intros_2,16_ZellerIntro,\197_SAS_Intros_2\16_ZellerIntro\160_ZellerIntro_AUDIO_v01.mov,-F,No File,No File,No File,No File,No File,No File,No File,No File,No File,No File,No File,No File,No File,No File,No File,No File,No File,No File
,,161_ZellerIntro_AUD_F_v01.mov,1,,,197,161,001,AUD_F,,,-F,,,,7/21/2020 10:01:14,197_SAS_Intros_2,16_ZellerIntro,\197_SAS_Intros_2\16_ZellerIntro\161_ZellerIntro_AUD_F_v01.mov,-F,No File,No File,No File,No File,No File,No File,No File,No File,No File,No File,No File,No File,No File,No File,No File,No File,No File,No File
,,164_ZellerIntro_RIB_F_v02.mov,2,,,197,164,010,RIB_F,,,-F,,,,7/21/2020 10:01:13,197_SAS_Intros_2,16_ZellerIntro,\197_SAS_Intros_2\16_ZellerIntro\164_ZellerIntro_RIB_F_v02.mov,-F,No File,No File,No File,No File,No File,No File,No File,No File,No File,No File,No File,No File,No File,No File,No File,No File,No File,No File
,,168_ZellerIntro_SCB_v01.mov,1,,,197,168,017,SCB,,,-F,,,,7/21/2020 10:01:11,197_SAS_Intros_2,16_ZellerIntro,\197_SAS_Intros_2\16_ZellerIntro\168_ZellerIntro_SCB_v01.mov,-F,No File,No File,No File,No File,No File,No File,No File,No File,No File,No File,No File,No File,No File,No File,No File,No File,No File,No File
197_SAS_Intros_2,,,,,,,,,,,,-,,,,,#REF!,16_ZellerIntro,Skip,-,-,-,-,-,-,-,-,-,-,-,-,-,-,-,-,-,-,-
198_SAS_Intros_3,,,,,,,,,,,,-,,,,,198_SAS_Intros_3,16_ZellerIntro,Skip,-,-,-,-,-,-,-,-,-,-,-,-,-,-,-,-,-,-,-
,,,,,,,,,,,,-,,,,,198_SAS_Intros_3,16_ZellerIntro,Skip,-,-,-,-,-,-,-,-,-,-,-,-,-,-,-,-,-,-,-
,,,,,,,,,,,,-,,,,,198_SAS_Intros_3,16_ZellerIntro,Skip,-,-,-,-,-,-,-,-,-,-,-,-,-,-,-,-,-,-,-
199_SAS_CRN_ROTATE,,,,,,,,,,,,-,,,,,199_SAS_CRN_ROTATE,16_ZellerIntro,Skip,-,-,-,-,-,-,-,-,-,-,-,-,-,-,-,-,-,-,-
,,,,,,,,,,,,-,,,,,199_SAS_CRN_ROTATE,16_ZellerIntro,Skip,-,-,-,-,-,-,-,-,-,-,-,-,-,-,-,-,-,-,-
,,,,,,,,,,,,-,,,,,199_SAS_CRN_ROTATE,16_ZellerIntro,Skip,-,-,-,-,-,-,-,-,-,-,-,-,-,-,-,-,-,-,-
,,,,,,,,,,,,-,,,,,199_SAS_CRN_ROTATE,16_ZellerIntro,Skip,-,-,-,-,-,-,-,-,-,-,-,-,-,-,-,-,-,-,-
,,,,,,,,,,,,-,,,,,199_SAS_CRN_ROTATE,16_ZellerIntro,Skip,-,-,-,-,-,-,-,-,-,-,-,-,-,-,-,-,-,-,-
,,,,,,,,,,,,-,,,,,199_SAS_CRN_ROTATE,16_ZellerIntro,Skip,-,-,-,-,-,-,-,-,-,-,-,-,-,-,-,-,-,-,-
,,,,,,,,,,,,-,,,,,199_SAS_CRN_ROTATE,16_ZellerIntro,Skip,-,-,-,-,-,-,-,-,-,-,-,-,-,-,-,-,-,-,-
,,,,,,,,,,,,-,,,,,199_SAS_CRN_ROTATE,16_ZellerIntro,Skip,-,-,-,-,-,-,-,-,-,-,-,-,-,-,-,-,-,-,-
,,,,,,,,,,,,-,,,,,199_SAS_CRN_ROTATE,16_ZellerIntro,Skip,-,-,-,-,-,-,-,-,-,-,-,-,-,-,-,-,-,-,-
,,,,,,,,,,,,-,,,,,199_SAS_CRN_ROTATE,16_ZellerIntro,Skip,-,-,-,-,-,-,-,-,-,-,-,-,-,-,-,-,-,-,-
,,,,,,,,,,,,-,,,,,199_SAS_CRN_ROTATE,16_ZellerIntro,Skip,-,-,-,-,-,-,-,-,-,-,-,-,-,-,-,-,-,-,-
,,,,,,,,,,,,-,,,,,199_SAS_CRN_ROTATE,16_ZellerIntro,Skip,-,-,-,-,-,-,-,-,-,-,-,-,-,-,-,-,-,-,-
,,,,,,,,,,,,-,,,,,199_SAS_CRN_ROTATE,16_ZellerIntro,Skip,-,-,-,-,-,-,-,-,-,-,-,-,-,-,-,-,-,-,-
,,,,,,,,,,,,-,,,,,199_SAS_CRN_ROTATE,16_ZellerIntro,Skip,-,-,-,-,-,-,-,-,-,-,-,-,-,-,-,-,-,-,-
,,,,,,,,,,,,-,,,,,199_SAS_CRN_ROTATE,16_ZellerIntro,Skip,-,-,-,-,-,-,-,-,-,-,-,-,-,-,-,-,-,-,-
,,,,,,,,,,,,-,,,,,199_SAS_CRN_ROTATE,16_ZellerIntro,Skip,-,-,-,-,-,-,-,-,-,-,-,-,-,-,-,-,-,-,-
,,,,,,,,,,,,-,,,,,199_SAS_CRN_ROTATE,16_ZellerIntro,Skip,-,-,-,-,-,-,-,-,-,-,-,-,-,-,-,-,-,-,-
,,,,,,,,,,,,-,,,,,199_SAS_CRN_ROTATE,16_ZellerIntro,Skip,-,-,-,-,-,-,-,-,-,-,-,-,-,-,-,-,-,-,-
,,,,,,,,,,,,-,,,,,199_SAS_CRN_ROTATE,16_ZellerIntro,Skip,-,-,-,-,-,-,-,-,-,-,-,-,-,-,-,-,-,-,-
,,,,,,,,,,,,-,,,,,199_SAS_CRN_ROTATE,16_ZellerIntro,Skip,-,-,-,-,-,-,-,-,-,-,-,-,-,-,-,-,-,-,-
,,,,,,,,,,,,-,,,,,199_SAS_CRN_ROTATE,16_ZellerIntro,Skip,-,-,-,-,-,-,-,-,-,-,-,-,-,-,-,-,-,-,-
,,,,,,,,,,,,-,,,,,199_SAS_CRN_ROTATE,16_ZellerIntro,Skip,-,-,-,-,-,-,-,-,-,-,-,-,-,-,-,-,-,-,-
,,,,,,,,,,,,-,,,,,199_SAS_CRN_ROTATE,16_ZellerIntro,Skip,-,-,-,-,-,-,-,-,-,-,-,-,-,-,-,-,-,-,-
,,,,,,,,,,,,-,,,,,199_SAS_CRN_ROTATE,16_ZellerIntro,Skip,-,-,-,-,-,-,-,-,-,-,-,-,-,-,-,-,-,-,-
,,,,,,,,,,,,-,,,,,199_SAS_CRN_ROTATE,16_ZellerIntro,Skip,-,-,-,-,-,-,-,-,-,-,-,-,-,-,-,-,-,-,-
,,,,,,,,,,,,-,,,,,199_SAS_CRN_ROTATE,16_ZellerIntro,Skip,-,-,-,-,-,-,-,-,-,-,-,-,-,-,-,-,-,-,-
,,,,,,,,,,,,-,,,,,199_SAS_CRN_ROTATE,16_ZellerIntro,Skip,-,-,-,-,-,-,-,-,-,-,-,-,-,-,-,-,-,-,-
,,,,,,,,,,,,-,,,,,199_SAS_CRN_ROTATE,16_ZellerIntro,Skip,-,-,-,-,-,-,-,-,-,-,-,-,-,-,-,-,-,-,-
,,,,,,,,,,,,-,,,,,199_SAS_CRN_ROTATE,16_ZellerIntro,Skip,-,-,-,-,-,-,-,-,-,-,-,-,-,-,-,-,-,-,-
,,,,,,,,,,,,-,,,,,199_SAS_CRN_ROTATE,16_ZellerIntro,Skip,-,-,-,-,-,-,-,-,-,-,-,-,-,-,-,-,-,-,-
,,,,,,,,,,,,-,,,,,199_SAS_CRN_ROTATE,16_ZellerIntro,Skip,-,-,-,-,-,-,-,-,-,-,-,-,-,-,-,-,-,-,-
,,,,,,,,,,,,-,,,,,199_SAS_CRN_ROTATE,16_ZellerIntro,Skip,-,-,-,-,-,-,-,-,-,-,-,-,-,-,-,-,-,-,-
,,,,,,,,,,,,-,,,,,199_SAS_CRN_ROTATE,16_ZellerIntro,Skip,-,-,-,-,-,-,-,-,-,-,-,-,-,-,-,-,-,-,-
,,,,,,,,,,,,-,,,,,199_SAS_CRN_ROTATE,16_ZellerIntro,Skip,-,-,-,-,-,-,-,-,-,-,-,-,-,-,-,-,-,-,-
,,,,,,,,,,,,-,,,,,199_SAS_CRN_ROTATE,16_ZellerIntro,Skip,-,-,-,-,-,-,-,-,-,-,-,-,-,-,-,-,-,-,-
,,,,,,,,,,,,-,,,,,199_SAS_CRN_ROTATE,16_ZellerIntro,Skip,-,-,-,-,-,-,-,-,-,-,-,-,-,-,-,-,-,-,-
,,,,,,,,,,,,-,,,,,199_SAS_CRN_ROTATE,16_ZellerIntro,Skip,-,-,-,-,-,-,-,-,-,-,-,-,-,-,-,-,-,-,-
,,,,,,,,,,,,-,,,,,199_SAS_CRN_ROTATE,16_ZellerIntro,Skip,-,-,-,-,-,-,-,-,-,-,-,-,-,-,-,-,-,-,-
,,,,,,,,,,,,-,,,,,199_SAS_CRN_ROTATE,16_ZellerIntro,Skip,-,-,-,-,-,-,-,-,-,-,-,-,-,-,-,-,-,-,-
,,,,,,,,,,,,-,,,,,199_SAS_CRN_ROTATE,16_ZellerIntro,Skip,-,-,-,-,-,-,-,-,-,-,-,-,-,-,-,-,-,-,-
,,,,,,,,,,,,-,,,,,199_SAS_CRN_ROTATE,16_ZellerIntro,Skip,-,-,-,-,-,-,-,-,-,-,-,-,-,-,-,-,-,-,-
,,,,,,,,,,,,-,,,,,199_SAS_CRN_ROTATE,16_ZellerIntro,Skip,-,-,-,-,-,-,-,-,-,-,-,-,-,-,-,-,-,-,-
,,,,,,,,,,,,-,,,,,199_SAS_CRN_ROTATE,16_ZellerIntro,Skip,-,-,-,-,-,-,-,-,-,-,-,-,-,-,-,-,-,-,-
,,,,,,,,,,,,-,,,,,199_SAS_CRN_ROTATE,16_ZellerIntro,Skip,-,-,-,-,-,-,-,-,-,-,-,-,-,-,-,-,-,-,-
,,,,,,,,,,,,-,,,,,199_SAS_CRN_ROTATE,16_ZellerIntro,Skip,-,-,-,-,-,-,-,-,-,-,-,-,-,-,-,-,-,-,-
,,,,,,,,,,,,-,,,,,199_SAS_CRN_ROTATE,16_ZellerIntro,Skip,-,-,-,-,-,-,-,-,-,-,-,-,-,-,-,-,-,-,-
,,,,,,,,,,,,-,,,,,199_SAS_CRN_ROTATE,16_ZellerIntro,Skip,-,-,-,-,-,-,-,-,-,-,-,-,-,-,-,-,-,-,-
,,,,,,,,,,,,-,,,,,199_SAS_CRN_ROTATE,16_ZellerIntro,Skip,-,-,-,-,-,-,-,-,-,-,-,-,-,-,-,-,-,-,-
,,,,,,,,,,,,-,,,,,199_SAS_CRN_ROTATE,16_ZellerIntro,Skip,-,-,-,-,-,-,-,-,-,-,-,-,-,-,-,-,-,-,-
,,,,,,,,,,,,-,,,,,199_SAS_CRN_ROTATE,16_ZellerIntro,Skip,-,-,-,-,-,-,-,-,-,-,-,-,-,-,-,-,-,-,-