WASHINGTON WIZARDS Media Delivery,,SYNC COMPLETE,CONTENT ERRORS,,FUSE PROGRAMMER,,,PROGRAMMING IN PROGRESS,,,HUD,,,,RETURN TO INDEX,,,,,,,,,,,,,,,,,,,,,,,
CATEGORY,LOOK IDENTIFIER #,File Name,File Version,Content Notes,Version,Bank,Slot ,Mapping #,"Mapping 
Code",File Length,Play Mode,Error Flag,Midi Button,Notes to Kerstin,General/Show Call Notes,Upversioned Date,Folder,Look,File Path,Error Flag,Format,Codec_ID,Duration,Bit Rate,Width,Height,Aspect Ratio,Frame Rate Mode,Frame Rate,Stream Size,"Audio For,at",Audio Format/Settings,Audio Codec ID,Audio Duration,Audio Channels,Audio Channel Layout,Audio Sampling Rate,Audio Bit Depth
,,,,,,,,,,,,,,,,,,,,,,,,,,,,,,,,,,,,,,
220_WAS_PCC,,,,,,,,,,,,-,,,,,220_WAS_PCC,,Skip,-,-,-,-,-,-,-,-,-,-,-,-,-,-,-,-,-,-,-
221_WAS_FERA,00_EntertainerReax1,000_EntertainerReax1_AUDIO_v00.mov,0,,0,221,000,024,AUDIO,10s,,-,,,Goes up in intensity from 1 thru 5 ,,221_WAS_FERA,00_EntertainerReax1,\221_WAS_FERA\00_EntertainerReax1\000_EntertainerReax1_AUDIO_v00.mov,-,nclc,nclc,10010,96143,16,16,1.000,CFR,29.970,2079763,PCM,Little / Signed,sowt,10010,2,L R,48000,16
,,001_EntertainerReax1_AUD_N_v00.mov,0,,0,221,001,002,AUD_N,10s,,-,,,,,221_WAS_FERA,00_EntertainerReax1,\221_WAS_FERA\00_EntertainerReax1\001_EntertainerReax1_AUD_N_v00.mov,-,nclc,nclc,10010,850447364,5280,800,6.600,CFR,29.970,1066082798,PCM,Little / Signed,sowt,10010,2,L R,48000,16
,,002_EntertainerReax1_AUD_S_v00.mov,0,,0,221,002,003,AUD_S,10s,,-,,,,,221_WAS_FERA,00_EntertainerReax1,\221_WAS_FERA\00_EntertainerReax1\002_EntertainerReax1_AUD_S_v00.mov,-,nclc,nclc,10010,850293384,5280,800,6.600,CFR,29.970,1065890131,PCM,Little / Signed,sowt,10010,2,L R,48000,16
,,003_EntertainerReax1_AUD_C_v00.mov,0,,0,221,003,004,AUD_C,10s,,-,,,,,221_WAS_FERA,00_EntertainerReax1,\221_WAS_FERA\00_EntertainerReax1\003_EntertainerReax1_AUD_C_v00.mov,-,nclc,nclc,10010,1641489551,9760,800,12.200,CFR,29.970,2055875325,PCM,Little / Signed,sowt,10010,2,L R,48000,16
,01_EntertainerReax2,010_EntertainerReax2_AUDIO_v00.mov,0,,0,221,010,024,AUDIO,10s,,-,,,,,221_WAS_FERA,01_EntertainerReax2,\221_WAS_FERA\01_EntertainerReax2\010_EntertainerReax2_AUDIO_v00.mov,-,nclc,nclc,10010,96133,16,16,1.000,CFR,29.970,2079750,PCM,Little / Signed,sowt,10010,2,L R,48000,16
,,011_EntertainerReax2_AUD_N_v00.mov,0,,0,221,011,002,AUD_N,10s,,-,,,,,221_WAS_FERA,01_EntertainerReax2,\221_WAS_FERA\01_EntertainerReax2\011_EntertainerReax2_AUD_N_v00.mov,-,nclc,nclc,10010,864671564,5280,800,6.600,CFR,29.970,1083880846,PCM,Little / Signed,sowt,10010,2,L R,48000,16
,,012_EntertainerReax2_AUD_S_v00.mov,0,,0,221,012,003,AUD_S,10s,,-,,,,,221_WAS_FERA,01_EntertainerReax2,\221_WAS_FERA\01_EntertainerReax2\012_EntertainerReax2_AUD_S_v00.mov,-,nclc,nclc,10010,864231772,5280,800,6.600,CFR,29.970,1083330556,PCM,Little / Signed,sowt,10010,2,L R,48000,16
,,013_EntertainerReax2_AUD_C_v00.mov,0,,0,221,013,004,AUD_C,10s,,-,,,,,221_WAS_FERA,01_EntertainerReax2,\221_WAS_FERA\01_EntertainerReax2\013_EntertainerReax2_AUD_C_v00.mov,-,nclc,nclc,10010,1669160115,9760,800,12.200,CFR,29.970,2090498152,PCM,Little / Signed,sowt,10010,2,L R,48000,16
,02_EntertainerReax3,020_EntertainerReax3_AUDIO_v00.mov,0,,0,221,020,024,AUDIO,10s,,-,,,,,221_WAS_FERA,02_EntertainerReax3,\221_WAS_FERA\02_EntertainerReax3\020_EntertainerReax3_AUDIO_v00.mov,-,nclc,nclc,10010,96135,16,16,1.000,CFR,29.970,2079753,PCM,Little / Signed,sowt,10010,2,L R,48000,16
,,021_EntertainerReax3_AUD_N_v00.mov,0,,0,221,021,002,AUD_N,10s,,-,,,,,221_WAS_FERA,02_EntertainerReax3,\221_WAS_FERA\02_EntertainerReax3\021_EntertainerReax3_AUD_N_v00.mov,-,nclc,nclc,10010,865106120,5280,800,6.600,CFR,29.970,1084424585,PCM,Little / Signed,sowt,10010,2,L R,48000,16
,,022_EntertainerReax3_AUD_S_v01.mov,1,,1,221,022,003,AUD_S,10s,,-,,,,,221_WAS_FERA,02_EntertainerReax3,\221_WAS_FERA\02_EntertainerReax3\022_EntertainerReax3_AUD_S_v01.mov,-,nclc,nclc,10010,865106120,5280,800,6.600,CFR,29.970,1084424585,PCM,Little / Signed,sowt,10010,2,L R,48000,16
,,023_EntertainerReax3_AUD_C_v00.mov,0,,0,221,023,004,AUD_C,10s,,-,,,,,221_WAS_FERA,02_EntertainerReax3,\221_WAS_FERA\02_EntertainerReax3\023_EntertainerReax3_AUD_C_v00.mov,-,nclc,nclc,10010,1666153044,9760,800,12.200,CFR,29.970,2086735551,PCM,Little / Signed,sowt,10010,2,L R,48000,16
,03_EntertainerReax4,030_EntertainerReax4_AUDIO_v00.mov,0,,0,221,030,024,AUDIO,10s,,-,,,,,221_WAS_FERA,03_EntertainerReax4,\221_WAS_FERA\03_EntertainerReax4\030_EntertainerReax4_AUDIO_v00.mov,-,nclc,nclc,10010,96143,16,16,1.000,CFR,29.970,2079763,PCM,Little / Signed,sowt,10010,2,L R,48000,16
,,031_EntertainerReax4_AUD_N_v00.mov,0,,0,221,031,002,AUD_N,10s,,-,,,,,221_WAS_FERA,03_EntertainerReax4,\221_WAS_FERA\03_EntertainerReax4\031_EntertainerReax4_AUD_N_v00.mov,-,nclc,nclc,10010,873718994,5280,800,6.600,CFR,29.970,1095201455,PCM,Little / Signed,sowt,10010,2,L R,48000,16
,,032_EntertainerReax4_AUD_S_v00.mov,0,,0,221,032,003,AUD_S,10s,,-,,,,,221_WAS_FERA,03_EntertainerReax4,\221_WAS_FERA\03_EntertainerReax4\032_EntertainerReax4_AUD_S_v00.mov,-,nclc,nclc,10010,873718994,5280,800,6.600,CFR,29.970,1095201455,PCM,Little / Signed,sowt,10010,2,L R,48000,16
,,033_EntertainerReax4_AUD_C_v00.mov,0,,0,221,033,004,AUD_C,10s,,-,,,,,221_WAS_FERA,03_EntertainerReax4,\221_WAS_FERA\03_EntertainerReax4\033_EntertainerReax4_AUD_C_v00.mov,-,nclc,nclc,10010,1682939006,9760,800,12.200,CFR,29.970,2107739007,PCM,Little / Signed,sowt,10010,2,L R,48000,16
,04_EntertainerReax5,040_EntertainerReax5_AUDIO_v00.mov,0,,0,221,040,024,AUDIO,10s,,-,,,,,221_WAS_FERA,04_EntertainerReax5,\221_WAS_FERA\04_EntertainerReax5\040_EntertainerReax5_AUDIO_v00.mov,-,nclc,nclc,10010,96145,16,16,1.000,CFR,29.970,2079765,PCM,Little / Signed,sowt,10010,2,L R,48000,16
,,041_EntertainerReax5_AUD_N_v00.mov,0,,0,221,041,002,AUD_N,10s,,-,,,,,221_WAS_FERA,04_EntertainerReax5,\221_WAS_FERA\04_EntertainerReax5\041_EntertainerReax5_AUD_N_v00.mov,-,nclc,nclc,10010,861537624,5280,800,6.600,CFR,29.970,1079959500,PCM,Little / Signed,sowt,10010,2,L R,48000,16
,,042_EntertainerReax5_AUD_S_v00.mov,0,,0,221,042,003,AUD_S,10s,,-,,,,,221_WAS_FERA,04_EntertainerReax5,\221_WAS_FERA\04_EntertainerReax5\042_EntertainerReax5_AUD_S_v00.mov,-,nclc,nclc,10010,861537624,5280,800,6.600,CFR,29.970,1079959500,PCM,Little / Signed,sowt,10010,2,L R,48000,16
,,043_EntertainerReax5_AUD_C_v00.mov,0,,0,221,043,004,AUD_C,10s,,-,,,,,221_WAS_FERA,04_EntertainerReax5,\221_WAS_FERA\04_EntertainerReax5\043_EntertainerReax5_AUD_C_v00.mov,-,nclc,nclc,10010,1651979365,9760,800,12.200,CFR,29.970,2069000717,PCM,Little / Signed,sowt,10010,2,L R,48000,16
,05_Anthem_DCWashington,050_Anthem_DCWashington_AUDIO_v00.mov,0,,0,221,050,024,AUDIO,1m15.07s,,-A,,,,,221_WAS_FERA,05_Anthem_DCWashington,\221_WAS_FERA\05_Anthem_DCWashington\050_Anthem_DCWashington_AUDIO_v00.mov,-A,nclc,nclc,75142,93267,16,16,1.000,CFR,29.970,14368469,PCM,Little / Signed,sowt,75142,2,L R,44100,16
,,051_Anthem_DCWashington_AUD_N_v00.mov,0,,0,221,051,002,AUD_N,1m15.07s,,-,,,,,221_WAS_FERA,05_Anthem_DCWashington,\221_WAS_FERA\05_Anthem_DCWashington\051_Anthem_DCWashington_AUD_N_v00.mov,-,nclc,nclc,75142,613673396,5280,800,6.600,CFR,29.970,5777613808,PCM,Little / Signed,sowt,75142,2,L R,44100,16
,,052_Anthem_DCWashington_AUD_S_v00.mov,0,,0,221,052,003,AUD_S,1m15.07s,,-,,,,,221_WAS_FERA,05_Anthem_DCWashington,\221_WAS_FERA\05_Anthem_DCWashington\052_Anthem_DCWashington_AUD_S_v00.mov,-,nclc,nclc,75142,613675117,5280,800,6.600,CFR,29.970,5777633531,PCM,Little / Signed,sowt,75142,2,L R,44100,16
,,053_Anthem_DCWashington_AUD_C_v00.mov,0,,0,221,053,004,AUD_C,1m15.07s,,-,,,,,221_WAS_FERA,05_Anthem_DCWashington,\221_WAS_FERA\05_Anthem_DCWashington\053_Anthem_DCWashington_AUD_C_v00.mov,-,nclc,nclc,75142,824036793,9760,800,12.200,CFR,29.970,7753499066,PCM,Little / Signed,sowt,75142,2,L R,44100,16
,,054_Anthem_DCWashington_RIB_F_v00.mov,0,,0,221,054,010,RIB_F,1m15.07s,,-,,,,,221_WAS_FERA,05_Anthem_DCWashington,\221_WAS_FERA\05_Anthem_DCWashington\054_Anthem_DCWashington_RIB_F_v00.mov,-,nclc,nclc,75142,137292321,9504,144,66.000,CFR,29.970,1302986928,PCM,Little / Signed,sowt,75142,2,L R,44100,16
,,058_Anthem_DCWashington_SCB_v00.mov,0,,0,221,058,017,SCB,1m15.07s,,-,,,,,221_WAS_FERA,05_Anthem_DCWashington,\221_WAS_FERA\05_Anthem_DCWashington\058_Anthem_DCWashington_SCB_v00.mov,-,nclc,nclc,75142,383386815,1920,1080,1.778,CFR,29.970,3614602758,PCM,Little / Signed,sowt,75142,2,L R,44100,16
,06_Anthem_JarreauWiliams,060_Anthem_JarreauWiliams_AUDIO_v00.mov,0,,0,221,060,024,AUDIO,1m34.8s,,-A,,,,,221_WAS_FERA,06_Anthem_JarreauWiliams,\221_WAS_FERA\06_Anthem_JarreauWiliams\060_Anthem_JarreauWiliams_AUDIO_v00.mov,-A,nclc,nclc,94895,93261,16,16,1.000,CFR,29.970,18123214,PCM,Little / Signed,sowt,94895,2,L R,44100,16
,,061_Anthem_JarreauWiliams_AUD_N_v00.mov,0,,0,221,061,002,AUD_N,1m34.8s,,-,,,,,221_WAS_FERA,06_Anthem_JarreauWiliams,\221_WAS_FERA\06_Anthem_JarreauWiliams\061_Anthem_JarreauWiliams_AUD_N_v00.mov,-,nclc,nclc,94895,569437700,5280,800,6.600,CFR,29.970,6771663062,PCM,Little / Signed,sowt,94895,2,L R,44100,16
,,062_Anthem_JarreauWiliams_AUD_S_v00.mov,0,,0,221,062,003,AUD_S,1m34.8s,,-,,,,,221_WAS_FERA,06_Anthem_JarreauWiliams,\221_WAS_FERA\06_Anthem_JarreauWiliams\062_Anthem_JarreauWiliams_AUD_S_v00.mov,-,nclc,nclc,94895,569424201,5280,800,6.600,CFR,29.970,6771506498,PCM,Little / Signed,sowt,94895,2,L R,44100,16
,,063_Anthem_JarreauWiliams_AUD_C_v00.mov,0,,0,221,063,004,AUD_C,1m34.8s,,-,,,,,221_WAS_FERA,06_Anthem_JarreauWiliams,\221_WAS_FERA\06_Anthem_JarreauWiliams\063_Anthem_JarreauWiliams_AUD_C_v00.mov,-,nclc,nclc,94895,779779773,9760,800,12.200,CFR,29.970,9266711675,PCM,Little / Signed,sowt,94895,2,L R,44100,16
,,064_Anthem_JarreauWiliams_RIB_F_v00.mov,0,,0,221,064,010,RIB_F,1m34.8s,,-,,,,,221_WAS_FERA,06_Anthem_JarreauWiliams,\221_WAS_FERA\06_Anthem_JarreauWiliams\064_Anthem_JarreauWiliams_RIB_F_v00.mov,-,nclc,nclc,94895,137241166,9504,144,66.000,CFR,29.970,1644884728,PCM,Little / Signed,sowt,94895,2,L R,44100,16
,,068_Anthem_JarreauWiliams_SCB_v00.mov,0,,0,221,068,017,SCB,1m34.8s,,-,,,,,221_WAS_FERA,06_Anthem_JarreauWiliams,\221_WAS_FERA\06_Anthem_JarreauWiliams\068_Anthem_JarreauWiliams_SCB_v00.mov,-,nclc,nclc,94895,313888611,1920,1080,1.778,CFR,29.970,3740383517,PCM,Little / Signed,sowt,94895,2,L R,44100,16
,07_Anthem_NicholeChimer,070_Anthem_NicholeChimere_AUDIO_v00.mov,0,,0,221,070,024,AUDIO,1m34.33s,,-A,,,,,221_WAS_FERA,07_Anthem_NicholeChimer,\221_WAS_FERA\07_Anthem_NicholeChimer\070_Anthem_NicholeChimere_AUDIO_v00.mov,-A,nclc,nclc,94428,93266,16,16,1.000,CFR,29.970,18038374,PCM,Little / Signed,sowt,94428,2,L R,44100,16
,,071_Anthem_NicholeChimere_AUD_N_v00.mov,0,,0,221,071,002,AUD_N,1m34.33s,,-,,,,,221_WAS_FERA,07_Anthem_NicholeChimer,\221_WAS_FERA\07_Anthem_NicholeChimer\071_Anthem_NicholeChimere_AUD_N_v00.mov,-,nclc,nclc,94428,556466984,5280,800,6.600,CFR,29.970,6585233692,PCM,Little / Signed,sowt,94428,2,L R,44100,16
,,072_Anthem_NicholeChimere_AUD_S_v00.mov,0,,0,221,072,003,AUD_S,1m34.33s,,-,,,,,221_WAS_FERA,07_Anthem_NicholeChimer,\221_WAS_FERA\07_Anthem_NicholeChimer\072_Anthem_NicholeChimere_AUD_S_v00.mov,-,nclc,nclc,94428,556475103,5280,800,6.600,CFR,29.970,6585333090,PCM,Little / Signed,sowt,94428,2,L R,44100,16
,,073_Anthem_NicholeChimere_AUD_C_v00.mov,0,,0,221,073,004,AUD_C,1m34.33s,,-,,,,,221_WAS_FERA,07_Anthem_NicholeChimer,\221_WAS_FERA\07_Anthem_NicholeChimer\073_Anthem_NicholeChimere_AUD_C_v00.mov,-,nclc,nclc,94428,767307379,9760,800,12.200,CFR,29.970,9073882008,PCM,Little / Signed,sowt,94428,2,L R,44100,16
,,074_Anthem_NicholeChimere_RIB_F_v00.mov,0,,0,221,074,010,RIB_F,1m34.33s,,-,,,,,221_WAS_FERA,07_Anthem_NicholeChimer,\221_WAS_FERA\07_Anthem_NicholeChimer\074_Anthem_NicholeChimere_RIB_F_v00.mov,-,nclc,nclc,94428,137257168,9504,144,66.000,CFR,29.970,1636980444,PCM,Little / Signed,sowt,94428,2,L R,44100,16
,,078_Anthem_NicholeChimere_SCB_v00.mov,0,,0,221,078,017,SCB,1m34.33s,,-,,,,,221_WAS_FERA,07_Anthem_NicholeChimer,\221_WAS_FERA\07_Anthem_NicholeChimer\078_Anthem_NicholeChimere_SCB_v00.mov,-,nclc,nclc,94428,301382184,1920,1080,1.778,CFR,29.970,3574356104,PCM,Little / Signed,sowt,94428,2,L R,44100,16
,08_Anthem_USFlagsOnly,081_Anthem_USFlagsOnly_AUD_N_v00.mov,0,,0,221,081,002,AUD_N,1m36.13s,,-,,,OOOOO CLEAN FLAGS,,221_WAS_FERA,08_Anthem_USFlagsOnly,\221_WAS_FERA\08_Anthem_USFlagsOnly\081_Anthem_USFlagsOnly_AUD_N_v00.mov,-,nclc,nclc,96230,477952556,5280,800,6.600,CFR,29.970,5766425741,PCM,Little / Signed,sowt,96230,2,L R,44100,16
,,082_Anthem_USFlagsOnly_AUD_S_v00.mov,0,,0,221,082,003,AUD_S,1m36.13s,,-,,,,,221_WAS_FERA,08_Anthem_USFlagsOnly,\221_WAS_FERA\08_Anthem_USFlagsOnly\082_Anthem_USFlagsOnly_AUD_S_v00.mov,-,nclc,nclc,96230,477947692,5280,800,6.600,CFR,29.970,5766370781,PCM,Little / Signed,sowt,96230,2,L R,44100,16
,,083_Anthem_USFlagsOnly_AUD_C_v00.mov,0,,0,221,083,004,AUD_C,1m36.13s,,-,,,,,221_WAS_FERA,08_Anthem_USFlagsOnly,\221_WAS_FERA\08_Anthem_USFlagsOnly\083_Anthem_USFlagsOnly_AUD_C_v00.mov,-,nclc,nclc,96230,656199592,9760,800,12.200,CFR,29.970,7910505033,PCM,Little / Signed,sowt,96230,2,L R,44100,16
,,084_Anthem_USFlagsOnly_RIB_F_v00.mov,0,,0,221,084,010,RIB_F,1m36.13s,,-,,,,,221_WAS_FERA,08_Anthem_USFlagsOnly,\221_WAS_FERA\08_Anthem_USFlagsOnly\084_Anthem_USFlagsOnly_RIB_F_v00.mov,-,nclc,nclc,96230,137621647,9504,144,66.000,CFR,29.970,1672594841,PCM,Little / Signed,sowt,96230,2,L R,44100,16
,,088_Anthem_USFlagsOnly_SCB_v00.mov,0,,0,221,088,017,SCB,1m36.13s,,-,,,,,221_WAS_FERA,08_Anthem_USFlagsOnly,\221_WAS_FERA\08_Anthem_USFlagsOnly\088_Anthem_USFlagsOnly_SCB_v00.mov,-,nclc,nclc,96230,222641380,1920,1080,1.778,CFR,29.970,2695376351,PCM,Little / Signed,sowt,96230,2,L R,44100,16
222_WAS_Image_1,00_LogoLoop,001_LogoLoop_AUD_N_v01.mov,1,,1,222,001,002,AUD_N,15.03s,,-,,,Deault Screen saver ,,222_WAS_Image_1,00_LogoLoop,\222_WAS_Image_1\00_LogoLoop\001_LogoLoop_AUD_N_v01.mov,-,nclc,nclc,15049,82488164,5280,800,6.600,CFR,29.970,158483141,PCM,Little / Signed,sowt,15049,2,L R,44100,16
,,002_LogoLoop_AUD_S_v01.mov,1,,1,222,002,003,AUD_S,15.03s,,-,,,,,222_WAS_Image_1,00_LogoLoop,\222_WAS_Image_1\00_LogoLoop\002_LogoLoop_AUD_S_v01.mov,-,nclc,nclc,15049,82484320,5280,800,6.600,CFR,29.970,158568963,PCM,Little / Signed,sowt,15049,2,L R,44100,16
,,003_LogoLoop_AUD_C_v01.mov,1,,1,222,003,004,AUD_C,15.03s,,-,,,,,222_WAS_Image_1,00_LogoLoop,\222_WAS_Image_1\00_LogoLoop\003_LogoLoop_AUD_C_v01.mov,-,nclc,nclc,15049,1235203584,9760,800,12.200,CFR,29.970,2327608375,PCM,Little / Signed,sowt,15049,2,L R,44100,16
,,004_LogoLoop_RIB_F_v01.mov,1,,1,222,004,010,RIB_F,15.03s,,-,,,,,222_WAS_Image_1,00_LogoLoop,\222_WAS_Image_1\00_LogoLoop\004_LogoLoop_RIB_F_v01.mov,-,nclc,nclc,15049,49452123,9504,144,66.000,CFR,29.970,96712028,PCM,Little / Signed,sowt,15049,2,L R,44100,16
,,008_LogoLoop_SCB_v01.mov,1,,1,222,008,017,SCB,15.03s,,-,,,,,222_WAS_Image_1,00_LogoLoop,\222_WAS_Image_1\00_LogoLoop\008_LogoLoop_SCB_v01.mov,-,nclc,nclc,15049,365926570,1920,1080,1.778,CFR,29.970,692313009,PCM,Little / Signed,sowt,15049,2,L R,44100,16
,01_LogoStatic,011_LogoStatic_AUD_N_v00.mov,0,Wrong Frame Rate -CD,0,222,011,002,AUD_N,0.03s,,-R,,,Static for FT,,222_WAS_Image_1,01_LogoStatic,\222_WAS_Image_1\01_LogoStatic\011_LogoStatic_AUD_N_v00.mov,-R,nclc,nclc,34,98398080,5280,800,6.600,CFR,30.000,1061480,PCM,Little / Signed,sowt,34,2,L R,44100,16
,,012_LogoStatic_AUD_S_v00.mov,0,Wrong Frame Rate -CD,0,222,012,003,AUD_S,0.03s,,-R,,,,,222_WAS_Image_1,01_LogoStatic,\222_WAS_Image_1\01_LogoStatic\012_LogoStatic_AUD_S_v00.mov,-R,nclc,nclc,34,98898720,5280,800,6.600,CFR,30.000,1169358,PCM,Little / Signed,sowt,34,2,L R,44100,16
,,013_LogoStatic_AUD_C_v00.mov,0,Wrong Frame Rate -CD,0,222,013,004,AUD_C,0.03s,,-R,,,,,222_WAS_Image_1,01_LogoStatic,\222_WAS_Image_1\01_LogoStatic\013_LogoStatic_AUD_C_v00.mov,-R,nclc,nclc,34,972306720,9760,800,12.200,CFR,30.000,5515270,PCM,Little / Signed,sowt,34,2,L R,44100,16
,,014_LogoStatic_RIB_F_v00.mov,0,Wrong Frame Rate -CD,0,222,014,010,RIB_F,0.03s,,-R,,,,,222_WAS_Image_1,01_LogoStatic,\222_WAS_Image_1\01_LogoStatic\014_LogoStatic_RIB_F_v00.mov,-R,nclc,nclc,34,56909520,9504,144,66.000,CFR,30.000,1260137,PCM,Little / Signed,sowt,34,2,L R,44100,16
,,018_LogoStatic_SCB_v00.mov,0,Wrong Frame Rate -CD,0,222,018,017,SCB,0.03s,,-R,,,,,222_WAS_Image_1,01_LogoStatic,\222_WAS_Image_1\01_LogoStatic\018_LogoStatic_SCB_v00.mov,-R,nclc,nclc,34,312338400,1920,1080,1.778,CFR,30.000,2622690,PCM,Little / Signed,sowt,34,2,L R,44100,16
,02_WizardsBumper,021_WizardsBumper_AUD_N_v00.mov,0,,0,222,021,002,AUD_N,3.37s,,-,,,To bump in and out of the fans  - to cover latency if needed ,,222_WAS_Image_1,02_WizardsBumper,\222_WAS_Image_1\02_WizardsBumper\021_WizardsBumper_AUD_N_v00.mov,-,nclc,nclc,3371,31466010,5280,800,6.600,CFR,29.970,14233271,PCM,Little / Signed,sowt,3371,2,L R,44100,16
,,022_WizardsBumper_AUD_S_v00.mov,0,,0,222,022,003,AUD_S,3.37s,,-,,,,,222_WAS_Image_1,02_WizardsBumper,\222_WAS_Image_1\02_WizardsBumper\022_WizardsBumper_AUD_S_v00.mov,-,nclc,nclc,3371,31484960,5280,800,6.600,CFR,29.970,14385490,PCM,Little / Signed,sowt,3371,2,L R,44100,16
,,023_WizardsBumper_AUD_C_v00.mov,0,,0,222,023,004,AUD_C,3.37s,,-,,,,,222_WAS_Image_1,02_WizardsBumper,\222_WAS_Image_1\02_WizardsBumper\023_WizardsBumper_AUD_C_v00.mov,-,nclc,nclc,3371,57820355,9760,800,12.200,CFR,29.970,25604000,PCM,Little / Signed,sowt,3371,2,L R,44100,16
,,024_WizardsBumper_RIB_F_v00.mov,0,,0,222,024,010,RIB_F,3.37s,,-,,,,,222_WAS_Image_1,02_WizardsBumper,\222_WAS_Image_1\02_WizardsBumper\024_WizardsBumper_RIB_F_v00.mov,-,nclc,nclc,3371,19350550,9504,144,66.000,CFR,29.970,9217932,PCM,Little / Signed,sowt,3371,2,L R,44100,16
,03_WizardsRibbon,034_WizardsRibbon_RIB_F_v00.mov,0,,0,222,034,010,RIB_F,,,-F,,,,,222_WAS_Image_1,03_WizardsRibbon,\222_WAS_Image_1\03_WizardsRibbon\034_WizardsRibbon_RIB_F_v00.mov,-F,No File,No File,No File,No File,No File,No File,No File,No File,No File,No File,No File,No File,No File,No File,No File,No File,No File,No File
,04_DC3_Pointers,041_DC3_Pointers_AUD_N_v00.mov,0,,0,222,041,002,AUD_N,15.03s,,-,,,,,222_WAS_Image_1,04_DC3_Pointers,\222_WAS_Image_1\04_DC3_Pointers\041_DC3_Pointers_AUD_N_v00.mov,-,nclc,nclc,15049,66333307,5280,800,6.600,CFR,29.970,127825503,PCM,Little / Signed,sowt,15049,2,L R,44100,16
,,042_DC3_Pointers_AUD_S_v00.mov,0,,0,222,042,003,AUD_S,15.03s,,-,,,,,222_WAS_Image_1,04_DC3_Pointers,\222_WAS_Image_1\04_DC3_Pointers\042_DC3_Pointers_AUD_S_v00.mov,-,nclc,nclc,15049,65903179,5280,800,6.600,CFR,29.970,127013679,PCM,Little / Signed,sowt,15049,2,L R,44100,16
,,043_DC3_Pointers_AUD_C_v00.mov,0,,0,222,043,004,AUD_C,15.03s,,-,,,,,222_WAS_Image_1,04_DC3_Pointers,\222_WAS_Image_1\04_DC3_Pointers\043_DC3_Pointers_AUD_C_v00.mov,-,nclc,nclc,15049,208515157,9760,800,12.200,CFR,29.970,395317962,PCM,Little / Signed,sowt,15049,2,L R,44100,16
,,044_DC3_Pointers_RIB_F_v00.mov,0,,0,222,044,010,RIB_F,,,-F,,,,,222_WAS_Image_1,04_DC3_Pointers,\222_WAS_Image_1\04_DC3_Pointers\044_DC3_Pointers_RIB_F_v00.mov,-F,No File,No File,No File,No File,No File,No File,No File,No File,No File,No File,No File,No File,No File,No File,No File,No File,No File,No File
,05_DefensePrompt,051_DefensePrompt_AUD_N_v00.mov,0,,0,222,051,002,AUD_N,15.03s,,-,,,,,222_WAS_Image_1,05_DefensePrompt,\222_WAS_Image_1\05_DefensePrompt\051_DefensePrompt_AUD_N_v00.mov,-,nclc,nclc,15049,63995358,5280,800,6.600,CFR,29.970,123324643,PCM,Little / Signed,sowt,15049,2,L R,44100,16
,,052_DefensePrompt_AUD_S_v00.mov,0,,0,222,052,003,AUD_S,15.03s,,-,,,,,222_WAS_Image_1,05_DefensePrompt,\222_WAS_Image_1\05_DefensePrompt\052_DefensePrompt_AUD_S_v00.mov,-,nclc,nclc,15049,60607084,5280,800,6.600,CFR,29.970,116948322,PCM,Little / Signed,sowt,15049,2,L R,44100,16
,,053_DefensePrompt_AUD_C_v00.mov,0,,0,222,053,004,AUD_C,15.03s,,-,,,,,222_WAS_Image_1,05_DefensePrompt,\222_WAS_Image_1\05_DefensePrompt\053_DefensePrompt_AUD_C_v00.mov,-,nclc,nclc,15049,157881799,9760,800,12.200,CFR,29.970,300045981,PCM,Little / Signed,sowt,15049,2,L R,44100,16
,,054_DefensePrompt_RIB_F_v00.mov,0,,0,222,054,010,RIB_F,,,-F,,,,,222_WAS_Image_1,05_DefensePrompt,\222_WAS_Image_1\05_DefensePrompt\054_DefensePrompt_RIB_F_v00.mov,-F,No File,No File,No File,No File,No File,No File,No File,No File,No File,No File,No File,No File,No File,No File,No File,No File,No File,No File
,06_WizardsWin,064_WizardsWin_RIB_F_v01.mov,1,,1,222,064,010,RIB_F,,,-F,,,,,222_WAS_Image_1,06_WizardsWin,\222_WAS_Image_1\06_WizardsWin\064_WizardsWin_RIB_F_v01.mov,-F,No File,No File,No File,No File,No File,No File,No File,No File,No File,No File,No File,No File,No File,No File,No File,No File,No File,No File
,,063_WizardsWin_AUD_C_v01.mov,1,,1,222,063,004,AUD_C,15.03s,,-,,,,,222_WAS_Image_1,06_WizardsWin,\222_WAS_Image_1\06_WizardsWin\063_WizardsWin_AUD_C_v01.mov,-,nclc,nclc,15049,189678179,9760,800,12.200,CFR,29.970,359845838,PCM,Little / Signed,sowt,15049,2,L R,44100,16
,,062_WizardsWin_AUD_S_v01.mov,1,,1,222,062,003,AUD_S,15.03s,,-,,,,,222_WAS_Image_1,06_WizardsWin,\222_WAS_Image_1\06_WizardsWin\062_WizardsWin_AUD_S_v01.mov,-,nclc,nclc,15049,57064275,5280,800,6.600,CFR,29.970,110349640,PCM,Little / Signed,sowt,15049,2,L R,44100,16
,,061_WizardsWin_AUD_N_v01.mov,1,,1,222,061,002,AUD_N,15.03s,,-,,,,,222_WAS_Image_1,06_WizardsWin,\222_WAS_Image_1\06_WizardsWin\061_WizardsWin_AUD_N_v01.mov,-,nclc,nclc,15049,57068364,5280,800,6.600,CFR,29.970,110357331,PCM,Little / Signed,sowt,15049,2,L R,44100,16
223_WAS_Image_2,,,,,,,,,,,,-,,,,,223_WAS_Image_2,06_WizardsWin,Skip,-,-,-,-,-,-,-,-,-,-,-,-,-,-,-,-,-,-,-
224_WAS_Video,00_WizardsOpen,000_WizardsOpen_AUDIO_v00.mov,0,,0,224,000,024,AUDIO,,,-F,,,,,224_WAS_Video,00_WizardsOpen,\224_WAS_Video\00_WizardsOpen\000_WizardsOpen_AUDIO_v00.mov,-F,No File,No File,No File,No File,No File,No File,No File,No File,No File,No File,No File,No File,No File,No File,No File,No File,No File,No File
,,001_WizardsOpen_AUD_F_v00.mov,0,,0,224,001,001,AUD_F,,,-F,,,,,224_WAS_Video,00_WizardsOpen,\224_WAS_Video\00_WizardsOpen\001_WizardsOpen_AUD_F_v00.mov,-F,No File,No File,No File,No File,No File,No File,No File,No File,No File,No File,No File,No File,No File,No File,No File,No File,No File,No File
,,004_WizardsOpen_RIB_F_v00.mov,0,,0,224,004,010,RIB_F,,,-F,,,,,224_WAS_Video,00_WizardsOpen,\224_WAS_Video\00_WizardsOpen\004_WizardsOpen_RIB_F_v00.mov,-F,No File,No File,No File,No File,No File,No File,No File,No File,No File,No File,No File,No File,No File,No File,No File,No File,No File,No File
,,008_WizardsOpen_SCB_v00.mov,0,,0,224,008,017,SCB,,,-F,,,,,224_WAS_Video,00_WizardsOpen,\224_WAS_Video\00_WizardsOpen\008_WizardsOpen_SCB_v00.mov,-F,No File,No File,No File,No File,No File,No File,No File,No File,No File,No File,No File,No File,No File,No File,No File,No File,No File,No File
,01_WelcometoDC,010_WelcometoDC_AUDIO_v00.mov,0,,0,224,010,024,AUDIO,1m12.73s,,-,,,,,224_WAS_Video,01_WelcometoDC,\224_WAS_Video\01_WelcometoDC\010_WelcometoDC_AUDIO_v00.mov,-,nclc,nclc,72807,95700,16,16,1.000,CFR,29.970,14964054,PCM,Little / Signed,sowt,72807,2,L R,48000,16
,,011_WelcometoDC_AUD_N_v00.mov,0,,0,224,011,002,AUD_N,1m12.73s,,-,,,,,224_WAS_Video,01_WelcometoDC,\224_WAS_Video\01_WelcometoDC\011_WelcometoDC_AUD_N_v00.mov,-,nclc,nclc,72807,732534431,5280,800,6.600,CFR,29.970,6680718229,PCM,Little / Signed,sowt,72807,2,L R,48000,16
,,012_WelcometoDC_AUD_S_v00.mov,0,,0,224,012,003,AUD_S,1m12.73s,,-,,,,,224_WAS_Video,01_WelcometoDC,\224_WAS_Video\01_WelcometoDC\012_WelcometoDC_AUD_S_v00.mov,-,nclc,nclc,72807,732564087,5280,800,6.600,CFR,29.970,6680988498,PCM,Little / Signed,sowt,72807,2,L R,48000,16
,,013_WelcometoDC_AUD_C_v00.mov,0,,0,224,013,004,AUD_C,1m12.73s,,-,,,,,224_WAS_Video,01_WelcometoDC,\224_WAS_Video\01_WelcometoDC\013_WelcometoDC_AUD_C_v00.mov,-,nclc,nclc,72807,1304441284,9760,800,12.200,CFR,29.970,11885509876,PCM,Little / Signed,sowt,72807,2,L R,48000,16
,,014_WelcometoDC_RIB_F_v00.mov,0,,0,224,014,010,RIB_F,1m12.73s,,-,,,,,224_WAS_Video,01_WelcometoDC,\224_WAS_Video\01_WelcometoDC\014_WelcometoDC_RIB_F_v00.mov,-,nclc,nclc,72807,244523655,9504,144,66.000,CFR,29.970,2239446029,PCM,Little / Signed,sowt,72807,2,L R,48000,16
,,018_WelcometoDC_SCB_v00.mov,0,,0,224,018,017,SCB,1m12.73s,,-,,,,,224_WAS_Video,01_WelcometoDC,\224_WAS_Video\01_WelcometoDC\018_WelcometoDC_SCB_v00.mov,-,nclc,nclc,72807,349754105,1920,1080,1.778,CFR,29.970,3197123890,PCM,Little / Signed,sowt,72807,2,L R,48000,16
,02_WizardsOpen,020_WizardsOpen_AUDIO_v01.mov,1,,1,224,020,024,AUDIO,1m2.03s,,-,,,This one is cleared ,,224_WAS_Video,02_WizardsOpen,\224_WAS_Video\02_WizardsOpen\020_WizardsOpen_AUDIO_v01.mov,-,nclc,nclc,62096,92623,16,16,1.000,CFR,29.970,12742594,PCM,Little / Signed,sowt,62096,2,L R,48000,16
,,021_WizardsOpen_AUD_N_v01.mov,1,,1,224,021,002,AUD_N,1m2.03s,,-,,,,,224_WAS_Video,02_WizardsOpen,\224_WAS_Video\02_WizardsOpen\021_WizardsOpen_AUD_N_v01.mov,-,nclc,nclc,62096,487652978,5280,800,6.600,CFR,29.970,3797151261,PCM,Little / Signed,sowt,62096,2,L R,48000,16
,,022_WizardsOpen_AUD_S_v01.mov,1,,1,224,022,003,AUD_S,1m2.03s,,-,,,,,224_WAS_Video,02_WizardsOpen,\224_WAS_Video\02_WizardsOpen\022_WizardsOpen_AUD_S_v01.mov,-,nclc,nclc,62096,487652978,5280,800,6.600,CFR,29.970,3797151261,PCM,Little / Signed,sowt,62096,2,L R,48000,16
,,023_WizardsOpen_AUD_C_v01.mov,1,,1,224,023,004,AUD_C,1m2.03s,,-,,,,,224_WAS_Video,02_WizardsOpen,\224_WAS_Video\02_WizardsOpen\023_WizardsOpen_AUD_C_v01.mov,-,nclc,nclc,62096,1027953966,9760,800,12.200,CFR,29.970,7990928951,PCM,Little / Signed,sowt,62096,2,L R,48000,16
,,024_WizardsOpen_RIB_F_v01.mov,1,,1,224,024,010,RIB_F,1m5s,,-,,,,,224_WAS_Video,02_WizardsOpen,\224_WAS_Video\02_WizardsOpen\024_WizardsOpen_RIB_F_v01.mov,-,nclc,nclc,65065,230996771,10160,1600,6.350,CFR,29.970,1890309546,PCM,Little / Signed,sowt,65065,2,L R,44100,16
,,028_WizardsOpen_SCB_v01.mov,1,,1,224,028,017,SCB,1m2.03s,,-,,,,,224_WAS_Video,02_WizardsOpen,\224_WAS_Video\02_WizardsOpen\028_WizardsOpen_SCB_v01.mov,-,nclc,nclc,62096,314717617,1920,1080,1.778,CFR,29.970,2454839345,PCM,Little / Signed,sowt,62096,2,L R,48000,16
225_WAS_Misc,,,,,,,,,,,,-,,,,,225_WAS_Misc,02_WizardsOpen,Skip,-,-,-,-,-,-,-,-,-,-,-,-,-,-,-,-,-,-,-
226_WAS_Intros_1,00_BealHeadshot,001_BealHeadshot_AUD_N_v00.mov,0,,0,226,001,002,AUD_N,15.03s,,-,,,"Use for intos, MC will play audio. ",,226_WAS_Intros_1,00_BealHeadshot,\226_WAS_Intros_1\00_BealHeadshot\001_BealHeadshot_AUD_N_v00.mov,-,nclc,nclc,15049,392234392,5280,800,6.600,CFR,29.970,740504506,PCM,Little / Signed,sowt,15049,2,L R,44100,16
,,002_BealHeadshot_AUD_S_v00.mov,0,,0,226,002,003,AUD_S,15.03s,,-,,,Can also use for made baskets ,,226_WAS_Intros_1,00_BealHeadshot,\226_WAS_Intros_1\00_BealHeadshot\002_BealHeadshot_AUD_S_v00.mov,-,nclc,nclc,15049,388713882,5280,800,6.600,CFR,29.970,733882259,PCM,Little / Signed,sowt,15049,2,L R,44100,16
,,003_BealHeadshot_AUD_C_v00.mov,0,,0,226,003,004,AUD_C,15.03s,,-,,,,,226_WAS_Intros_1,00_BealHeadshot,\226_WAS_Intros_1\00_BealHeadshot\003_BealHeadshot_AUD_C_v00.mov,-,nclc,nclc,15049,470789078,9760,800,12.200,CFR,29.970,888270052,PCM,Little / Signed,sowt,15049,2,L R,44100,16
,,004_BealHeadshot_RIB_F_v00.mov,0,,0,226,004,010,RIB_F,15.03s,,-,,,,,226_WAS_Intros_1,00_BealHeadshot,\226_WAS_Intros_1\00_BealHeadshot\004_BealHeadshot_RIB_F_v00.mov,-,nclc,nclc,15049,38123937,9504,144,66.000,CFR,29.970,74405844,PCM,Little / Signed,sowt,15049,2,L R,44100,16
,,008_BealHeadshot_SCB_v00.mov,0,,0,226,008,017,SCB,15.03s,,-,,,,,226_WAS_Intros_1,00_BealHeadshot,\226_WAS_Intros_1\00_BealHeadshot\008_BealHeadshot_SCB_v00.mov,-,nclc,nclc,15049,332017122,1920,1080,1.778,CFR,29.970,627232949,PCM,Little / Signed,sowt,15049,2,L R,44100,16
,01_SchofieldHeadshot,011_SchofieldHeadshot_AUD_N_v00.mov,0,,0,226,011,002,AUD_N,15.03s,,-,,,,,226_WAS_Intros_1,01_SchofieldHeadshot,\226_WAS_Intros_1\01_SchofieldHeadshot\011_SchofieldHeadshot_AUD_N_v00.mov,-,nclc,nclc,15049,310026449,5280,800,6.600,CFR,29.970,586269002,PCM,Little / Signed,sowt,15049,2,L R,44100,16
,,012_SchofieldHeadshot_AUD_S_v00.mov,0,,0,226,012,003,AUD_S,15.03s,,-,,,,,226_WAS_Intros_1,01_SchofieldHeadshot,\226_WAS_Intros_1\01_SchofieldHeadshot\012_SchofieldHeadshot_AUD_S_v00.mov,-,nclc,nclc,15049,309559163,5280,800,6.600,CFR,29.970,585393504,PCM,Little / Signed,sowt,15049,2,L R,44100,16
,,013_SchofieldHeadshot_AUD_C_v00.mov,0,,0,226,013,004,AUD_C,15s,,-,,,,,226_WAS_Intros_1,01_SchofieldHeadshot,\226_WAS_Intros_1\01_SchofieldHeadshot\013_SchofieldHeadshot_AUD_C_v00.mov,-,nclc,nclc,15015,503959997,9760,800,12.200,CFR,29.970,949142995,PCM,Little / Signed,sowt,15015,2,L R,44100,16
,,014_SchofieldHeadshot_RIB_F_v01.mov,1,,1,226,014,010,RIB_F,,,-F,,,,,226_WAS_Intros_1,01_SchofieldHeadshot,\226_WAS_Intros_1\01_SchofieldHeadshot\014_SchofieldHeadshot_RIB_F_v01.mov,-F,No File,No File,No File,No File,No File,No File,No File,No File,No File,No File,No File,No File,No File,No File,No File,No File,No File,No File
,,018_SchofieldHeadshot_SCB_v00.mov,0,Wrong Frame Rate -CD,0,226,018,017,SCB,15.02s,,-R,,,,,226_WAS_Intros_1,01_SchofieldHeadshot,\226_WAS_Intros_1\01_SchofieldHeadshot\018_SchofieldHeadshot_SCB_v00.mov,-R,nclc,nclc,15034,253611796,1920,1080,1.778,CFR,30.000,479287050,PCM,Little / Signed,sowt,15034,2,L R,44100,16
,02_NapierHeadshot,021_NapierHeadshot_AUD_N_v00.mov,0,,0,226,021,002,AUD_N,15.03s,,-,,,,,226_WAS_Intros_1,02_NapierHeadshot,\226_WAS_Intros_1\02_NapierHeadshot\021_NapierHeadshot_AUD_N_v00.mov,-,nclc,nclc,15049,305618576,5280,800,6.600,CFR,29.970,578035345,PCM,Little / Signed,sowt,15049,2,L R,44100,16
,,022_NapierHeadshot_AUD_S_v00.mov,0,,0,226,022,003,AUD_S,15.03s,,-,,,,,226_WAS_Intros_1,02_NapierHeadshot,\226_WAS_Intros_1\02_NapierHeadshot\022_NapierHeadshot_AUD_S_v00.mov,-,nclc,nclc,15049,305622129,5280,800,6.600,CFR,29.970,578045514,PCM,Little / Signed,sowt,15049,2,L R,44100,16
,,023_NapierHeadshot_AUD_C_v00.mov,0,,0,226,023,004,AUD_C,15.03s,,-,,,,,226_WAS_Intros_1,02_NapierHeadshot,\226_WAS_Intros_1\02_NapierHeadshot\023_NapierHeadshot_AUD_C_v00.mov,-,nclc,nclc,15049,564897567,9760,800,12.200,CFR,29.970,1065933784,PCM,Little / Signed,sowt,15049,2,L R,44100,16
,,024_NapierHeadshot_RIB_F_v00.mov,0,,0,226,024,010,RIB_F,,,-F,,,,,226_WAS_Intros_1,02_NapierHeadshot,\226_WAS_Intros_1\02_NapierHeadshot\024_NapierHeadshot_RIB_F_v00.mov,-F,No File,No File,No File,No File,No File,No File,No File,No File,No File,No File,No File,No File,No File,No File,No File,No File,No File,No File
,,028_NapierHeadshot_SCB_v00.mov,0,,0,226,028,017,SCB,15.03s,,-,,,,,226_WAS_Intros_1,02_NapierHeadshot,\226_WAS_Intros_1\02_NapierHeadshot\028_NapierHeadshot_SCB_v00.mov,-,nclc,nclc,15049,297032295,1920,1080,1.778,CFR,29.970,561898484,PCM,Little / Signed,sowt,15049,2,L R,44100,16
,03_BrownJrHeadshot,031_BrownJrHeadshot_AUD_N_v00.mov,0,,0,226,031,002,AUD_N,15.03s,,-,,,,,226_WAS_Intros_1,03_BrownJrHeadshot,\226_WAS_Intros_1\03_BrownJrHeadshot\031_BrownJrHeadshot_AUD_N_v00.mov,-,nclc,nclc,15049,295208102,5280,800,6.600,CFR,29.970,558377895,PCM,Little / Signed,sowt,15049,2,L R,44100,16
,,032_BrownJrHeadshot_AUD_S_v00.mov,0,,0,226,032,003,AUD_S,15.03s,,-,,,,,226_WAS_Intros_1,03_BrownJrHeadshot,\226_WAS_Intros_1\03_BrownJrHeadshot\032_BrownJrHeadshot_AUD_S_v00.mov,-,nclc,nclc,15049,295212860,5280,800,6.600,CFR,29.970,558390335,PCM,Little / Signed,sowt,15049,2,L R,44100,16
,,033_BrownJrHeadshot_AUD_C_v00.mov,0,,0,226,033,004,AUD_C,15.03s,,-,,,,,226_WAS_Intros_1,03_BrownJrHeadshot,\226_WAS_Intros_1\03_BrownJrHeadshot\033_BrownJrHeadshot_AUD_C_v00.mov,-,nclc,nclc,15049,430699815,9760,800,12.200,CFR,29.970,813426557,PCM,Little / Signed,sowt,15049,2,L R,44100,16
,,034_BrownJrHeadshot_RIB_F_v00.mov,0,,0,226,034,010,RIB_F,,,-F,,,,,226_WAS_Intros_1,03_BrownJrHeadshot,\226_WAS_Intros_1\03_BrownJrHeadshot\034_BrownJrHeadshot_RIB_F_v00.mov,-F,No File,No File,No File,No File,No File,No File,No File,No File,No File,No File,No File,No File,No File,No File,No File,No File,No File,No File
,,038_BrownJrHeadshot_SCB_v00.mov,0,,0,226,038,017,SCB,15.03s,,-,,,,,226_WAS_Intros_1,03_BrownJrHeadshot,\226_WAS_Intros_1\03_BrownJrHeadshot\038_BrownJrHeadshot_SCB_v00.mov,-,nclc,nclc,15049,256337372,1920,1080,1.778,CFR,29.970,485274540,PCM,Little / Signed,sowt,15049,2,L R,44100,16
,04_HachimuraHeadshot,041_HachimuraHeadshot_AUD_N_v00.mov,0,,0,226,041,002,AUD_N,15.03s,,-,,,,,226_WAS_Intros_1,04_HachimuraHeadshot,\226_WAS_Intros_1\04_HachimuraHeadshot\041_HachimuraHeadshot_AUD_N_v00.mov,-,nclc,nclc,15049,313586589,5280,800,6.600,CFR,29.970,592955539,PCM,Little / Signed,sowt,15049,2,L R,44100,16
,,042_HachimuraHeadshot_AUD_S_v00.mov,0,,0,226,042,003,AUD_S,15.03s,,-,,,,,226_WAS_Intros_1,04_HachimuraHeadshot,\226_WAS_Intros_1\04_HachimuraHeadshot\042_HachimuraHeadshot_AUD_S_v00.mov,-,nclc,nclc,15049,313591617,5280,800,6.600,CFR,29.970,592968487,PCM,Little / Signed,sowt,15049,2,L R,44100,16
,,043_HachimuraHeadshot_AUD_C_v00.mov,0,,0,226,043,004,AUD_C,15.03s,,-,,,,,226_WAS_Intros_1,04_HachimuraHeadshot,\226_WAS_Intros_1\04_HachimuraHeadshot\043_HachimuraHeadshot_AUD_C_v00.mov,-,nclc,nclc,15049,451616609,9760,800,12.200,CFR,29.970,852781224,PCM,Little / Signed,sowt,15049,2,L R,44100,16
,,044_HachimuraHeadshot_RIB_F_v00.mov,0,,0,226,044,010,RIB_F,,,-F,,,,,226_WAS_Intros_1,04_HachimuraHeadshot,\226_WAS_Intros_1\04_HachimuraHeadshot\044_HachimuraHeadshot_RIB_F_v00.mov,-F,No File,No File,No File,No File,No File,No File,No File,No File,No File,No File,No File,No File,No File,No File,No File,No File,No File,No File
,,048_HachimuraHeadshot_SCB_v00.mov,0,,0,226,048,017,SCB,15.03s,,-,,,,,226_WAS_Intros_1,04_HachimuraHeadshot,\226_WAS_Intros_1\04_HachimuraHeadshot\048_HachimuraHeadshot_SCB_v00.mov,-,nclc,nclc,15049,277249703,1920,1080,1.778,CFR,29.970,524618465,PCM,Little / Signed,sowt,15049,2,L R,44100,16
,05_RobinsonHeadshot,051_RobinsonHeadshot_AUD_N_v00.mov,0,,0,226,051,002,AUD_N,15.03s,,-,,,,,226_WAS_Intros_1,05_RobinsonHeadshot,\226_WAS_Intros_1\05_RobinsonHeadshot\051_RobinsonHeadshot_AUD_N_v00.mov,-,nclc,nclc,15049,317805535,5280,800,6.600,CFR,29.970,600960213,PCM,Little / Signed,sowt,15049,2,L R,44100,16
,,052_RobinsonHeadshot_AUD_S_v00.mov,0,,0,226,052,003,AUD_S,15.03s,,-,,,,,226_WAS_Intros_1,05_RobinsonHeadshot,\226_WAS_Intros_1\05_RobinsonHeadshot\052_RobinsonHeadshot_AUD_S_v00.mov,-,nclc,nclc,15049,316650220,5280,800,6.600,CFR,29.970,598787010,PCM,Little / Signed,sowt,15049,2,L R,44100,16
,,053_RobinsonHeadshot_AUD_C_v00.mov,0,,0,226,053,004,AUD_C,15.03s,,-,,,,,226_WAS_Intros_1,05_RobinsonHeadshot,\226_WAS_Intros_1\05_RobinsonHeadshot\053_RobinsonHeadshot_AUD_C_v00.mov,-,nclc,nclc,15049,516448624,9760,800,12.200,CFR,29.970,974799630,PCM,Little / Signed,sowt,15049,2,L R,44100,16
,,054_RobinsonHeadshot_RIB_F_v00.mov,0,,0,226,054,010,RIB_F,,,-F,,,,,226_WAS_Intros_1,05_RobinsonHeadshot,\226_WAS_Intros_1\05_RobinsonHeadshot\054_RobinsonHeadshot_RIB_F_v00.mov,-F,No File,No File,No File,No File,No File,No File,No File,No File,No File,No File,No File,No File,No File,No File,No File,No File,No File,No File
,,058_RobinsonHeadshot_SCB_v00.mov,0,,0,226,058,017,SCB,15.03s,,-,,,,,226_WAS_Intros_1,05_RobinsonHeadshot,\226_WAS_Intros_1\05_RobinsonHeadshot\058_RobinsonHeadshot_SCB_v00.mov,-,nclc,nclc,15049,305560012,1920,1080,1.778,CFR,29.970,577940143,PCM,Little / Signed,sowt,15049,2,L R,44100,16
,06_BryantHeadshot,061_BryantHeadshot_AUD_N_v00.mov,0,,0,226,061,002,AUD_N,15.03s,,-,,,,,226_WAS_Intros_1,06_BryantHeadshot,\226_WAS_Intros_1\06_BryantHeadshot\061_BryantHeadshot_AUD_N_v00.mov,-,nclc,nclc,15049,329845465,5280,800,6.600,CFR,29.970,623531400,PCM,Little / Signed,sowt,15049,2,L R,44100,16
,,062_BryantHeadshot_AUD_S_v00.mov,0,,0,226,062,003,AUD_S,15.03s,,-,,,,,226_WAS_Intros_1,06_BryantHeadshot,\226_WAS_Intros_1\06_BryantHeadshot\062_BryantHeadshot_AUD_S_v00.mov,-,nclc,nclc,15049,329840899,5280,800,6.600,CFR,29.970,623526301,PCM,Little / Signed,sowt,15049,2,L R,44100,16
,,063_BryantHeadshot_AUD_C_v00.mov,0,,0,226,063,004,AUD_C,15.03s,,-,,,,,226_WAS_Intros_1,06_BryantHeadshot,\226_WAS_Intros_1\06_BryantHeadshot\063_BryantHeadshot_AUD_C_v00.mov,-,nclc,nclc,15049,429036113,9760,800,12.200,CFR,29.970,810296452,PCM,Little / Signed,sowt,15049,2,L R,44100,16
,,064_BryantHeadshot_RIB_F_v00.mov,0,,0,226,064,010,RIB_F,,,-F,,,,,226_WAS_Intros_1,06_BryantHeadshot,\226_WAS_Intros_1\06_BryantHeadshot\064_BryantHeadshot_RIB_F_v00.mov,-F,No File,No File,No File,No File,No File,No File,No File,No File,No File,No File,No File,No File,No File,No File,No File,No File,No File,No File
,,068_BryantHeadshot_SCB_v00.mov,0,,0,226,068,017,SCB,15.03s,,-,,,,,226_WAS_Intros_1,06_BryantHeadshot,\226_WAS_Intros_1\06_BryantHeadshot\068_BryantHeadshot_SCB_v00.mov,-,nclc,nclc,15049,278443108,1920,1080,1.778,CFR,29.970,526855455,PCM,Little / Signed,sowt,15049,2,L R,44100,16
226_WAS_Intros_1,07_SmithHeadshot,071_SmithHeadshot_AUD_N_v00.mov,0,,0,226,071,002,AUD_N,15.03s,,-,,,,,226_WAS_Intros_1,07_SmithHeadshot,\226_WAS_Intros_1\07_SmithHeadshot\071_SmithHeadshot_AUD_N_v00.mov,-,nclc,nclc,15049,302375193,5280,800,6.600,CFR,29.970,571847519,PCM,Little / Signed,sowt,15049,2,L R,44100,16
,,072_SmithHeadshot_AUD_S_v00.mov,0,,0,226,072,003,AUD_S,15.03s,,-,,,,,226_WAS_Intros_1,07_SmithHeadshot,\226_WAS_Intros_1\07_SmithHeadshot\072_SmithHeadshot_AUD_S_v00.mov,-,nclc,nclc,15049,302370605,5280,800,6.600,CFR,29.970,571838889,PCM,Little / Signed,sowt,15049,2,L R,44100,16
,,073_SmithHeadshot_AUD_C_v00.mov,0,,0,226,073,004,AUD_C,15.03s,,-,,,,,226_WAS_Intros_1,07_SmithHeadshot,\226_WAS_Intros_1\07_SmithHeadshot\073_SmithHeadshot_AUD_C_v00.mov,-,nclc,nclc,15049,422290666,9760,800,12.200,CFR,29.970,797431618,PCM,Little / Signed,sowt,15049,2,L R,44100,16
,,074_SmithHeadshot_RIB_F_v00.mov,0,,0,226,074,010,RIB_F,,,-F,,,,,226_WAS_Intros_1,07_SmithHeadshot,\226_WAS_Intros_1\07_SmithHeadshot\074_SmithHeadshot_RIB_F_v00.mov,-F,No File,No File,No File,No File,No File,No File,No File,No File,No File,No File,No File,No File,No File,No File,No File,No File,No File,No File
,,078_SmithHeadshot_SCB_v00.mov,0,,0,226,078,017,SCB,15.03s,,-,,,,,226_WAS_Intros_1,07_SmithHeadshot,\226_WAS_Intros_1\07_SmithHeadshot\078_SmithHeadshot_SCB_v00.mov,-,nclc,nclc,15049,276239470,1920,1080,1.778,CFR,29.970,522711294,PCM,Little / Signed,sowt,15049,2,L R,44100,16
,08_BongaHeadshot,081_BongaHeadshot_AUD_N_v00.mov,0,,0,226,081,002,AUD_N,15.03s,,-,,,,,226_WAS_Intros_1,08_BongaHeadshot,\226_WAS_Intros_1\08_BongaHeadshot\081_BongaHeadshot_AUD_N_v00.mov,-,nclc,nclc,15049,301878210,5280,800,6.600,CFR,29.970,570967257,PCM,Little / Signed,sowt,15049,2,L R,44100,16
,,082_BongaHeadshot_AUD_S_v00.mov,0,,0,226,082,003,AUD_S,15.03s,,-,,,,,226_WAS_Intros_1,08_BongaHeadshot,\226_WAS_Intros_1\08_BongaHeadshot\082_BongaHeadshot_AUD_S_v00.mov,-,nclc,nclc,15049,301402452,5280,800,6.600,CFR,29.970,570075823,PCM,Little / Signed,sowt,15049,2,L R,44100,16
,,083_BongaHeadshot_AUD_C_v00.mov,0,,0,226,083,004,AUD_C,15s,,-,,,,,226_WAS_Intros_1,08_BongaHeadshot,\226_WAS_Intros_1\08_BongaHeadshot\083_BongaHeadshot_AUD_C_v00.mov,-,nclc,nclc,15015,507301352,9760,800,12.200,CFR,29.970,955439781,PCM,Little / Signed,sowt,15015,2,L R,44100,16
,,084_BongaHeadshot_RIB_F_v00.mov,0,,0,226,084,010,RIB_F,,,-F,,,,,226_WAS_Intros_1,08_BongaHeadshot,\226_WAS_Intros_1\08_BongaHeadshot\084_BongaHeadshot_RIB_F_v00.mov,-F,No File,No File,No File,No File,No File,No File,No File,No File,No File,No File,No File,No File,No File,No File,No File,No File,No File,No File
,,088_BongaHeadshot_SCB_v00.mov,0,,0,226,088,017,SCB,15.03s,,-,,,,,226_WAS_Intros_1,08_BongaHeadshot,\226_WAS_Intros_1\08_BongaHeadshot\088_BongaHeadshot_SCB_v00.mov,-,nclc,nclc,15049,254423076,1920,1080,1.778,CFR,29.970,481716227,PCM,Little / Signed,sowt,15049,2,L R,44100,16
,09_PasecniksHeadshot,091_PasecniksHeadshot_AUD_N_v00.mov,0,,0,226,091,002,AUD_N,15.03s,,-,,,,,226_WAS_Intros_1,09_PasecniksHeadshot,\226_WAS_Intros_1\09_PasecniksHeadshot\091_PasecniksHeadshot_AUD_N_v00.mov,-,nclc,nclc,15049,311413264,5280,800,6.600,CFR,29.970,588892720,PCM,Little / Signed,sowt,15049,2,L R,44100,16
,,092_PasecniksHeadshot_AUD_S_v00.mov,0,,0,226,092,003,AUD_S,15.03s,,-,,,,,226_WAS_Intros_1,09_PasecniksHeadshot,\226_WAS_Intros_1\09_PasecniksHeadshot\092_PasecniksHeadshot_AUD_S_v00.mov,-,nclc,nclc,15049,311411713,5280,800,6.600,CFR,29.970,588893293,PCM,Little / Signed,sowt,15049,2,L R,44100,16
,,093_PasecniksHeadshot_AUD_C_v00.mov,0,,0,226,093,004,AUD_C,15.03s,,-,,,,,226_WAS_Intros_1,09_PasecniksHeadshot,\226_WAS_Intros_1\09_PasecniksHeadshot\093_PasecniksHeadshot_AUD_C_v00.mov,-,nclc,nclc,15049,483667056,9760,800,12.200,CFR,29.970,913092616,PCM,Little / Signed,sowt,15049,2,L R,44100,16
,,094_PasecniksHeadshot_RIB_F_v00.mov,0,,0,226,094,010,RIB_F,,,-F,,,,,226_WAS_Intros_1,09_PasecniksHeadshot,\226_WAS_Intros_1\09_PasecniksHeadshot\094_PasecniksHeadshot_RIB_F_v00.mov,-F,No File,No File,No File,No File,No File,No File,No File,No File,No File,No File,No File,No File,No File,No File,No File,No File,No File,No File
,,098_PasecniksHeadshot_SCB_v00.mov,0,,0,226,098,017,SCB,15.03s,,-,,,,,226_WAS_Intros_1,09_PasecniksHeadshot,\226_WAS_Intros_1\09_PasecniksHeadshot\098_PasecniksHeadshot_SCB_v00.mov,-,nclc,nclc,15049,253300157,1920,1080,1.778,CFR,29.970,479593707,PCM,Little / Signed,sowt,15049,2,L R,44100,16
,10_WilliamsHeadshot,101_WilliamsHeadshot_AUD_N_v00.mov,0,,0,226,101,002,AUD_N,15.03s,,-,,,,,226_WAS_Intros_1,10_WilliamsHeadshot,\226_WAS_Intros_1\10_WilliamsHeadshot\101_WilliamsHeadshot_AUD_N_v00.mov,-,nclc,nclc,15049,302677847,5280,800,6.600,CFR,29.970,572486703,PCM,Little / Signed,sowt,15049,2,L R,44100,16
,,102_WilliamsHeadshot_AUD_S_v00.mov,0,,0,226,102,003,AUD_S,15.03s,,-,,,,,226_WAS_Intros_1,10_WilliamsHeadshot,\226_WAS_Intros_1\10_WilliamsHeadshot\102_WilliamsHeadshot_AUD_S_v00.mov,-,nclc,nclc,15049,302678922,5280,800,6.600,CFR,29.970,572492215,PCM,Little / Signed,sowt,15049,2,L R,44100,16
,,103_WilliamsHeadshot_AUD_C_v00.mov,0,,0,226,103,004,AUD_C,15.03s,,-,,,,,226_WAS_Intros_1,10_WilliamsHeadshot,\226_WAS_Intros_1\10_WilliamsHeadshot\103_WilliamsHeadshot_AUD_C_v00.mov,-,nclc,nclc,15049,521351337,9760,800,12.200,CFR,29.970,984004268,PCM,Little / Signed,sowt,15049,2,L R,44100,16
,,104_WilliamsHeadshot_RIB_F_v00.mov,0,,0,226,104,010,RIB_F,,,-F,,,,,226_WAS_Intros_1,10_WilliamsHeadshot,\226_WAS_Intros_1\10_WilliamsHeadshot\104_WilliamsHeadshot_RIB_F_v00.mov,-F,No File,No File,No File,No File,No File,No File,No File,No File,No File,No File,No File,No File,No File,No File,No File,No File,No File,No File
,,108_WilliamsHeadshot_SCB_v00.mov,0,,0,226,108,017,SCB,15.03s,,-,,,,,226_WAS_Intros_1,10_WilliamsHeadshot,\226_WAS_Intros_1\10_WilliamsHeadshot\108_WilliamsHeadshot_SCB_v00.mov,-,nclc,nclc,15049,270039900,1920,1080,1.778,CFR,29.970,511107677,PCM,Little / Signed,sowt,15049,2,L R,44100,16
,11_PaytonHeadshot,111_PaytonHeadshot_AUD_N_v00.mov,0,,0,226,111,002,AUD_N,15.03s,,-,,,,,226_WAS_Intros_1,11_PaytonHeadshot,\226_WAS_Intros_1\11_PaytonHeadshot\111_PaytonHeadshot_AUD_N_v00.mov,-,nclc,nclc,15049,361865236,5280,800,6.600,CFR,29.970,683816792,PCM,Little / Signed,sowt,15049,2,L R,44100,16
,,112_PaytonHeadshot_AUD_S_v00.mov,0,,0,226,112,003,AUD_S,15.03s,,-,,,,,226_WAS_Intros_1,11_PaytonHeadshot,\226_WAS_Intros_1\11_PaytonHeadshot\112_PaytonHeadshot_AUD_S_v00.mov,-,nclc,nclc,15049,361867275,5280,800,6.600,CFR,29.970,683824117,PCM,Little / Signed,sowt,15049,2,L R,44100,16
,,113_PaytonHeadshot_AUD_C_v00.mov,0,,0,226,113,004,AUD_C,15.03s,,-,,,,,226_WAS_Intros_1,11_PaytonHeadshot,\226_WAS_Intros_1\11_PaytonHeadshot\113_PaytonHeadshot_AUD_C_v00.mov,-,nclc,nclc,15049,560211420,9760,800,12.200,CFR,29.970,1057097714,PCM,Little / Signed,sowt,15049,2,L R,44100,16
,,114_PaytonHeadshot_RIB_F_v00.mov,0,,0,226,114,010,RIB_F,,,-F,,,,,226_WAS_Intros_1,11_PaytonHeadshot,\226_WAS_Intros_1\11_PaytonHeadshot\114_PaytonHeadshot_RIB_F_v00.mov,-F,No File,No File,No File,No File,No File,No File,No File,No File,No File,No File,No File,No File,No File,No File,No File,No File,No File,No File
,,118_PaytonHeadshot_SCB_v00.mov,0,,0,226,118,017,SCB,15.03s,,-,,,,,226_WAS_Intros_1,11_PaytonHeadshot,\226_WAS_Intros_1\11_PaytonHeadshot\118_PaytonHeadshot_SCB_v00.mov,-,nclc,nclc,15049,307797624,1920,1080,1.778,CFR,29.970,582127547,PCM,Little / Signed,sowt,15049,2,L R,44100,16
,12_WagnerHeadshot,121_WagnerHeadshot_AUD_N_v00.mov,0,,0,226,121,002,AUD_N,15.03s,,-,,,,,226_WAS_Intros_1,12_WagnerHeadshot,\226_WAS_Intros_1\12_WagnerHeadshot\121_WagnerHeadshot_AUD_N_v00.mov,-,nclc,nclc,15049,313017611,5280,800,6.600,CFR,29.970,591921015,PCM,Little / Signed,sowt,15049,2,L R,44100,16
,,122_WagnerHeadshot_AUD_S_v00.mov,0,,0,226,122,003,AUD_S,15.03s,,-,,,,,226_WAS_Intros_1,12_WagnerHeadshot,\226_WAS_Intros_1\12_WagnerHeadshot\122_WagnerHeadshot_AUD_S_v00.mov,-,nclc,nclc,15049,312510861,5280,800,6.600,CFR,29.970,590971285,PCM,Little / Signed,sowt,15049,2,L R,44100,16
,,123_WagnerHeadshot_AUD_C_v00.mov,0,,0,226,123,004,AUD_C,15s,,-,,,,,226_WAS_Intros_1,12_WagnerHeadshot,\226_WAS_Intros_1\12_WagnerHeadshot\123_WagnerHeadshot_AUD_C_v00.mov,-,nclc,nclc,15015,516540029,9760,800,12.200,CFR,29.970,972779655,PCM,Little / Signed,sowt,15015,2,L R,44100,16
,,124_WagnerHeadshot_RIB_F_v00.mov,0,,0,226,124,010,RIB_F,,,-F,,,,,226_WAS_Intros_1,12_WagnerHeadshot,\226_WAS_Intros_1\12_WagnerHeadshot\124_WagnerHeadshot_RIB_F_v00.mov,-F,No File,No File,No File,No File,No File,No File,No File,No File,No File,No File,No File,No File,No File,No File,No File,No File,No File,No File
,,128_WagnerHeadshot_SCB_v00.mov,0,,0,226,128,017,SCB,15.03s,,-,,,,,226_WAS_Intros_1,12_WagnerHeadshot,\226_WAS_Intros_1\12_WagnerHeadshot\128_WagnerHeadshot_SCB_v00.mov,-,nclc,nclc,15049,244762948,1920,1080,1.778,CFR,29.970,463545080,PCM,Little / Signed,sowt,15049,2,L R,44100,16
,13_GrantHeadshot,131_GrantHeadshot_AUD_N_v00.mov,0,,0,226,131,002,AUD_N,15.03s,,-,,,,,226_WAS_Intros_1,13_GrantHeadshot,\226_WAS_Intros_1\13_GrantHeadshot\131_GrantHeadshot_AUD_N_v00.mov,-,nclc,nclc,15049,293775448,5280,800,6.600,CFR,29.970,555697337,PCM,Little / Signed,sowt,15049,2,L R,44100,16
,,132_GrantHeadshot_AUD_S_v00.mov,0,,0,226,132,003,AUD_S,15.03s,,-,,,,,226_WAS_Intros_1,13_GrantHeadshot,\226_WAS_Intros_1\13_GrantHeadshot\132_GrantHeadshot_AUD_S_v00.mov,-,nclc,nclc,15049,293778726,5280,800,6.600,CFR,29.970,555703503,PCM,Little / Signed,sowt,15049,2,L R,44100,16
,,133_GrantHeadshot_AUD_C_v00.mov,0,,0,226,133,004,AUD_C,15.03s,,-,,,,,226_WAS_Intros_1,13_GrantHeadshot,\226_WAS_Intros_1\13_GrantHeadshot\133_GrantHeadshot_AUD_C_v00.mov,-,nclc,nclc,15049,449813383,9760,800,12.200,CFR,29.970,849229502,PCM,Little / Signed,sowt,15049,2,L R,44100,16
,,134_GrantHeadshot_RIB_F_v00.mov,0,,0,226,134,010,RIB_F,,,-F,,,,,226_WAS_Intros_1,13_GrantHeadshot,\226_WAS_Intros_1\13_GrantHeadshot\134_GrantHeadshot_RIB_F_v00.mov,-F,No File,No File,No File,No File,No File,No File,No File,No File,No File,No File,No File,No File,No File,No File,No File,No File,No File,No File
,,138_GrantHeadshot_SCB_v00.mov,0,,0,226,138,017,SCB,15.03s,,-,,,,,226_WAS_Intros_1,13_GrantHeadshot,\226_WAS_Intros_1\13_GrantHeadshot\138_GrantHeadshot_SCB_v00.mov,-,nclc,nclc,15049,271519103,1920,1080,1.778,CFR,29.970,513846432,PCM,Little / Signed,sowt,15049,2,L R,44100,16
227_WAS_Intros_2,00_MathewsHeadshot,001_MathewsHeadshot_AUD_N_v00.mov,0,,0,227,001,002,AUD_N,15.03s,,-,,,,,227_WAS_Intros_2,00_MathewsHeadshot,\227_WAS_Intros_2\00_MathewsHeadshot\001_MathewsHeadshot_AUD_N_v00.mov,-,nclc,nclc,15049,314034923,5280,800,6.600,CFR,29.970,593809116,PCM,Little / Signed,sowt,15049,2,L R,44100,16
,,002_MathewsHeadshot_AUD_S_v00.mov,0,,0,227,002,003,AUD_S,15.03s,,-,,,,,227_WAS_Intros_2,00_MathewsHeadshot,\227_WAS_Intros_2\00_MathewsHeadshot\002_MathewsHeadshot_AUD_S_v00.mov,-,nclc,nclc,15049,314038188,5280,800,6.600,CFR,29.970,593818748,PCM,Little / Signed,sowt,15049,2,L R,44100,16
,,003_MathewsHeadshot_AUD_C_v00.mov,0,,0,227,003,004,AUD_C,15.03s,,-,,,,,227_WAS_Intros_2,00_MathewsHeadshot,\227_WAS_Intros_2\00_MathewsHeadshot\003_MathewsHeadshot_AUD_C_v00.mov,-,nclc,nclc,15049,497561739,9760,800,12.200,CFR,29.970,939214092,PCM,Little / Signed,sowt,15049,2,L R,44100,16
,,004_MathewsHeadshot_RIB_F_v00.mov,0,,0,227,004,010,RIB_F,,,-F,,,,,227_WAS_Intros_2,00_MathewsHeadshot,\227_WAS_Intros_2\00_MathewsHeadshot\004_MathewsHeadshot_RIB_F_v00.mov,-F,No File,No File,No File,No File,No File,No File,No File,No File,No File,No File,No File,No File,No File,No File,No File,No File,No File,No File
,,008_MathewsHeadshot_SCB_v00.mov,0,,0,227,008,017,SCB,15.03s,,-,,,,,227_WAS_Intros_2,00_MathewsHeadshot,\227_WAS_Intros_2\00_MathewsHeadshot\008_MathewsHeadshot_SCB_v00.mov,-,nclc,nclc,15049,258930040,1920,1080,1.778,CFR,29.970,490168543,PCM,Little / Signed,sowt,15049,2,L R,44100,16
,01_MahinmiHeadshot,011_MahinmiHeadshot_AUD_N_v00.mov,0,,0,227,011,002,AUD_N,15.03s,,-,,,,,227_WAS_Intros_2,01_MahinmiHeadshot,\227_WAS_Intros_2\01_MahinmiHeadshot\011_MahinmiHeadshot_AUD_N_v00.mov,-,nclc,nclc,15049,303912482,5280,800,6.600,CFR,29.970,574768291,PCM,Little / Signed,sowt,15049,2,L R,44100,16
,,012_MahinmiHeadshot_AUD_S_v00.mov,0,,0,227,012,003,AUD_S,15.03s,,-,,,,,227_WAS_Intros_2,01_MahinmiHeadshot,\227_WAS_Intros_2\01_MahinmiHeadshot\012_MahinmiHeadshot_AUD_S_v00.mov,-,nclc,nclc,15049,303897792,5280,800,6.600,CFR,29.970,574744149,PCM,Little / Signed,sowt,15049,2,L R,44100,16
,,013_MahinmiHeadshot_AUD_C_v00.mov,0,,0,227,013,004,AUD_C,15.03s,,-,,,,,227_WAS_Intros_2,01_MahinmiHeadshot,\227_WAS_Intros_2\01_MahinmiHeadshot\013_MahinmiHeadshot_AUD_C_v00.mov,-,nclc,nclc,15049,506323725,9760,800,12.200,CFR,29.970,955695782,PCM,Little / Signed,sowt,15049,2,L R,44100,16
,,014_MahinmiHeadshot_RIB_F_v00.mov,0,,0,227,014,010,RIB_F,,,-F,,,,,227_WAS_Intros_2,01_MahinmiHeadshot,\227_WAS_Intros_2\01_MahinmiHeadshot\014_MahinmiHeadshot_RIB_F_v00.mov,-F,No File,No File,No File,No File,No File,No File,No File,No File,No File,No File,No File,No File,No File,No File,No File,No File,No File,No File
,,018_MahinmiHeadshot_SCB_v00.mov,0,,0,227,018,017,SCB,15.03s,,-,,,,,227_WAS_Intros_2,01_MahinmiHeadshot,\227_WAS_Intros_2\01_MahinmiHeadshot\018_MahinmiHeadshot_SCB_v00.mov,-,nclc,nclc,15049,262696337,1920,1080,1.778,CFR,29.970,497253098,PCM,Little / Signed,sowt,15049,2,L R,44100,16
,02_CoachHeadshot,021_CoachHeadshot_AUD_N_v00.mov,0,,0,227,021,002,AUD_N,15.03s,,-,,,,,227_WAS_Intros_2,02_CoachHeadshot,\227_WAS_Intros_2\02_CoachHeadshot\021_CoachHeadshot_AUD_N_v00.mov,-,nclc,nclc,15049,316688850,5280,800,6.600,CFR,29.970,598801247,PCM,Little / Signed,sowt,15049,2,L R,44100,16
,,022_CoachHeadshot_AUD_S_v00.mov,0,,0,227,022,003,AUD_S,15.03s,,-,,,,,227_WAS_Intros_2,02_CoachHeadshot,\227_WAS_Intros_2\02_CoachHeadshot\022_CoachHeadshot_AUD_S_v00.mov,-,nclc,nclc,15049,316678401,5280,800,6.600,CFR,29.970,598781593,PCM,Little / Signed,sowt,15049,2,L R,44100,16
,,023_CoachHeadshot_AUD_C_v00.mov,0,,0,227,023,004,AUD_C,15.03s,,-,,,,,227_WAS_Intros_2,02_CoachHeadshot,\227_WAS_Intros_2\02_CoachHeadshot\023_CoachHeadshot_AUD_C_v00.mov,-,nclc,nclc,15049,590585067,9760,800,12.200,CFR,29.970,1114195383,PCM,Little / Signed,sowt,15049,2,L R,44100,16
,,024_CoachHeadshot_RIB_F_v00.mov,0,,0,227,024,010,RIB_F,,,-F,,,,,227_WAS_Intros_2,02_CoachHeadshot,\227_WAS_Intros_2\02_CoachHeadshot\024_CoachHeadshot_RIB_F_v00.mov,-F,No File,No File,No File,No File,No File,No File,No File,No File,No File,No File,No File,No File,No File,No File,No File,No File,No File,No File
,,028_CoachHeadshot_SCB_v00.mov,0,,0,227,028,017,SCB,15.03s,,-,,,,,227_WAS_Intros_2,02_CoachHeadshot,\227_WAS_Intros_2\02_CoachHeadshot\028_CoachHeadshot_SCB_v00.mov,-,nclc,nclc,15049,285570165,1920,1080,1.778,CFR,29.970,540279859,PCM,Little / Signed,sowt,15049,2,L R,44100,16
,03_DennisIntro,030_DennisIntro_AUDIO_v00.mov,0,Wrong sample rate -CD,0,227,030,024,AUDIO,8.17s,,-A,,,Intro into the starters ,,227_WAS_Intros_2,03_DennisIntro,\227_WAS_Intros_2\03_DennisIntro\030_DennisIntro_AUDIO_v00.mov,-A,nclc,nclc,8175,92963,16,16,1.000,CFR,29.970,1715715,PCM,Little / Signed,sowt,8175,2,L R,44100,16
,,031_DennisIntro_AUD_N_v00.mov,0,,0,227,031,002,AUD_N,8.17s,,-,,,,,227_WAS_Intros_2,03_DennisIntro,\227_WAS_Intros_2\03_DennisIntro\031_DennisIntro_AUD_N_v00.mov,-,nclc,nclc,8175,305220443,5280,800,6.600,CFR,29.970,314004859,PCM,Little / Signed,sowt,8175,2,L R,44100,16
,,032_DennisIntro_AUD_S_v00.mov,0,,0,227,032,003,AUD_S,8.17s,,-,,,,,227_WAS_Intros_2,03_DennisIntro,\227_WAS_Intros_2\03_DennisIntro\032_DennisIntro_AUD_S_v00.mov,-,nclc,nclc,8175,305227919,5280,800,6.600,CFR,29.970,314015989,PCM,Little / Signed,sowt,8175,2,L R,44100,16
,,033_DennisIntro_AUD_C_v00.mov,0,,0,227,033,004,AUD_C,8.17s,,-,,,,,227_WAS_Intros_2,03_DennisIntro,\227_WAS_Intros_2\03_DennisIntro\033_DennisIntro_AUD_C_v00.mov,-,nclc,nclc,8175,1264577172,9760,800,12.200,CFR,29.970,1294778547,PCM,Little / Signed,sowt,8175,2,L R,44100,16
,,034_DennisIntro_RIB_F_v00.mov,0,,0,227,034,010,RIB_F,8.17s,,-,,,,,227_WAS_Intros_2,03_DennisIntro,\227_WAS_Intros_2\03_DennisIntro\034_DennisIntro_RIB_F_v00.mov,-,nclc,nclc,8175,59136406,9504,144,66.000,CFR,29.970,62690343,PCM,Little / Signed,sowt,8175,2,L R,44100,16
,,038_DennisIntro_SCB_v00.mov,0,,0,227,038,017,SCB,8.17s,,-,,,,,227_WAS_Intros_2,03_DennisIntro,\227_WAS_Intros_2\03_DennisIntro\038_DennisIntro_SCB_v00.mov,-,nclc,nclc,8175,398951500,1920,1080,1.778,CFR,29.970,409287894,PCM,Little / Signed,sowt,8175,2,L R,44100,16
228_WAS_Intros_3,,,,,,,,,,,,-,,,,,228_WAS_Intros_3,03_DennisIntro,Skip,-,-,-,-,-,-,-,-,-,-,-,-,-,-,-,-,-,-,-
229_WAS_CRN_ROTATE,,,,,,,,,,,,-,,,,,229_WAS_CRN_ROTATE,03_DennisIntro,Skip,-,-,-,-,-,-,-,-,-,-,-,-,-,-,-,-,-,-,-
,,,,,,,,,,,,-,,,,,229_WAS_CRN_ROTATE,03_DennisIntro,Skip,-,-,-,-,-,-,-,-,-,-,-,-,-,-,-,-,-,-,-
,,,,,,,,,,,,-,,,,,229_WAS_CRN_ROTATE,03_DennisIntro,Skip,-,-,-,-,-,-,-,-,-,-,-,-,-,-,-,-,-,-,-
,,,,,,,,,,,,-,,,,,229_WAS_CRN_ROTATE,03_DennisIntro,Skip,-,-,-,-,-,-,-,-,-,-,-,-,-,-,-,-,-,-,-
,,,,,,,,,,,,-,,,,,229_WAS_CRN_ROTATE,03_DennisIntro,Skip,-,-,-,-,-,-,-,-,-,-,-,-,-,-,-,-,-,-,-
,,,,,,,,,,,,-,,,,,229_WAS_CRN_ROTATE,03_DennisIntro,Skip,-,-,-,-,-,-,-,-,-,-,-,-,-,-,-,-,-,-,-
,,,,,,,,,,,,-,,,,,229_WAS_CRN_ROTATE,03_DennisIntro,Skip,-,-,-,-,-,-,-,-,-,-,-,-,-,-,-,-,-,-,-
,,,,,,,,,,,,-,,,,,229_WAS_CRN_ROTATE,03_DennisIntro,Skip,-,-,-,-,-,-,-,-,-,-,-,-,-,-,-,-,-,-,-
,,,,,,,,,,,,-,,,,,229_WAS_CRN_ROTATE,03_DennisIntro,Skip,-,-,-,-,-,-,-,-,-,-,-,-,-,-,-,-,-,-,-
,,,,,,,,,,,,-,,,,,229_WAS_CRN_ROTATE,03_DennisIntro,Skip,-,-,-,-,-,-,-,-,-,-,-,-,-,-,-,-,-,-,-
,,,,,,,,,,,,-,,,,,229_WAS_CRN_ROTATE,03_DennisIntro,Skip,-,-,-,-,-,-,-,-,-,-,-,-,-,-,-,-,-,-,-
,,,,,,,,,,,,-,,,,,229_WAS_CRN_ROTATE,03_DennisIntro,Skip,-,-,-,-,-,-,-,-,-,-,-,-,-,-,-,-,-,-,-
,,,,,,,,,,,,-,,,,,229_WAS_CRN_ROTATE,03_DennisIntro,Skip,-,-,-,-,-,-,-,-,-,-,-,-,-,-,-,-,-,-,-
,,,,,,,,,,,,-,,,,,229_WAS_CRN_ROTATE,03_DennisIntro,Skip,-,-,-,-,-,-,-,-,-,-,-,-,-,-,-,-,-,-,-
,,,,,,,,,,,,-,,,,,229_WAS_CRN_ROTATE,03_DennisIntro,Skip,-,-,-,-,-,-,-,-,-,-,-,-,-,-,-,-,-,-,-
,,,,,,,,,,,,-,,,,,229_WAS_CRN_ROTATE,03_DennisIntro,Skip,-,-,-,-,-,-,-,-,-,-,-,-,-,-,-,-,-,-,-
,,,,,,,,,,,,-,,,,,229_WAS_CRN_ROTATE,03_DennisIntro,Skip,-,-,-,-,-,-,-,-,-,-,-,-,-,-,-,-,-,-,-
,,,,,,,,,,,,-,,,,,229_WAS_CRN_ROTATE,03_DennisIntro,Skip,-,-,-,-,-,-,-,-,-,-,-,-,-,-,-,-,-,-,-
,,,,,,,,,,,,-,,,,,229_WAS_CRN_ROTATE,03_DennisIntro,Skip,-,-,-,-,-,-,-,-,-,-,-,-,-,-,-,-,-,-,-
,,,,,,,,,,,,-,,,,,229_WAS_CRN_ROTATE,03_DennisIntro,Skip,-,-,-,-,-,-,-,-,-,-,-,-,-,-,-,-,-,-,-
,,,,,,,,,,,,-,,,,,229_WAS_CRN_ROTATE,03_DennisIntro,Skip,-,-,-,-,-,-,-,-,-,-,-,-,-,-,-,-,-,-,-
,,,,,,,,,,,,-,,,,,229_WAS_CRN_ROTATE,03_DennisIntro,Skip,-,-,-,-,-,-,-,-,-,-,-,-,-,-,-,-,-,-,-
,,,,,,,,,,,,-,,,,,229_WAS_CRN_ROTATE,03_DennisIntro,Skip,-,-,-,-,-,-,-,-,-,-,-,-,-,-,-,-,-,-,-
,,,,,,,,,,,,-,,,,,229_WAS_CRN_ROTATE,03_DennisIntro,Skip,-,-,-,-,-,-,-,-,-,-,-,-,-,-,-,-,-,-,-
,,,,,,,,,,,,-,,,,,229_WAS_CRN_ROTATE,03_DennisIntro,Skip,-,-,-,-,-,-,-,-,-,-,-,-,-,-,-,-,-,-,-
,,,,,,,,,,,,-,,,,,229_WAS_CRN_ROTATE,03_DennisIntro,Skip,-,-,-,-,-,-,-,-,-,-,-,-,-,-,-,-,-,-,-
,,,,,,,,,,,,-,,,,,229_WAS_CRN_ROTATE,03_DennisIntro,Skip,-,-,-,-,-,-,-,-,-,-,-,-,-,-,-,-,-,-,-
,,,,,,,,,,,,-,,,,,229_WAS_CRN_ROTATE,03_DennisIntro,Skip,-,-,-,-,-,-,-,-,-,-,-,-,-,-,-,-,-,-,-
,,,,,,,,,,,,-,,,,,229_WAS_CRN_ROTATE,03_DennisIntro,Skip,-,-,-,-,-,-,-,-,-,-,-,-,-,-,-,-,-,-,-
,,,,,,,,,,,,-,,,,,229_WAS_CRN_ROTATE,03_DennisIntro,Skip,-,-,-,-,-,-,-,-,-,-,-,-,-,-,-,-,-,-,-
,,,,,,,,,,,,-,,,,,229_WAS_CRN_ROTATE,03_DennisIntro,Skip,-,-,-,-,-,-,-,-,-,-,-,-,-,-,-,-,-,-,-
,,,,,,,,,,,,-,,,,,229_WAS_CRN_ROTATE,03_DennisIntro,Skip,-,-,-,-,-,-,-,-,-,-,-,-,-,-,-,-,-,-,-
,,,,,,,,,,,,-,,,,,229_WAS_CRN_ROTATE,03_DennisIntro,Skip,-,-,-,-,-,-,-,-,-,-,-,-,-,-,-,-,-,-,-
,,,,,,,,,,,,-,,,,,229_WAS_CRN_ROTATE,03_DennisIntro,Skip,-,-,-,-,-,-,-,-,-,-,-,-,-,-,-,-,-,-,-
,,,,,,,,,,,,-,,,,,229_WAS_CRN_ROTATE,03_DennisIntro,Skip,-,-,-,-,-,-,-,-,-,-,-,-,-,-,-,-,-,-,-
,,,,,,,,,,,,-,,,,,229_WAS_CRN_ROTATE,03_DennisIntro,Skip,-,-,-,-,-,-,-,-,-,-,-,-,-,-,-,-,-,-,-
,,,,,,,,,,,,-,,,,,229_WAS_CRN_ROTATE,03_DennisIntro,Skip,-,-,-,-,-,-,-,-,-,-,-,-,-,-,-,-,-,-,-
,,,,,,,,,,,,-,,,,,229_WAS_CRN_ROTATE,03_DennisIntro,Skip,-,-,-,-,-,-,-,-,-,-,-,-,-,-,-,-,-,-,-
,,,,,,,,,,,,-,,,,,229_WAS_CRN_ROTATE,03_DennisIntro,Skip,-,-,-,-,-,-,-,-,-,-,-,-,-,-,-,-,-,-,-
,,,,,,,,,,,,-,,,,,229_WAS_CRN_ROTATE,03_DennisIntro,Skip,-,-,-,-,-,-,-,-,-,-,-,-,-,-,-,-,-,-,-
,,,,,,,,,,,,-,,,,,229_WAS_CRN_ROTATE,03_DennisIntro,Skip,-,-,-,-,-,-,-,-,-,-,-,-,-,-,-,-,-,-,-
,,,,,,,,,,,,-,,,,,229_WAS_CRN_ROTATE,03_DennisIntro,Skip,-,-,-,-,-,-,-,-,-,-,-,-,-,-,-,-,-,-,-
,,,,,,,,,,,,-,,,,,229_WAS_CRN_ROTATE,03_DennisIntro,Skip,-,-,-,-,-,-,-,-,-,-,-,-,-,-,-,-,-,-,-
,,,,,,,,,,,,-,,,,,229_WAS_CRN_ROTATE,03_DennisIntro,Skip,-,-,-,-,-,-,-,-,-,-,-,-,-,-,-,-,-,-,-
,,,,,,,,,,,,-,,,,,229_WAS_CRN_ROTATE,03_DennisIntro,Skip,-,-,-,-,-,-,-,-,-,-,-,-,-,-,-,-,-,-,-
,,,,,,,,,,,,-,,,,,229_WAS_CRN_ROTATE,03_DennisIntro,Skip,-,-,-,-,-,-,-,-,-,-,-,-,-,-,-,-,-,-,-
,,,,,,,,,,,,-,,,,,229_WAS_CRN_ROTATE,03_DennisIntro,Skip,-,-,-,-,-,-,-,-,-,-,-,-,-,-,-,-,-,-,-
,,,,,,,,,,,,-,,,,,229_WAS_CRN_ROTATE,03_DennisIntro,Skip,-,-,-,-,-,-,-,-,-,-,-,-,-,-,-,-,-,-,-
,,,,,,,,,,,,-,,,,,229_WAS_CRN_ROTATE,03_DennisIntro,Skip,-,-,-,-,-,-,-,-,-,-,-,-,-,-,-,-,-,-,-
,,,,,,,,,,,,-,,,,,229_WAS_CRN_ROTATE,03_DennisIntro,Skip,-,-,-,-,-,-,-,-,-,-,-,-,-,-,-,-,-,-,-
,,,,,,,,,,,,-,,,,,229_WAS_CRN_ROTATE,03_DennisIntro,Skip,-,-,-,-,-,-,-,-,-,-,-,-,-,-,-,-,-,-,-
,,,,,,,,,,,,-,,,,,229_WAS_CRN_ROTATE,03_DennisIntro,Skip,-,-,-,-,-,-,-,-,-,-,-,-,-,-,-,-,-,-,-
,,,,,,,,,,,,-,,,,,229_WAS_CRN_ROTATE,03_DennisIntro,Skip,-,-,-,-,-,-,-,-,-,-,-,-,-,-,-,-,-,-,-
,,,,,,,,,,,,-,,,,,229_WAS_CRN_ROTATE,03_DennisIntro,Skip,-,-,-,-,-,-,-,-,-,-,-,-,-,-,-,-,-,-,-
,,,,,,,,,,,,-,,,,,229_WAS_CRN_ROTATE,03_DennisIntro,Skip,-,-,-,-,-,-,-,-,-,-,-,-,-,-,-,-,-,-,-
,,,,,,,,,,,,-,,,,,229_WAS_CRN_ROTATE,03_DennisIntro,Skip,-,-,-,-,-,-,-,-,-,-,-,-,-,-,-,-,-,-,-
,,,,,,,,,,,,-,,,,,229_WAS_CRN_ROTATE,03_DennisIntro,Skip,-,-,-,-,-,-,-,-,-,-,-,-,-,-,-,-,-,-,-
,,,,,,,,,,,,-,,,,,229_WAS_CRN_ROTATE,03_DennisIntro,Skip,-,-,-,-,-,-,-,-,-,-,-,-,-,-,-,-,-,-,-
,,,,,,,,,,,,-,,,,,229_WAS_CRN_ROTATE,03_DennisIntro,Skip,-,-,-,-,-,-,-,-,-,-,-,-,-,-,-,-,-,-,-
,,,,,,,,,,,,-,,,,,229_WAS_CRN_ROTATE,03_DennisIntro,Skip,-,-,-,-,-,-,-,-,-,-,-,-,-,-,-,-,-,-,-
,,,,,,,,,,,,-,,,,,229_WAS_CRN_ROTATE,03_DennisIntro,Skip,-,-,-,-,-,-,-,-,-,-,-,-,-,-,-,-,-,-,-
,,,,,,,,,,,,-,,,,,229_WAS_CRN_ROTATE,03_DennisIntro,Skip,-,-,-,-,-,-,-,-,-,-,-,-,-,-,-,-,-,-,-
,,,,,,,,,,,,-,,,,,229_WAS_CRN_ROTATE,03_DennisIntro,Skip,-,-,-,-,-,-,-,-,-,-,-,-,-,-,-,-,-,-,-
,,,,,,,,,,,,-,,,,,229_WAS_CRN_ROTATE,03_DennisIntro,Skip,-,-,-,-,-,-,-,-,-,-,-,-,-,-,-,-,-,-,-
,,,,,,,,,,,,-,,,,,229_WAS_CRN_ROTATE,03_DennisIntro,Skip,-,-,-,-,-,-,-,-,-,-,-,-,-,-,-,-,-,-,-
,,,,,,,,,,,,-,,,,,229_WAS_CRN_ROTATE,03_DennisIntro,Skip,-,-,-,-,-,-,-,-,-,-,-,-,-,-,-,-,-,-,-
,,,,,,,,,,,,-,,,,,229_WAS_CRN_ROTATE,03_DennisIntro,Skip,-,-,-,-,-,-,-,-,-,-,-,-,-,-,-,-,-,-,-
,,,,,,,,,,,,-,,,,,229_WAS_CRN_ROTATE,03_DennisIntro,Skip,-,-,-,-,-,-,-,-,-,-,-,-,-,-,-,-,-,-,-
,,,,,,,,,,,,-,,,,,229_WAS_CRN_ROTATE,03_DennisIntro,Skip,-,-,-,-,-,-,-,-,-,-,-,-,-,-,-,-,-,-,-
,,,,,,,,,,,,-,,,,,229_WAS_CRN_ROTATE,03_DennisIntro,Skip,-,-,-,-,-,-,-,-,-,-,-,-,-,-,-,-,-,-,-
,,,,,,,,,,,,-,,,,,229_WAS_CRN_ROTATE,03_DennisIntro,Skip,-,-,-,-,-,-,-,-,-,-,-,-,-,-,-,-,-,-,-
,,,,,,,,,,,,-,,,,,229_WAS_CRN_ROTATE,03_DennisIntro,Skip,-,-,-,-,-,-,-,-,-,-,-,-,-,-,-,-,-,-,-
,,,,,,,,,,,,-,,,,,229_WAS_CRN_ROTATE,03_DennisIntro,Skip,-,-,-,-,-,-,-,-,-,-,-,-,-,-,-,-,-,-,-
,,,,,,,,,,,,-,,,,,229_WAS_CRN_ROTATE,03_DennisIntro,Skip,-,-,-,-,-,-,-,-,-,-,-,-,-,-,-,-,-,-,-
,,,,,,,,,,,,-,,,,,229_WAS_CRN_ROTATE,03_DennisIntro,Skip,-,-,-,-,-,-,-,-,-,-,-,-,-,-,-,-,-,-,-